Timestamp,Source,Missing_PPE,Detected_Classes
2026-07-26 17:09:00,CCTV Stream,"Helmet, Safety Vest",None
2026-07-26 17:09:00,CCTV Stream,"Helmet, Safety Vest",None
2026-07-26 17:09:01,CCTV Stream,"Helmet, Safety Vest",None
2026-07-26 17:09:01,CCTV Stream,"Helmet, Safety Vest",None
2026-07-26 17:09:01,CCTV Stream,"Helmet, Safety Vest",None
2026-07-26 17:09:01,CCTV Stream,"Helmet, Safety Vest",None
2026-07-26 17:09:01,CCTV Stream,"Helmet, Safety Vest",None
2026-07-26 17:09:01,CCTV Stream,"Helmet, Safety Vest",None
2026-07-26 17:09:01,CCTV Stream,"Helmet, Safety Vest",None
2026-07-26 17:09:01,CCTV Stream,"Helmet, Safety Vest",None
2026-07-26 17:09:01,CCTV Stream,"Helmet, Safety Vest",None
2026-07-26 17:09:01,CCTV Stream,"Helmet, Safety Vest",None
2026-07-26 17:09:01,CCTV Stream,"Helmet, Safety Vest",None
2026-07-26 17:09:01,CCTV Stream,"Helmet, Safety Vest",None
2026-07-26 17:09:01,CCTV Stream,"Helmet, Safety Vest",None
2026-07-26 17:09:01,CCTV Stream,"Helmet, Safety Vest",None
2026-07-26 17:09:01,CCTV Stream,"Helmet, Safety Vest",None
2026-07-26 17:09:02,CCTV Stream,"Helmet, Safety Vest",None
2026-07-26 17:09:02,CCTV Stream,"Helmet, Safety Vest",None
2026-07-26 17:09:02,CCTV Stream,"Helmet, Safety Vest",None
2026-07-26 17:09:02,CCTV Stream,"Helmet, Safety Vest",None
2026-07-26 17:09:02,CCTV Stream,"Helmet, Safety Vest",None
2026-07-26 17:09:02,CCTV Stream,"Helmet, Safety Vest",None
2026-07-26 17:09:02,CCTV Stream,"Helmet, Safety Vest",None
2026-07-26 17:09:02,CCTV Stream,"Helmet, Safety Vest",None
2026-07-26 17:09:02,CCTV Stream,"Helmet, Safety Vest",None
2026-07-26 17:09:02,CCTV Stream,"Helmet, Safety Vest",None
2026-07-26 17:09:02,CCTV Stream,"Helmet, Safety Vest",None
2026-07-26 17:09:02,CCTV Stream,"Helmet, Safety Vest",None
2026-07-26 17:09:02,CCTV Stream,"Helmet, Safety Vest",None
2026-07-26 17:09:02,CCTV Stream,"Helmet, Safety Vest",None
2026-07-26 17:09:02,CCTV Stream,"Helmet, Safety Vest",None
2026-07-26 17:09:02,CCTV Stream,"Helmet, Safety Vest",None
2026-07-26 17:09:03,CCTV Stream,"Helmet, Safety Vest",None
2026-07-26 17:09:03,CCTV Stream,"Helmet, Safety Vest",None
2026-07-26 17:09:03,CCTV Stream,"Helmet, Safety Vest",None
2026-07-26 17:09:03,CCTV Stream,"Helmet, Safety Vest",None
2026-07-26 17:09:03,CCTV Stream,"Helmet, Safety Vest",None
2026-07-26 17:09:03,CCTV Stream,"Helmet, Safety Vest",None
2026-07-26 17:09:03,CCTV Stream,"Helmet, Safety Vest",None
2026-07-26 17:09:03,CCTV Stream,"Helmet, Safety Vest",None
2026-07-26 17:09:03,CCTV Stream,"Helmet, Safety Vest",None
2026-07-26 17:09:03,CCTV Stream,"Helmet, Safety Vest",None
2026-07-26 17:09:03,CCTV Stream,"Helmet, Safety Vest",None
2026-07-26 17:09:03,CCTV Stream,"Helmet, Safety Vest",None
2026-07-26 17:09:03,CCTV Stream,"Helmet, Safety Vest",None
2026-07-26 17:09:03,CCTV Stream,"Helmet, Safety Vest",None
2026-07-26 17:09:03,CCTV Stream,"Helmet, Safety Vest",None
2026-07-26 17:09:03,CCTV Stream,"Helmet, Safety Vest",None
2026-07-26 17:09:04,CCTV Stream,"Helmet, Safety Vest",None
2026-07-26 17:09:04,CCTV Stream,"Helmet, Safety Vest",None
2026-07-26 17:09:04,CCTV Stream,"Helmet, Safety Vest",None
2026-07-26 17:09:04,CCTV Stream,"Helmet, Safety Vest",None
2026-07-26 17:09:04,CCTV Stream,"Helmet, Safety Vest",None
2026-07-26 17:09:04,CCTV Stream,"Helmet, Safety Vest",None
2026-07-26 17:09:04,CCTV Stream,"Helmet, Safety Vest",None
2026-07-26 17:09:04,CCTV Stream,"Helmet, Safety Vest",None
2026-07-26 17:09:04,CCTV Stream,"Helmet, Safety Vest",None
2026-07-26 17:09:04,CCTV Stream,"Helmet, Safety Vest",None
2026-07-26 17:09:04,CCTV Stream,"Helmet, Safety Vest",None
2026-07-26 17:09:04,CCTV Stream,"Helmet, Safety Vest",None
2026-07-26 17:09:04,CCTV Stream,"Helmet, Safety Vest",None
2026-07-26 17:09:04,CCTV Stream,"Helmet, Safety Vest",None
2026-07-26 17:09:04,CCTV Stream,"Helmet, Safety Vest",None
2026-07-26 17:09:04,CCTV Stream,"Helmet, Safety Vest",None
2026-07-26 17:09:05,CCTV Stream,"Helmet, Safety Vest",None
2026-07-26 17:09:05,CCTV Stream,"Helmet, Safety Vest",None
2026-07-26 17:09:05,CCTV Stream,"Helmet, Safety Vest",None
2026-07-26 17:09:05,CCTV Stream,"Helmet, Safety Vest",None
2026-07-26 17:09:05,CCTV Stream,"Helmet, Safety Vest",None
2026-07-26 17:09:05,CCTV Stream,"Helmet, Safety Vest",None
2026-07-26 17:09:05,CCTV Stream,"Helmet, Safety Vest",None
2026-07-26 17:09:05,CCTV Stream,"Helmet, Safety Vest",None
2026-07-26 17:09:05,CCTV Stream,"Helmet, Safety Vest",None
2026-07-26 17:09:05,CCTV Stream,"Helmet, Safety Vest",None
2026-07-26 17:09:05,CCTV Stream,"Helmet, Safety Vest",None
2026-07-26 17:09:05,CCTV Stream,"Helmet, Safety Vest",None
2026-07-26 17:09:05,CCTV Stream,"Helmet, Safety Vest",None
2026-07-26 17:09:05,CCTV Stream,"Helmet, Safety Vest",None
2026-07-26 17:09:05,CCTV Stream,"Helmet, Safety Vest",None
2026-07-26 17:09:06,CCTV Stream,"Helmet, Safety Vest",None
2026-07-26 17:09:06,CCTV Stream,"Helmet, Safety Vest",None
2026-07-26 17:09:06,CCTV Stream,"Helmet, Safety Vest",None
2026-07-26 17:09:06,CCTV Stream,"Helmet, Safety Vest",None
2026-07-26 17:09:06,CCTV Stream,"Helmet, Safety Vest",None
2026-07-26 17:09:06,CCTV Stream,"Helmet, Safety Vest",None
2026-07-26 17:09:06,CCTV Stream,"Helmet, Safety Vest",None
2026-07-26 17:09:06,CCTV Stream,"Helmet, Safety Vest",None
2026-07-26 17:09:06,CCTV Stream,"Helmet, Safety Vest",None
2026-07-26 17:09:06,CCTV Stream,"Helmet, Safety Vest",None
2026-07-26 17:09:06,CCTV Stream,"Helmet, Safety Vest",None
2026-07-26 17:09:06,CCTV Stream,"Helmet, Safety Vest",None
2026-07-26 17:09:06,CCTV Stream,"Helmet, Safety Vest",None
2026-07-26 17:09:06,CCTV Stream,"Helmet, Safety Vest",None
2026-07-26 17:09:06,CCTV Stream,"Helmet, Safety Vest",None
2026-07-26 17:09:06,CCTV Stream,"Helmet, Safety Vest",None
2026-07-26 17:09:06,CCTV Stream,"Helmet, Safety Vest",None
2026-07-26 17:09:07,CCTV Stream,"Helmet, Safety Vest",None
2026-07-26 17:09:07,CCTV Stream,"Helmet, Safety Vest",None
2026-07-26 17:09:07,CCTV Stream,"Helmet, Safety Vest",None
2026-07-26 17:09:07,CCTV Stream,"Helmet, Safety Vest",None
2026-07-26 17:09:07,CCTV Stream,"Helmet, Safety Vest",None
2026-07-26 17:09:07,CCTV Stream,"Helmet, Safety Vest",None
2026-07-26 17:09:07,CCTV Stream,"Helmet, Safety Vest",None
2026-07-26 17:09:07,CCTV Stream,"Helmet, Safety Vest",None
2026-07-26 17:09:07,CCTV Stream,"Helmet, Safety Vest",None
2026-07-26 17:09:07,CCTV Stream,"Helmet, Safety Vest",None
2026-07-26 17:09:07,CCTV Stream,"Helmet, Safety Vest",None
2026-07-26 17:09:07,CCTV Stream,"Helmet, Safety Vest",None
2026-07-26 17:09:07,CCTV Stream,"Helmet, Safety Vest",None
2026-07-26 17:09:07,CCTV Stream,"Helmet, Safety Vest",None
2026-07-26 17:09:07,CCTV Stream,"Helmet, Safety Vest",None
2026-07-26 17:09:07,CCTV Stream,"Helmet, Safety Vest",None
2026-07-26 17:09:08,CCTV Stream,"Helmet, Safety Vest",None
2026-07-26 17:09:08,CCTV Stream,"Helmet, Safety Vest",None
2026-07-26 17:09:08,CCTV Stream,"Helmet, Safety Vest",None
2026-07-26 17:09:08,CCTV Stream,"Helmet, Safety Vest",None
2026-07-26 17:09:08,CCTV Stream,"Helmet, Safety Vest",None
2026-07-26 17:09:08,CCTV Stream,"Helmet, Safety Vest",None
2026-07-26 17:09:08,CCTV Stream,"Helmet, Safety Vest",None
2026-07-26 17:09:08,CCTV Stream,"Helmet, Safety Vest",None
2026-07-26 17:09:08,CCTV Stream,"Helmet, Safety Vest",None
2026-07-26 17:09:08,CCTV Stream,"Helmet, Safety Vest",None
2026-07-26 17:09:08,CCTV Stream,"Helmet, Safety Vest",None
2026-07-26 17:09:08,CCTV Stream,"Helmet, Safety Vest",None
2026-07-26 17:09:08,CCTV Stream,"Helmet, Safety Vest",None
2026-07-26 17:09:08,CCTV Stream,"Helmet, Safety Vest",None
2026-07-26 17:09:08,CCTV Stream,"Helmet, Safety Vest",None
2026-07-26 17:09:08,CCTV Stream,"Helmet, Safety Vest",None
2026-07-26 17:09:09,CCTV Stream,"Helmet, Safety Vest",None
2026-07-26 17:09:09,CCTV Stream,"Helmet, Safety Vest",None
2026-07-26 17:09:09,CCTV Stream,"Helmet, Safety Vest",None
2026-07-26 17:09:09,CCTV Stream,"Helmet, Safety Vest",None
2026-07-26 17:09:09,CCTV Stream,"Helmet, Safety Vest",None
2026-07-26 17:09:09,CCTV Stream,"Helmet, Safety Vest",None
2026-07-26 17:09:09,CCTV Stream,"Helmet, Safety Vest",None
2026-07-26 17:09:09,CCTV Stream,"Helmet, Safety Vest",None
2026-07-26 17:09:09,CCTV Stream,"Helmet, Safety Vest",None
2026-07-26 17:09:09,CCTV Stream,"Helmet, Safety Vest",None
2026-07-26 17:09:09,CCTV Stream,"Helmet, Safety Vest",None
2026-07-26 17:09:09,CCTV Stream,"Helmet, Safety Vest",None
2026-07-26 17:09:09,CCTV Stream,"Helmet, Safety Vest",None
2026-07-26 17:09:09,CCTV Stream,"Helmet, Safety Vest",None
2026-07-26 17:09:09,CCTV Stream,"Helmet, Safety Vest",None
2026-07-26 17:09:09,CCTV Stream,"Helmet, Safety Vest",None
2026-07-26 17:09:10,CCTV Stream,"Helmet, Safety Vest",None
2026-07-26 17:09:10,CCTV Stream,"Helmet, Safety Vest",None
2026-07-26 17:09:10,CCTV Stream,"Helmet, Safety Vest",None
2026-07-26 17:09:10,CCTV Stream,"Helmet, Safety Vest",None
2026-07-26 17:09:10,CCTV Stream,"Helmet, Safety Vest",None
2026-07-26 17:09:10,CCTV Stream,"Helmet, Safety Vest",None
2026-07-26 17:09:10,CCTV Stream,"Helmet, Safety Vest",None
2026-07-26 17:09:10,CCTV Stream,"Helmet, Safety Vest",None
2026-07-26 17:09:10,CCTV Stream,"Helmet, Safety Vest",None
2026-07-26 17:09:10,CCTV Stream,"Helmet, Safety Vest",None
2026-07-26 17:09:10,CCTV Stream,"Helmet, Safety Vest",None
2026-07-26 17:09:10,CCTV Stream,"Helmet, Safety Vest",None
2026-07-26 17:09:10,CCTV Stream,"Helmet, Safety Vest",None
2026-07-26 17:09:10,CCTV Stream,"Helmet, Safety Vest",None
2026-07-26 17:09:10,CCTV Stream,"Helmet, Safety Vest",None
2026-07-26 17:09:10,CCTV Stream,"Helmet, Safety Vest",None
2026-07-26 17:09:11,CCTV Stream,"Helmet, Safety Vest",None
2026-07-26 17:09:11,CCTV Stream,"Helmet, Safety Vest",None
2026-07-26 17:09:11,CCTV Stream,"Helmet, Safety Vest",None
2026-07-26 17:09:11,CCTV Stream,"Helmet, Safety Vest",None
2026-07-26 17:09:11,CCTV Stream,"Helmet, Safety Vest",None
2026-07-26 17:09:11,CCTV Stream,"Helmet, Safety Vest",None
2026-07-26 17:09:11,CCTV Stream,"Helmet, Safety Vest",None
2026-07-26 17:09:11,CCTV Stream,"Helmet, Safety Vest",None
2026-07-26 17:09:11,CCTV Stream,"Helmet, Safety Vest",None
2026-07-26 17:09:11,CCTV Stream,"Helmet, Safety Vest",None
2026-07-26 17:09:11,CCTV Stream,"Helmet, Safety Vest",None
2026-07-26 17:09:11,CCTV Stream,"Helmet, Safety Vest",None
2026-07-26 17:09:11,CCTV Stream,"Helmet, Safety Vest",None
2026-07-26 17:09:11,CCTV Stream,"Helmet, Safety Vest",None
2026-07-26 17:09:11,CCTV Stream,"Helmet, Safety Vest",None
2026-07-26 17:09:11,CCTV Stream,"Helmet, Safety Vest",None
2026-07-26 17:09:12,CCTV Stream,"Helmet, Safety Vest",None
2026-07-26 17:09:12,CCTV Stream,"Helmet, Safety Vest",None
2026-07-26 17:09:12,CCTV Stream,"Helmet, Safety Vest",None
2026-07-26 17:09:12,CCTV Stream,"Helmet, Safety Vest",None
2026-07-26 17:09:12,CCTV Stream,"Helmet, Safety Vest",None
2026-07-26 17:09:12,CCTV Stream,"Helmet, Safety Vest",None
2026-07-26 17:09:12,CCTV Stream,"Helmet, Safety Vest",None
2026-07-26 17:09:12,CCTV Stream,"Helmet, Safety Vest",None
2026-07-26 17:09:12,CCTV Stream,"Helmet, Safety Vest",None
2026-07-26 17:09:12,CCTV Stream,"Helmet, Safety Vest",None
2026-07-26 17:09:12,CCTV Stream,"Helmet, Safety Vest",None
2026-07-26 17:09:12,CCTV Stream,"Helmet, Safety Vest",None
2026-07-26 17:09:12,CCTV Stream,"Helmet, Safety Vest",None
2026-07-26 17:09:12,CCTV Stream,"Helmet, Safety Vest",None
2026-07-26 17:09:12,CCTV Stream,"Helmet, Safety Vest",None
2026-07-26 17:09:12,CCTV Stream,"Helmet, Safety Vest",None
2026-07-26 17:09:13,CCTV Stream,"Helmet, Safety Vest",None
2026-07-26 17:09:13,CCTV Stream,"Helmet, Safety Vest",None
2026-07-26 17:09:13,CCTV Stream,"Helmet, Safety Vest",None
2026-07-26 17:09:13,CCTV Stream,"Helmet, Safety Vest",None
2026-07-26 17:09:13,CCTV Stream,"Helmet, Safety Vest",None
2026-07-26 17:09:13,CCTV Stream,"Helmet, Safety Vest",None
2026-07-26 17:09:13,CCTV Stream,"Helmet, Safety Vest",None
2026-07-26 17:09:13,CCTV Stream,"Helmet, Safety Vest",None
2026-07-26 17:09:13,CCTV Stream,"Helmet, Safety Vest",None
2026-07-26 17:09:13,CCTV Stream,"Helmet, Safety Vest",None
2026-07-26 17:09:13,CCTV Stream,"Helmet, Safety Vest",None
2026-07-26 17:09:13,CCTV Stream,"Helmet, Safety Vest",None
2026-07-26 17:09:13,CCTV Stream,"Helmet, Safety Vest",None
2026-07-26 17:09:13,CCTV Stream,"Helmet, Safety Vest",None
2026-07-26 17:09:13,CCTV Stream,"Helmet, Safety Vest",None
2026-07-26 17:09:13,CCTV Stream,"Helmet, Safety Vest",None
2026-07-26 17:09:13,CCTV Stream,"Helmet, Safety Vest",None
2026-07-26 17:09:14,CCTV Stream,"Helmet, Safety Vest",None
2026-07-26 17:09:14,CCTV Stream,"Helmet, Safety Vest",None
2026-07-26 17:09:14,CCTV Stream,"Helmet, Safety Vest",None
2026-07-26 17:09:14,CCTV Stream,"Helmet, Safety Vest",None
2026-07-26 17:09:14,CCTV Stream,"Helmet, Safety Vest",None
2026-07-26 17:09:14,CCTV Stream,"Helmet, Safety Vest",None
2026-07-26 17:09:14,CCTV Stream,"Helmet, Safety Vest",None
2026-07-26 17:09:14,CCTV Stream,"Helmet, Safety Vest",None
2026-07-26 17:09:14,CCTV Stream,"Helmet, Safety Vest",None
2026-07-26 17:09:14,CCTV Stream,"Helmet, Safety Vest",None
2026-07-26 17:09:14,CCTV Stream,"Helmet, Safety Vest",None
2026-07-26 17:09:14,CCTV Stream,"Helmet, Safety Vest",None
2026-07-26 17:09:14,CCTV Stream,"Helmet, Safety Vest",None
2026-07-26 17:09:14,CCTV Stream,"Helmet, Safety Vest",None
2026-07-26 17:09:14,CCTV Stream,"Helmet, Safety Vest",None
2026-07-26 17:09:14,CCTV Stream,"Helmet, Safety Vest",None
2026-07-26 17:09:15,CCTV Stream,"Helmet, Safety Vest",None
2026-07-26 17:09:15,CCTV Stream,"Helmet, Safety Vest",None
2026-07-26 17:09:15,CCTV Stream,"Helmet, Safety Vest",None
2026-07-26 17:09:15,CCTV Stream,"Helmet, Safety Vest",None
2026-07-26 17:09:15,CCTV Stream,"Helmet, Safety Vest",None
2026-07-26 17:09:15,CCTV Stream,"Helmet, Safety Vest",None
2026-07-26 17:09:15,CCTV Stream,"Helmet, Safety Vest",None
2026-07-26 17:09:15,CCTV Stream,"Helmet, Safety Vest",None
2026-07-26 17:09:15,CCTV Stream,"Helmet, Safety Vest",None
2026-07-26 17:09:15,CCTV Stream,"Helmet, Safety Vest",None
2026-07-26 17:09:15,CCTV Stream,"Helmet, Safety Vest",None
2026-07-26 17:09:15,CCTV Stream,"Helmet, Safety Vest",None
2026-07-26 17:09:15,CCTV Stream,"Helmet, Safety Vest",None
2026-07-26 17:09:15,CCTV Stream,"Helmet, Safety Vest",None
2026-07-26 17:09:15,CCTV Stream,"Helmet, Safety Vest",None
2026-07-26 17:09:15,CCTV Stream,"Helmet, Safety Vest",None
2026-07-26 17:09:16,CCTV Stream,"Helmet, Safety Vest",None
2026-07-26 17:09:16,CCTV Stream,"Helmet, Safety Vest",None
2026-07-26 17:09:16,CCTV Stream,"Helmet, Safety Vest",None
2026-07-26 17:09:16,CCTV Stream,"Helmet, Safety Vest",None
2026-07-26 17:09:16,CCTV Stream,"Helmet, Safety Vest",None
2026-07-26 17:09:16,CCTV Stream,"Helmet, Safety Vest",None
2026-07-26 17:09:16,CCTV Stream,"Helmet, Safety Vest",None
2026-07-26 17:09:16,CCTV Stream,"Helmet, Safety Vest",None
2026-07-26 17:09:16,CCTV Stream,"Helmet, Safety Vest",None
2026-07-26 17:09:16,CCTV Stream,"Helmet, Safety Vest",None
2026-07-26 17:09:16,CCTV Stream,"Helmet, Safety Vest",None
2026-07-26 17:09:16,CCTV Stream,"Helmet, Safety Vest",None
2026-07-26 17:09:16,CCTV Stream,"Helmet, Safety Vest",None
2026-07-26 17:09:16,CCTV Stream,"Helmet, Safety Vest",None
2026-07-26 17:09:16,CCTV Stream,"Helmet, Safety Vest",None
2026-07-26 17:09:16,CCTV Stream,"Helmet, Safety Vest",None
2026-07-26 17:09:17,CCTV Stream,"Helmet, Safety Vest",None
2026-07-26 17:09:17,CCTV Stream,"Helmet, Safety Vest",None
2026-07-26 17:09:17,CCTV Stream,"Helmet, Safety Vest",None
2026-07-26 17:09:17,CCTV Stream,"Helmet, Safety Vest",None
2026-07-26 17:09:17,CCTV Stream,"Helmet, Safety Vest",None
2026-07-26 17:09:17,CCTV Stream,"Helmet, Safety Vest",None
2026-07-26 17:09:17,CCTV Stream,"Helmet, Safety Vest",None
2026-07-26 17:09:17,CCTV Stream,"Helmet, Safety Vest",None
2026-07-26 17:09:17,CCTV Stream,"Helmet, Safety Vest",None
2026-07-26 17:09:17,CCTV Stream,"Helmet, Safety Vest",None
2026-07-26 17:09:17,CCTV Stream,"Helmet, Safety Vest",None
2026-07-26 17:09:17,CCTV Stream,"Helmet, Safety Vest",None
2026-07-26 17:09:17,CCTV Stream,"Helmet, Safety Vest",None
2026-07-26 17:09:17,CCTV Stream,"Helmet, Safety Vest",None
2026-07-26 17:09:17,CCTV Stream,"Helmet, Safety Vest",None
2026-07-26 17:09:17,CCTV Stream,"Helmet, Safety Vest",None
2026-07-26 17:09:18,CCTV Stream,"Helmet, Safety Vest",None
2026-07-26 17:09:18,CCTV Stream,"Helmet, Safety Vest",None
2026-07-26 17:09:18,CCTV Stream,"Helmet, Safety Vest",None
2026-07-26 17:09:18,CCTV Stream,"Helmet, Safety Vest",None
2026-07-26 17:09:18,CCTV Stream,"Helmet, Safety Vest",None
2026-07-26 17:09:18,CCTV Stream,"Helmet, Safety Vest",None
2026-07-26 17:09:18,CCTV Stream,"Helmet, Safety Vest",None
2026-07-26 17:09:18,CCTV Stream,"Helmet, Safety Vest",None
2026-07-26 17:09:18,CCTV Stream,"Helmet, Safety Vest",None
2026-07-26 17:09:18,CCTV Stream,"Helmet, Safety Vest",None
2026-07-26 17:09:18,CCTV Stream,"Helmet, Safety Vest",None
2026-07-26 17:09:18,CCTV Stream,"Helmet, Safety Vest",None
2026-07-26 17:09:18,CCTV Stream,"Helmet, Safety Vest",None
2026-07-26 17:09:18,CCTV Stream,"Helmet, Safety Vest",None
2026-07-26 17:09:18,CCTV Stream,"Helmet, Safety Vest",None
2026-07-26 17:09:18,CCTV Stream,"Helmet, Safety Vest",None
2026-07-26 17:09:19,CCTV Stream,"Helmet, Safety Vest",None
2026-07-26 17:09:19,CCTV Stream,"Helmet, Safety Vest",None
2026-07-26 17:09:19,CCTV Stream,"Helmet, Safety Vest",None
2026-07-26 17:09:19,CCTV Stream,"Helmet, Safety Vest",None
2026-07-26 17:09:19,CCTV Stream,"Helmet, Safety Vest",None
2026-07-26 17:09:19,CCTV Stream,"Helmet, Safety Vest",None
2026-07-26 17:09:19,CCTV Stream,"Helmet, Safety Vest",None
2026-07-26 17:09:19,CCTV Stream,"Helmet, Safety Vest",None
2026-07-26 17:09:19,CCTV Stream,"Helmet, Safety Vest",None
2026-07-26 17:09:19,CCTV Stream,"Helmet, Safety Vest",None
2026-07-26 17:09:19,CCTV Stream,"Helmet, Safety Vest",None
2026-07-26 17:09:19,CCTV Stream,"Helmet, Safety Vest",None
2026-07-26 17:09:19,CCTV Stream,"Helmet, Safety Vest",None
2026-07-26 17:09:19,CCTV Stream,"Helmet, Safety Vest",None
2026-07-26 17:09:19,CCTV Stream,"Helmet, Safety Vest",None
2026-07-26 17:09:19,CCTV Stream,"Helmet, Safety Vest",None
2026-07-26 17:09:20,CCTV Stream,"Helmet, Safety Vest",None
2026-07-26 17:09:20,CCTV Stream,"Helmet, Safety Vest",None
2026-07-26 17:09:20,CCTV Stream,"Helmet, Safety Vest",None
2026-07-26 17:09:20,CCTV Stream,"Helmet, Safety Vest",None
2026-07-26 17:09:20,CCTV Stream,"Helmet, Safety Vest",None
2026-07-26 17:09:20,CCTV Stream,"Helmet, Safety Vest",None
2026-07-26 17:09:20,CCTV Stream,"Helmet, Safety Vest",None
2026-07-26 17:09:20,CCTV Stream,"Helmet, Safety Vest",None
2026-07-26 17:09:20,CCTV Stream,"Helmet, Safety Vest",None
2026-07-26 17:09:20,CCTV Stream,"Helmet, Safety Vest",None
2026-07-26 17:09:20,CCTV Stream,"Helmet, Safety Vest",None
2026-07-26 17:09:20,CCTV Stream,"Helmet, Safety Vest",None
2026-07-26 17:09:20,CCTV Stream,"Helmet, Safety Vest",None
2026-07-26 17:09:20,CCTV Stream,"Helmet, Safety Vest",None
2026-07-26 17:09:20,CCTV Stream,"Helmet, Safety Vest",None
2026-07-26 17:09:20,CCTV Stream,"Helmet, Safety Vest",None
2026-07-26 17:09:21,CCTV Stream,"Helmet, Safety Vest",None
2026-07-26 17:09:21,CCTV Stream,"Helmet, Safety Vest",None
2026-07-26 17:09:21,CCTV Stream,"Helmet, Safety Vest",None
2026-07-26 17:09:21,CCTV Stream,"Helmet, Safety Vest",None
2026-07-26 17:09:21,CCTV Stream,"Helmet, Safety Vest",None
2026-07-26 17:09:21,CCTV Stream,"Helmet, Safety Vest",None
2026-07-26 17:09:21,CCTV Stream,"Helmet, Safety Vest",None
2026-07-26 17:09:21,CCTV Stream,"Helmet, Safety Vest",None
2026-07-26 17:09:21,CCTV Stream,"Helmet, Safety Vest",None
2026-07-26 17:09:21,CCTV Stream,"Helmet, Safety Vest",None
2026-07-26 17:09:21,CCTV Stream,"Helmet, Safety Vest",None
2026-07-26 17:09:21,CCTV Stream,"Helmet, Safety Vest",None
2026-07-26 17:09:21,CCTV Stream,"Helmet, Safety Vest",None
2026-07-26 17:09:21,CCTV Stream,"Helmet, Safety Vest",None
2026-07-26 17:09:21,CCTV Stream,"Helmet, Safety Vest",None
2026-07-26 17:09:22,CCTV Stream,"Helmet, Safety Vest",None
2026-07-26 17:09:22,CCTV Stream,"Helmet, Safety Vest",None
2026-07-26 17:09:22,CCTV Stream,"Helmet, Safety Vest",None
2026-07-26 17:09:22,CCTV Stream,"Helmet, Safety Vest",None
2026-07-26 17:09:22,CCTV Stream,"Helmet, Safety Vest",None
2026-07-26 17:09:22,CCTV Stream,"Helmet, Safety Vest",None
2026-07-26 17:09:22,CCTV Stream,"Helmet, Safety Vest",None
2026-07-26 17:09:22,CCTV Stream,"Helmet, Safety Vest",None
2026-07-26 17:09:22,CCTV Stream,"Helmet, Safety Vest",None
2026-07-26 17:09:22,CCTV Stream,"Helmet, Safety Vest",None
2026-07-26 17:09:22,CCTV Stream,"Helmet, Safety Vest",None
2026-07-26 17:09:22,CCTV Stream,"Helmet, Safety Vest",None
2026-07-26 17:09:22,CCTV Stream,"Helmet, Safety Vest",None
2026-07-26 17:09:22,CCTV Stream,"Helmet, Safety Vest",None
2026-07-26 17:09:22,CCTV Stream,"Helmet, Safety Vest",None
2026-07-26 17:09:23,CCTV Stream,"Helmet, Safety Vest",None
2026-07-26 17:09:23,CCTV Stream,"Helmet, Safety Vest",None
2026-07-26 17:09:23,CCTV Stream,"Helmet, Safety Vest",None
2026-07-26 17:09:23,CCTV Stream,"Helmet, Safety Vest",None
2026-07-26 17:09:23,CCTV Stream,"Helmet, Safety Vest",None
2026-07-26 17:09:23,CCTV Stream,"Helmet, Safety Vest",None
2026-07-26 17:09:23,CCTV Stream,"Helmet, Safety Vest",None
2026-07-26 17:09:23,CCTV Stream,"Helmet, Safety Vest",None
2026-07-26 17:09:23,CCTV Stream,"Helmet, Safety Vest",None
2026-07-26 17:09:23,CCTV Stream,"Helmet, Safety Vest",None
2026-07-26 17:09:23,CCTV Stream,"Helmet, Safety Vest",None
2026-07-26 17:09:23,CCTV Stream,"Helmet, Safety Vest",None
2026-07-26 17:09:23,CCTV Stream,"Helmet, Safety Vest",None
2026-07-26 17:09:23,CCTV Stream,"Helmet, Safety Vest",None
2026-07-26 17:09:23,CCTV Stream,"Helmet, Safety Vest",None
2026-07-26 17:09:23,CCTV Stream,"Helmet, Safety Vest",None
2026-07-26 17:09:23,CCTV Stream,"Helmet, Safety Vest",None
2026-07-26 17:09:24,CCTV Stream,"Helmet, Safety Vest",None
2026-07-26 17:09:24,CCTV Stream,"Helmet, Safety Vest",None
2026-07-26 17:09:24,CCTV Stream,"Helmet, Safety Vest",None
2026-07-26 17:09:24,CCTV Stream,"Helmet, Safety Vest",None
2026-07-26 17:09:24,CCTV Stream,"Helmet, Safety Vest",None
2026-07-26 17:09:24,CCTV Stream,"Helmet, Safety Vest",None
2026-07-26 17:09:24,CCTV Stream,"Helmet, Safety Vest",None
2026-07-26 17:09:24,CCTV Stream,"Helmet, Safety Vest",None
2026-07-26 17:09:24,CCTV Stream,"Helmet, Safety Vest",None
2026-07-26 17:09:24,CCTV Stream,"Helmet, Safety Vest",None
2026-07-26 17:09:24,CCTV Stream,"Helmet, Safety Vest",None
2026-07-26 17:09:24,CCTV Stream,"Helmet, Safety Vest",None
2026-07-26 17:09:24,CCTV Stream,"Helmet, Safety Vest",None
2026-07-26 17:09:24,CCTV Stream,"Helmet, Safety Vest",None
2026-07-26 17:09:24,CCTV Stream,"Helmet, Safety Vest",None
2026-07-26 17:09:24,CCTV Stream,"Helmet, Safety Vest",None
2026-07-26 17:09:25,CCTV Stream,"Helmet, Safety Vest",None
2026-07-26 17:09:25,CCTV Stream,"Helmet, Safety Vest",None
2026-07-26 17:09:25,CCTV Stream,"Helmet, Safety Vest",None
2026-07-26 17:09:25,CCTV Stream,"Helmet, Safety Vest",None
2026-07-26 17:09:25,CCTV Stream,"Helmet, Safety Vest",None
2026-07-26 17:09:25,CCTV Stream,"Helmet, Safety Vest",None
2026-07-26 17:09:25,CCTV Stream,"Helmet, Safety Vest",None
2026-07-26 17:09:25,CCTV Stream,"Helmet, Safety Vest",None
2026-07-26 17:09:25,CCTV Stream,"Helmet, Safety Vest",None
2026-07-26 17:09:25,CCTV Stream,"Helmet, Safety Vest",None
2026-07-26 17:09:25,CCTV Stream,"Helmet, Safety Vest",None
2026-07-26 17:09:25,CCTV Stream,"Helmet, Safety Vest",None
2026-07-26 17:09:25,CCTV Stream,"Helmet, Safety Vest",None
2026-07-26 17:09:25,CCTV Stream,"Helmet, Safety Vest",None
2026-07-26 17:09:25,CCTV Stream,"Helmet, Safety Vest",None
2026-07-26 17:09:25,CCTV Stream,"Helmet, Safety Vest",None
2026-07-26 17:09:26,CCTV Stream,"Helmet, Safety Vest",None
2026-07-26 17:09:26,CCTV Stream,"Helmet, Safety Vest",None
2026-07-26 17:09:26,CCTV Stream,"Helmet, Safety Vest",None
2026-07-26 17:09:26,CCTV Stream,"Helmet, Safety Vest",None
2026-07-26 17:09:26,CCTV Stream,"Helmet, Safety Vest",None
2026-07-26 17:09:26,CCTV Stream,"Helmet, Safety Vest",None
2026-07-26 17:09:26,CCTV Stream,"Helmet, Safety Vest",None
2026-07-26 17:09:26,CCTV Stream,"Helmet, Safety Vest",None
2026-07-26 17:09:26,CCTV Stream,"Helmet, Safety Vest",None
2026-07-26 17:09:26,CCTV Stream,"Helmet, Safety Vest",None
2026-07-26 17:09:26,CCTV Stream,"Helmet, Safety Vest",None
2026-07-26 17:09:26,CCTV Stream,"Helmet, Safety Vest",None
2026-07-26 17:09:26,CCTV Stream,"Helmet, Safety Vest",None
2026-07-26 17:09:26,CCTV Stream,"Helmet, Safety Vest",None
2026-07-26 17:09:26,CCTV Stream,"Helmet, Safety Vest",None
2026-07-26 17:09:26,CCTV Stream,"Helmet, Safety Vest",None
2026-07-26 17:09:26,CCTV Stream,"Helmet, Safety Vest",None
2026-07-26 17:09:27,CCTV Stream,"Helmet, Safety Vest",None
2026-07-26 17:09:27,CCTV Stream,"Helmet, Safety Vest",None
2026-07-26 17:09:27,CCTV Stream,"Helmet, Safety Vest",None
2026-07-26 17:09:27,CCTV Stream,"Helmet, Safety Vest",None
2026-07-26 17:09:27,CCTV Stream,"Helmet, Safety Vest",None
2026-07-26 17:09:27,CCTV Stream,"Helmet, Safety Vest",None
2026-07-26 17:09:27,CCTV Stream,"Helmet, Safety Vest",None
2026-07-26 17:09:27,CCTV Stream,"Helmet, Safety Vest",None
2026-07-26 17:09:27,CCTV Stream,"Helmet, Safety Vest",None
2026-07-26 17:09:27,CCTV Stream,"Helmet, Safety Vest",None
2026-07-26 17:09:27,CCTV Stream,"Helmet, Safety Vest",None
2026-07-26 17:09:27,CCTV Stream,"Helmet, Safety Vest",None
2026-07-26 17:09:27,CCTV Stream,"Helmet, Safety Vest",None
2026-07-26 17:09:27,CCTV Stream,"Helmet, Safety Vest",None
2026-07-26 17:09:27,CCTV Stream,"Helmet, Safety Vest",None
2026-07-26 17:09:27,CCTV Stream,"Helmet, Safety Vest",None
2026-07-26 17:09:28,CCTV Stream,"Helmet, Safety Vest",None
2026-07-26 17:09:28,CCTV Stream,"Helmet, Safety Vest",None
2026-07-26 17:09:28,CCTV Stream,"Helmet, Safety Vest",None
2026-07-26 17:09:28,CCTV Stream,"Helmet, Safety Vest",None
2026-07-26 17:09:28,CCTV Stream,"Helmet, Safety Vest",None
2026-07-26 17:09:28,CCTV Stream,"Helmet, Safety Vest",None
2026-07-26 17:09:28,CCTV Stream,"Helmet, Safety Vest",None
2026-07-26 17:09:28,CCTV Stream,"Helmet, Safety Vest",None
2026-07-26 17:09:28,CCTV Stream,"Helmet, Safety Vest",None
2026-07-26 17:09:28,CCTV Stream,"Helmet, Safety Vest",None
2026-07-26 17:09:28,CCTV Stream,"Helmet, Safety Vest",None
2026-07-26 17:09:28,CCTV Stream,"Helmet, Safety Vest",None
2026-07-26 17:09:28,CCTV Stream,"Helmet, Safety Vest",None
2026-07-26 17:09:28,CCTV Stream,"Helmet, Safety Vest",None
2026-07-26 17:09:28,CCTV Stream,"Helmet, Safety Vest",None
2026-07-26 17:09:28,CCTV Stream,"Helmet, Safety Vest",None
2026-07-26 17:09:29,CCTV Stream,"Helmet, Safety Vest",None
2026-07-26 17:09:29,CCTV Stream,"Helmet, Safety Vest",None
2026-07-26 17:09:29,CCTV Stream,"Helmet, Safety Vest",None
2026-07-26 17:09:29,CCTV Stream,"Helmet, Safety Vest",None
2026-07-26 17:09:29,CCTV Stream,"Helmet, Safety Vest",None
2026-07-26 17:09:29,CCTV Stream,"Helmet, Safety Vest",None
2026-07-26 17:09:29,CCTV Stream,"Helmet, Safety Vest",None
2026-07-26 17:09:29,CCTV Stream,"Helmet, Safety Vest",None
2026-07-26 17:09:29,CCTV Stream,"Helmet, Safety Vest",None
2026-07-26 17:09:29,CCTV Stream,"Helmet, Safety Vest",None
2026-07-26 17:09:29,CCTV Stream,"Helmet, Safety Vest",None
2026-07-26 17:09:29,CCTV Stream,"Helmet, Safety Vest",None
2026-07-26 17:09:29,CCTV Stream,"Helmet, Safety Vest",None
2026-07-26 17:09:29,CCTV Stream,"Helmet, Safety Vest",None
2026-07-26 17:09:29,CCTV Stream,"Helmet, Safety Vest",None
2026-07-26 17:09:29,CCTV Stream,"Helmet, Safety Vest",None
2026-07-26 17:09:30,CCTV Stream,"Helmet, Safety Vest",None
2026-07-26 17:09:30,CCTV Stream,"Helmet, Safety Vest",None
2026-07-26 17:09:30,CCTV Stream,"Helmet, Safety Vest",None
2026-07-26 17:09:30,CCTV Stream,"Helmet, Safety Vest",None
2026-07-26 17:09:30,CCTV Stream,"Helmet, Safety Vest",None
2026-07-26 17:09:30,CCTV Stream,"Helmet, Safety Vest",None
2026-07-26 17:09:30,CCTV Stream,"Helmet, Safety Vest",None
2026-07-26 17:09:30,CCTV Stream,"Helmet, Safety Vest",None
2026-07-26 17:09:30,CCTV Stream,"Helmet, Safety Vest",None
2026-07-26 17:09:30,CCTV Stream,"Helmet, Safety Vest",None
2026-07-26 17:09:30,CCTV Stream,"Helmet, Safety Vest",None
2026-07-26 17:09:30,CCTV Stream,"Helmet, Safety Vest",None
2026-07-26 17:09:30,CCTV Stream,"Helmet, Safety Vest",None
2026-07-26 17:09:30,CCTV Stream,"Helmet, Safety Vest",None
2026-07-26 17:09:30,CCTV Stream,"Helmet, Safety Vest",None
2026-07-26 17:09:30,CCTV Stream,"Helmet, Safety Vest",None
2026-07-26 17:09:30,CCTV Stream,"Helmet, Safety Vest",None
2026-07-26 17:09:31,CCTV Stream,"Helmet, Safety Vest",None
2026-07-26 17:09:31,CCTV Stream,"Helmet, Safety Vest",None
2026-07-26 17:09:31,CCTV Stream,"Helmet, Safety Vest",None
2026-07-26 17:09:31,CCTV Stream,"Helmet, Safety Vest",None
2026-07-26 17:09:31,CCTV Stream,"Helmet, Safety Vest",None
2026-07-26 17:09:31,CCTV Stream,"Helmet, Safety Vest",None
2026-07-26 17:09:31,CCTV Stream,"Helmet, Safety Vest",None
2026-07-26 17:09:31,CCTV Stream,"Helmet, Safety Vest",None
2026-07-26 17:09:31,CCTV Stream,"Helmet, Safety Vest",None
2026-07-26 17:09:31,CCTV Stream,"Helmet, Safety Vest",None
2026-07-26 17:09:31,CCTV Stream,"Helmet, Safety Vest",None
2026-07-26 17:09:31,CCTV Stream,"Helmet, Safety Vest",None
2026-07-26 17:09:31,CCTV Stream,"Helmet, Safety Vest",None
2026-07-26 17:09:31,CCTV Stream,"Helmet, Safety Vest",None
2026-07-26 17:09:31,CCTV Stream,"Helmet, Safety Vest",None
2026-07-26 17:09:32,CCTV Stream,"Helmet, Safety Vest",None
2026-07-26 17:09:32,CCTV Stream,"Helmet, Safety Vest",None
2026-07-26 17:09:32,CCTV Stream,"Helmet, Safety Vest",None
2026-07-26 17:09:32,CCTV Stream,"Helmet, Safety Vest",None
2026-07-26 17:09:32,CCTV Stream,"Helmet, Safety Vest",None
2026-07-26 17:09:32,CCTV Stream,"Helmet, Safety Vest",None
2026-07-26 17:09:32,CCTV Stream,"Helmet, Safety Vest",None
2026-07-26 17:09:32,CCTV Stream,"Helmet, Safety Vest",None
2026-07-26 17:09:32,CCTV Stream,"Helmet, Safety Vest",None
2026-07-26 17:09:32,CCTV Stream,"Helmet, Safety Vest",None
2026-07-26 17:09:32,CCTV Stream,"Helmet, Safety Vest",None
2026-07-26 17:09:32,CCTV Stream,"Helmet, Safety Vest",None
2026-07-26 17:09:32,CCTV Stream,"Helmet, Safety Vest",None
2026-07-26 17:09:32,CCTV Stream,"Helmet, Safety Vest",None
2026-07-26 17:09:32,CCTV Stream,"Helmet, Safety Vest",None
2026-07-26 17:09:32,CCTV Stream,"Helmet, Safety Vest",None
2026-07-26 17:09:33,CCTV Stream,"Helmet, Safety Vest",None
2026-07-26 17:09:33,CCTV Stream,"Helmet, Safety Vest",None
2026-07-26 17:09:33,CCTV Stream,"Helmet, Safety Vest",None
2026-07-26 17:09:33,CCTV Stream,"Helmet, Safety Vest",None
2026-07-26 17:09:33,CCTV Stream,"Helmet, Safety Vest",None
2026-07-26 17:09:33,CCTV Stream,"Helmet, Safety Vest",None
2026-07-26 17:09:33,CCTV Stream,"Helmet, Safety Vest",None
2026-07-26 17:09:33,CCTV Stream,"Helmet, Safety Vest",None
2026-07-26 17:09:33,CCTV Stream,"Helmet, Safety Vest",None
2026-07-26 17:09:33,CCTV Stream,"Helmet, Safety Vest",None
2026-07-26 17:09:33,CCTV Stream,"Helmet, Safety Vest",None
2026-07-26 17:09:33,CCTV Stream,"Helmet, Safety Vest",None
2026-07-26 17:09:33,CCTV Stream,"Helmet, Safety Vest",None
2026-07-26 17:09:33,CCTV Stream,"Helmet, Safety Vest",None
2026-07-26 17:09:33,CCTV Stream,"Helmet, Safety Vest",None
2026-07-26 17:09:33,CCTV Stream,"Helmet, Safety Vest",None
2026-07-26 17:09:33,CCTV Stream,"Helmet, Safety Vest",None
2026-07-26 17:09:34,CCTV Stream,"Helmet, Safety Vest",None
2026-07-26 17:09:34,CCTV Stream,"Helmet, Safety Vest",None
2026-07-26 17:09:34,CCTV Stream,"Helmet, Safety Vest",None
2026-07-26 17:09:34,CCTV Stream,"Helmet, Safety Vest",None
2026-07-26 17:09:34,CCTV Stream,"Helmet, Safety Vest",None
2026-07-26 17:09:34,CCTV Stream,"Helmet, Safety Vest",None
2026-07-26 17:09:34,CCTV Stream,"Helmet, Safety Vest",None
2026-07-26 17:09:34,CCTV Stream,"Helmet, Safety Vest",None
2026-07-26 17:09:34,CCTV Stream,"Helmet, Safety Vest",None
2026-07-26 17:09:34,CCTV Stream,"Helmet, Safety Vest",None
2026-07-26 17:09:34,CCTV Stream,"Helmet, Safety Vest",None
2026-07-26 17:09:34,CCTV Stream,"Helmet, Safety Vest",None
2026-07-26 17:09:34,CCTV Stream,"Helmet, Safety Vest",None
2026-07-26 17:09:34,CCTV Stream,"Helmet, Safety Vest",None
2026-07-26 17:09:34,CCTV Stream,"Helmet, Safety Vest",None
2026-07-26 17:09:34,CCTV Stream,"Helmet, Safety Vest",None
2026-07-26 17:09:35,CCTV Stream,"Helmet, Safety Vest",None
2026-07-26 17:09:35,CCTV Stream,"Helmet, Safety Vest",None
2026-07-26 17:09:35,CCTV Stream,"Helmet, Safety Vest",None
2026-07-26 17:09:35,CCTV Stream,"Helmet, Safety Vest",None
2026-07-26 17:09:35,CCTV Stream,"Helmet, Safety Vest",None
2026-07-26 17:09:35,CCTV Stream,"Helmet, Safety Vest",None
2026-07-26 17:09:35,CCTV Stream,"Helmet, Safety Vest",None
2026-07-26 17:09:35,CCTV Stream,"Helmet, Safety Vest",None
2026-07-26 17:09:35,CCTV Stream,"Helmet, Safety Vest",None
2026-07-26 17:09:35,CCTV Stream,"Helmet, Safety Vest",None
2026-07-26 17:09:35,CCTV Stream,"Helmet, Safety Vest",None
2026-07-26 17:09:35,CCTV Stream,"Helmet, Safety Vest",None
2026-07-26 17:09:35,CCTV Stream,"Helmet, Safety Vest",None
2026-07-26 17:09:35,CCTV Stream,"Helmet, Safety Vest",None
2026-07-26 17:09:35,CCTV Stream,"Helmet, Safety Vest",None
2026-07-26 17:09:35,CCTV Stream,"Helmet, Safety Vest",None
2026-07-26 17:09:35,CCTV Stream,"Helmet, Safety Vest",None
2026-07-26 17:09:36,CCTV Stream,"Helmet, Safety Vest",None
2026-07-26 17:09:36,CCTV Stream,"Helmet, Safety Vest",None
2026-07-26 17:09:36,CCTV Stream,"Helmet, Safety Vest",None
2026-07-26 17:09:36,CCTV Stream,"Helmet, Safety Vest",None
2026-07-26 17:09:36,CCTV Stream,"Helmet, Safety Vest",None
2026-07-26 17:09:36,CCTV Stream,"Helmet, Safety Vest",None
2026-07-26 17:09:36,CCTV Stream,"Helmet, Safety Vest",None
2026-07-26 17:09:36,CCTV Stream,"Helmet, Safety Vest",None
2026-07-26 17:09:36,CCTV Stream,"Helmet, Safety Vest",None
2026-07-26 17:09:36,CCTV Stream,"Helmet, Safety Vest",None
2026-07-26 17:09:36,CCTV Stream,"Helmet, Safety Vest",None
2026-07-26 17:09:36,CCTV Stream,"Helmet, Safety Vest",None
2026-07-26 17:09:36,CCTV Stream,"Helmet, Safety Vest",None
2026-07-26 17:09:36,CCTV Stream,"Helmet, Safety Vest",None
2026-07-26 17:09:36,CCTV Stream,"Helmet, Safety Vest",None
2026-07-26 17:09:37,CCTV Stream,"Helmet, Safety Vest",None
2026-07-26 17:09:37,CCTV Stream,"Helmet, Safety Vest",None
2026-07-26 17:09:37,CCTV Stream,"Helmet, Safety Vest",None
2026-07-26 17:09:37,CCTV Stream,"Helmet, Safety Vest",None
2026-07-26 17:09:37,CCTV Stream,"Helmet, Safety Vest",None
2026-07-26 17:09:37,CCTV Stream,"Helmet, Safety Vest",None
2026-07-26 17:09:37,CCTV Stream,"Helmet, Safety Vest",None
2026-07-26 17:09:37,CCTV Stream,"Helmet, Safety Vest",None
2026-07-26 17:09:37,CCTV Stream,"Helmet, Safety Vest",None
2026-07-26 17:09:37,CCTV Stream,"Helmet, Safety Vest",None
2026-07-26 17:09:37,CCTV Stream,"Helmet, Safety Vest",None
2026-07-26 17:09:37,CCTV Stream,"Helmet, Safety Vest",None
2026-07-26 17:09:37,CCTV Stream,"Helmet, Safety Vest",None
2026-07-26 17:09:37,CCTV Stream,"Helmet, Safety Vest",None
2026-07-26 17:09:37,CCTV Stream,"Helmet, Safety Vest",None
2026-07-26 17:09:37,CCTV Stream,"Helmet, Safety Vest",None
2026-07-26 17:09:38,CCTV Stream,"Helmet, Safety Vest",None
2026-07-26 17:09:38,CCTV Stream,"Helmet, Safety Vest",None
2026-07-26 17:09:38,CCTV Stream,"Helmet, Safety Vest",None
2026-07-26 17:09:38,CCTV Stream,"Helmet, Safety Vest",None
2026-07-26 17:09:38,CCTV Stream,"Helmet, Safety Vest",None
2026-07-26 17:09:38,CCTV Stream,"Helmet, Safety Vest",None
2026-07-26 17:09:38,CCTV Stream,"Helmet, Safety Vest",None
2026-07-26 17:09:38,CCTV Stream,"Helmet, Safety Vest",None
2026-07-26 17:09:38,CCTV Stream,"Helmet, Safety Vest",None
2026-07-26 17:09:38,CCTV Stream,"Helmet, Safety Vest",None
2026-07-26 17:09:38,CCTV Stream,"Helmet, Safety Vest",None
2026-07-26 17:09:38,CCTV Stream,"Helmet, Safety Vest",None
2026-07-26 17:09:38,CCTV Stream,"Helmet, Safety Vest",None
2026-07-26 17:09:38,CCTV Stream,"Helmet, Safety Vest",None
2026-07-26 17:09:38,CCTV Stream,"Helmet, Safety Vest",None
2026-07-26 17:09:38,CCTV Stream,"Helmet, Safety Vest",None
2026-07-26 17:09:38,CCTV Stream,"Helmet, Safety Vest",None
2026-07-26 17:09:39,CCTV Stream,"Helmet, Safety Vest",None
2026-07-26 17:09:39,CCTV Stream,"Helmet, Safety Vest",None
2026-07-26 17:09:39,CCTV Stream,"Helmet, Safety Vest",None
2026-07-26 17:09:39,CCTV Stream,"Helmet, Safety Vest",None
2026-07-26 17:09:39,CCTV Stream,"Helmet, Safety Vest",None
2026-07-26 17:09:39,CCTV Stream,"Helmet, Safety Vest",None
2026-07-26 17:09:39,CCTV Stream,"Helmet, Safety Vest",None
2026-07-26 17:09:39,CCTV Stream,"Helmet, Safety Vest",None
2026-07-26 17:09:39,CCTV Stream,"Helmet, Safety Vest",None
2026-07-26 17:09:39,CCTV Stream,"Helmet, Safety Vest",None
2026-07-26 17:09:39,CCTV Stream,"Helmet, Safety Vest",None
2026-07-26 17:09:39,CCTV Stream,"Helmet, Safety Vest",None
2026-07-26 17:09:39,CCTV Stream,"Helmet, Safety Vest",None
2026-07-26 17:09:39,CCTV Stream,"Helmet, Safety Vest",None
2026-07-26 17:09:39,CCTV Stream,"Helmet, Safety Vest",None
2026-07-26 17:09:39,CCTV Stream,"Helmet, Safety Vest",None
2026-07-26 17:09:40,CCTV Stream,"Helmet, Safety Vest",None
2026-07-26 17:09:40,CCTV Stream,"Helmet, Safety Vest",None
2026-07-26 17:09:40,CCTV Stream,"Helmet, Safety Vest",None
2026-07-26 17:09:40,CCTV Stream,"Helmet, Safety Vest",None
2026-07-26 17:09:40,CCTV Stream,"Helmet, Safety Vest",None
2026-07-26 17:09:40,CCTV Stream,"Helmet, Safety Vest",None
2026-07-26 17:09:40,CCTV Stream,"Helmet, Safety Vest",None
2026-07-26 17:09:40,CCTV Stream,"Helmet, Safety Vest",None
2026-07-26 17:09:40,CCTV Stream,"Helmet, Safety Vest",None
2026-07-26 17:09:40,CCTV Stream,"Helmet, Safety Vest",None
2026-07-26 17:09:40,CCTV Stream,"Helmet, Safety Vest",None
2026-07-26 17:09:40,CCTV Stream,"Helmet, Safety Vest",None
2026-07-26 17:09:40,CCTV Stream,"Helmet, Safety Vest",None
2026-07-26 17:09:40,CCTV Stream,"Helmet, Safety Vest",None
2026-07-26 17:09:40,CCTV Stream,"Helmet, Safety Vest",None
2026-07-26 17:09:40,CCTV Stream,"Helmet, Safety Vest",None
2026-07-26 17:09:40,CCTV Stream,"Helmet, Safety Vest",None
2026-07-26 17:09:41,CCTV Stream,"Helmet, Safety Vest",None
2026-07-26 17:09:41,CCTV Stream,"Helmet, Safety Vest",None
2026-07-26 17:09:41,CCTV Stream,"Helmet, Safety Vest",None
2026-07-26 17:09:41,CCTV Stream,"Helmet, Safety Vest",None
2026-07-26 17:09:41,CCTV Stream,"Helmet, Safety Vest",None
2026-07-26 17:09:41,CCTV Stream,"Helmet, Safety Vest",None
2026-07-26 17:09:41,CCTV Stream,"Helmet, Safety Vest",None
2026-07-26 17:09:41,CCTV Stream,"Helmet, Safety Vest",None
2026-07-26 17:09:41,CCTV Stream,"Helmet, Safety Vest",None
2026-07-26 17:09:41,CCTV Stream,"Helmet, Safety Vest",None
2026-07-26 17:09:41,CCTV Stream,"Helmet, Safety Vest",None
2026-07-26 17:09:41,CCTV Stream,"Helmet, Safety Vest",None
2026-07-26 17:09:41,CCTV Stream,"Helmet, Safety Vest",None
2026-07-26 17:09:41,CCTV Stream,"Helmet, Safety Vest",None
2026-07-26 17:09:41,CCTV Stream,"Helmet, Safety Vest",None
2026-07-26 17:09:41,CCTV Stream,"Helmet, Safety Vest",None
2026-07-26 17:09:42,CCTV Stream,"Helmet, Safety Vest",None
2026-07-26 17:09:42,CCTV Stream,"Helmet, Safety Vest",None
2026-07-26 17:09:42,CCTV Stream,"Helmet, Safety Vest",None
2026-07-26 17:09:42,CCTV Stream,"Helmet, Safety Vest",None
2026-07-26 17:09:42,CCTV Stream,"Helmet, Safety Vest",None
2026-07-26 17:09:42,CCTV Stream,"Helmet, Safety Vest",None
2026-07-26 17:09:42,CCTV Stream,"Helmet, Safety Vest",None
2026-07-26 17:09:42,CCTV Stream,"Helmet, Safety Vest",None
2026-07-26 17:09:42,CCTV Stream,"Helmet, Safety Vest",None
2026-07-26 17:09:42,CCTV Stream,"Helmet, Safety Vest",None
2026-07-26 17:09:42,CCTV Stream,"Helmet, Safety Vest",None
2026-07-26 17:09:42,CCTV Stream,"Helmet, Safety Vest",None
2026-07-26 17:09:42,CCTV Stream,"Helmet, Safety Vest",None
2026-07-26 17:09:42,CCTV Stream,"Helmet, Safety Vest",None
2026-07-26 17:09:42,CCTV Stream,"Helmet, Safety Vest",None
2026-07-26 17:09:42,CCTV Stream,"Helmet, Safety Vest",None
2026-07-26 17:09:43,CCTV Stream,"Helmet, Safety Vest",None
2026-07-26 17:09:43,CCTV Stream,"Helmet, Safety Vest",None
2026-07-26 17:09:43,CCTV Stream,"Helmet, Safety Vest",None
2026-07-26 17:09:43,CCTV Stream,"Helmet, Safety Vest",None
2026-07-26 17:09:43,CCTV Stream,"Helmet, Safety Vest",None
2026-07-26 17:09:43,CCTV Stream,"Helmet, Safety Vest",None
2026-07-26 17:09:43,CCTV Stream,"Helmet, Safety Vest",None
2026-07-26 17:09:43,CCTV Stream,"Helmet, Safety Vest",None
2026-07-26 17:09:43,CCTV Stream,"Helmet, Safety Vest",None
2026-07-26 17:09:43,CCTV Stream,"Helmet, Safety Vest",None
2026-07-26 17:09:43,CCTV Stream,"Helmet, Safety Vest",None
2026-07-26 17:09:43,CCTV Stream,"Helmet, Safety Vest",None
2026-07-26 17:09:43,CCTV Stream,"Helmet, Safety Vest",None
2026-07-26 17:09:43,CCTV Stream,"Helmet, Safety Vest",None
2026-07-26 17:09:43,CCTV Stream,"Helmet, Safety Vest",None
2026-07-26 17:09:43,CCTV Stream,"Helmet, Safety Vest",None
2026-07-26 17:09:44,CCTV Stream,"Helmet, Safety Vest",None
2026-07-26 17:09:44,CCTV Stream,"Helmet, Safety Vest",None
2026-07-26 17:09:44,CCTV Stream,"Helmet, Safety Vest",None
2026-07-26 17:09:44,CCTV Stream,"Helmet, Safety Vest",None
2026-07-26 17:09:44,CCTV Stream,"Helmet, Safety Vest",None
2026-07-26 17:09:44,CCTV Stream,"Helmet, Safety Vest",None
2026-07-26 17:09:44,CCTV Stream,"Helmet, Safety Vest",None
2026-07-26 17:09:44,CCTV Stream,"Helmet, Safety Vest",None
2026-07-26 17:09:44,CCTV Stream,"Helmet, Safety Vest",None
2026-07-26 17:09:44,CCTV Stream,"Helmet, Safety Vest",None
2026-07-26 17:09:44,CCTV Stream,"Helmet, Safety Vest",None
2026-07-26 17:09:44,CCTV Stream,"Helmet, Safety Vest",None
2026-07-26 17:09:44,CCTV Stream,"Helmet, Safety Vest",None
2026-07-26 17:09:44,CCTV Stream,"Helmet, Safety Vest",None
2026-07-26 17:09:44,CCTV Stream,"Helmet, Safety Vest",None
2026-07-26 17:09:45,CCTV Stream,"Helmet, Safety Vest",None
2026-07-26 17:09:45,CCTV Stream,"Helmet, Safety Vest",None
2026-07-26 17:09:45,CCTV Stream,"Helmet, Safety Vest",None
2026-07-26 17:09:45,CCTV Stream,"Helmet, Safety Vest",None
2026-07-26 17:09:45,CCTV Stream,"Helmet, Safety Vest",None
2026-07-26 17:09:45,CCTV Stream,"Helmet, Safety Vest",None
2026-07-26 17:09:45,CCTV Stream,"Helmet, Safety Vest",None
2026-07-26 17:09:45,CCTV Stream,"Helmet, Safety Vest",None
2026-07-26 17:09:45,CCTV Stream,"Helmet, Safety Vest",None
2026-07-26 17:09:45,CCTV Stream,"Helmet, Safety Vest",None
2026-07-26 17:09:45,CCTV Stream,"Helmet, Safety Vest",None
2026-07-26 17:09:45,CCTV Stream,"Helmet, Safety Vest",None
2026-07-26 17:09:45,CCTV Stream,"Helmet, Safety Vest",None
2026-07-26 17:09:45,CCTV Stream,"Helmet, Safety Vest",None
2026-07-26 17:09:45,CCTV Stream,"Helmet, Safety Vest",None
2026-07-26 17:09:45,CCTV Stream,"Helmet, Safety Vest",None
2026-07-26 17:09:46,CCTV Stream,"Helmet, Safety Vest",None
2026-07-26 17:09:46,CCTV Stream,"Helmet, Safety Vest",None
2026-07-26 17:09:46,CCTV Stream,"Helmet, Safety Vest",None
2026-07-26 17:09:46,CCTV Stream,"Helmet, Safety Vest",None
2026-07-26 17:09:46,CCTV Stream,"Helmet, Safety Vest",None
2026-07-26 17:09:46,CCTV Stream,"Helmet, Safety Vest",None
2026-07-26 17:09:46,CCTV Stream,"Helmet, Safety Vest",None
2026-07-26 17:09:46,CCTV Stream,"Helmet, Safety Vest",None
2026-07-26 17:09:46,CCTV Stream,"Helmet, Safety Vest",None
2026-07-26 17:09:46,CCTV Stream,"Helmet, Safety Vest",None
2026-07-26 17:09:46,CCTV Stream,"Helmet, Safety Vest",None
2026-07-26 17:09:52,CCTV Stream,"Helmet, Safety Vest, Mask",None
2026-07-26 17:09:52,CCTV Stream,"Helmet, Safety Vest, Mask",None
2026-07-26 17:09:52,CCTV Stream,"Helmet, Safety Vest, Mask",None
2026-07-26 17:09:52,CCTV Stream,"Helmet, Safety Vest, Mask",None
2026-07-26 17:09:52,CCTV Stream,"Helmet, Safety Vest, Mask",None
2026-07-26 17:09:52,CCTV Stream,"Helmet, Safety Vest, Mask",None
2026-07-26 17:09:52,CCTV Stream,"Helmet, Safety Vest, Mask",None
2026-07-26 17:09:52,CCTV Stream,"Helmet, Safety Vest, Mask",None
2026-07-26 17:09:52,CCTV Stream,"Helmet, Safety Vest, Mask",None
2026-07-26 17:09:52,CCTV Stream,"Helmet, Safety Vest, Mask",None
2026-07-26 17:09:52,CCTV Stream,"Helmet, Safety Vest, Mask",None
2026-07-26 17:09:52,CCTV Stream,"Helmet, Safety Vest, Mask",None
2026-07-26 17:09:53,CCTV Stream,"Helmet, Safety Vest, Mask",None
2026-07-26 17:09:53,CCTV Stream,"Helmet, Safety Vest, Mask",None
2026-07-26 17:09:53,CCTV Stream,"Helmet, Safety Vest, Mask",None
2026-07-26 17:09:53,CCTV Stream,"Helmet, Safety Vest, Mask",None
2026-07-26 17:09:53,CCTV Stream,"Helmet, Safety Vest, Mask",None
2026-07-26 17:09:53,CCTV Stream,"Helmet, Safety Vest, Mask",None
2026-07-26 17:09:53,CCTV Stream,"Helmet, Safety Vest, Mask",None
2026-07-26 17:09:53,CCTV Stream,"Helmet, Safety Vest, Mask",None
2026-07-26 17:09:53,CCTV Stream,"Helmet, Safety Vest, Mask",None
2026-07-26 17:09:53,CCTV Stream,"Helmet, Safety Vest, Mask",None
2026-07-26 17:09:53,CCTV Stream,"Helmet, Safety Vest, Mask",None
2026-07-26 17:09:53,CCTV Stream,"Helmet, Safety Vest, Mask",None
2026-07-26 17:09:53,CCTV Stream,"Helmet, Safety Vest, Mask",None
2026-07-26 17:09:53,CCTV Stream,"Helmet, Safety Vest, Mask",None
2026-07-26 17:09:53,CCTV Stream,"Helmet, Safety Vest, Mask",None
2026-07-26 17:09:53,CCTV Stream,"Helmet, Safety Vest, Mask",None
2026-07-26 17:09:54,CCTV Stream,"Helmet, Safety Vest, Mask",None
2026-07-26 17:09:54,CCTV Stream,"Helmet, Safety Vest, Mask",None
2026-07-26 17:09:54,CCTV Stream,"Helmet, Safety Vest, Mask",None
2026-07-26 17:09:54,CCTV Stream,"Helmet, Safety Vest, Mask",None
2026-07-26 17:09:54,CCTV Stream,"Helmet, Safety Vest, Mask",None
2026-07-26 17:09:54,CCTV Stream,"Helmet, Safety Vest, Mask",None
2026-07-26 17:09:54,CCTV Stream,"Helmet, Safety Vest, Mask",None
2026-07-26 17:09:54,CCTV Stream,"Helmet, Safety Vest, Mask",None
2026-07-26 17:09:54,CCTV Stream,"Helmet, Safety Vest, Mask",None
2026-07-26 17:09:54,CCTV Stream,"Helmet, Safety Vest, Mask",None
2026-07-26 17:09:54,CCTV Stream,"Helmet, Safety Vest, Mask",None
2026-07-26 17:09:54,CCTV Stream,"Helmet, Safety Vest, Mask",None
2026-07-26 17:09:54,CCTV Stream,"Helmet, Safety Vest, Mask",None
2026-07-26 17:09:54,CCTV Stream,"Helmet, Safety Vest, Mask",None
2026-07-26 17:09:54,CCTV Stream,"Helmet, Safety Vest, Mask",None
2026-07-26 17:09:54,CCTV Stream,"Helmet, Safety Vest, Mask",None
2026-07-26 17:09:55,CCTV Stream,"Helmet, Safety Vest, Mask",None
2026-07-26 17:09:55,CCTV Stream,"Helmet, Safety Vest, Mask",None
2026-07-26 17:09:55,CCTV Stream,"Helmet, Safety Vest, Mask",None
2026-07-26 17:09:55,CCTV Stream,"Helmet, Safety Vest, Mask",None
2026-07-26 17:09:55,CCTV Stream,"Helmet, Safety Vest, Mask",None
2026-07-26 17:09:55,CCTV Stream,"Helmet, Safety Vest, Mask",None
2026-07-26 17:09:55,CCTV Stream,"Helmet, Safety Vest, Mask",None
2026-07-26 17:09:55,CCTV Stream,"Helmet, Safety Vest, Mask",None
2026-07-26 17:09:55,CCTV Stream,"Helmet, Safety Vest, Mask",None
2026-07-26 17:09:55,CCTV Stream,"Helmet, Safety Vest, Mask",None
2026-07-26 17:09:55,CCTV Stream,"Helmet, Safety Vest, Mask",None
2026-07-26 17:09:55,CCTV Stream,"Helmet, Safety Vest, Mask",None
2026-07-26 17:09:55,CCTV Stream,"Helmet, Safety Vest, Mask",None
2026-07-26 17:09:55,CCTV Stream,"Helmet, Safety Vest, Mask",None
2026-07-26 17:09:55,CCTV Stream,"Helmet, Safety Vest, Mask",None
2026-07-26 17:09:55,CCTV Stream,"Helmet, Safety Vest, Mask",None
2026-07-26 17:09:55,CCTV Stream,"Helmet, Safety Vest, Mask",None
2026-07-26 17:09:56,CCTV Stream,"Helmet, Safety Vest, Mask",None
2026-07-26 17:09:56,CCTV Stream,"Helmet, Safety Vest, Mask",None
2026-07-26 17:09:56,CCTV Stream,"Helmet, Safety Vest, Mask",None
2026-07-26 17:09:56,CCTV Stream,"Helmet, Safety Vest, Mask",None
2026-07-26 17:09:56,CCTV Stream,"Helmet, Safety Vest, Mask",None
2026-07-26 17:09:56,CCTV Stream,"Helmet, Safety Vest, Mask",None
2026-07-26 17:09:56,CCTV Stream,"Helmet, Safety Vest, Mask",None
2026-07-26 17:09:56,CCTV Stream,"Helmet, Safety Vest, Mask",None
2026-07-26 17:09:56,CCTV Stream,"Helmet, Safety Vest, Mask",None
2026-07-26 17:09:56,CCTV Stream,"Helmet, Safety Vest, Mask",None
2026-07-26 17:09:56,CCTV Stream,"Helmet, Safety Vest, Mask",None
2026-07-26 17:09:56,CCTV Stream,"Helmet, Safety Vest, Mask",None
2026-07-26 17:09:56,CCTV Stream,"Helmet, Safety Vest, Mask",None
2026-07-26 17:09:56,CCTV Stream,"Helmet, Safety Vest, Mask",None
2026-07-26 17:09:56,CCTV Stream,"Helmet, Safety Vest, Mask",None
2026-07-26 17:09:56,CCTV Stream,"Helmet, Safety Vest, Mask",None
2026-07-26 17:09:56,CCTV Stream,"Helmet, Safety Vest, Mask",None
2026-07-26 17:09:57,CCTV Stream,"Helmet, Safety Vest, Mask",None
2026-07-26 17:09:57,CCTV Stream,"Helmet, Safety Vest, Mask",None
2026-07-26 17:09:57,CCTV Stream,"Helmet, Safety Vest, Mask",None
2026-07-26 17:09:57,CCTV Stream,"Helmet, Safety Vest, Mask",None
2026-07-26 17:09:57,CCTV Stream,"Helmet, Safety Vest, Mask",None
2026-07-26 17:09:57,CCTV Stream,"Helmet, Safety Vest, Mask",None
2026-07-26 17:09:57,CCTV Stream,"Helmet, Safety Vest, Mask",None
2026-07-26 17:09:57,CCTV Stream,"Helmet, Safety Vest, Mask",None
2026-07-26 17:09:57,CCTV Stream,"Helmet, Safety Vest, Mask",None
2026-07-26 17:09:57,CCTV Stream,"Helmet, Safety Vest, Mask",None
2026-07-26 17:09:57,CCTV Stream,"Helmet, Safety Vest, Mask",None
2026-07-26 17:09:57,CCTV Stream,"Helmet, Safety Vest, Mask",None
2026-07-26 17:09:57,CCTV Stream,"Helmet, Safety Vest, Mask",None
2026-07-26 17:09:57,CCTV Stream,"Helmet, Safety Vest, Mask",None
2026-07-26 17:09:57,CCTV Stream,"Helmet, Safety Vest, Mask",None
2026-07-26 17:09:57,CCTV Stream,"Helmet, Safety Vest, Mask",None
2026-07-26 17:09:58,CCTV Stream,"Helmet, Safety Vest, Mask",None
2026-07-26 17:09:58,CCTV Stream,"Helmet, Safety Vest, Mask",None
2026-07-26 17:09:58,CCTV Stream,"Helmet, Safety Vest, Mask",None
2026-07-26 17:09:58,CCTV Stream,"Helmet, Safety Vest, Mask",None
2026-07-26 17:09:58,CCTV Stream,"Helmet, Safety Vest, Mask",None
2026-07-26 17:09:58,CCTV Stream,"Helmet, Safety Vest, Mask",None
2026-07-26 17:09:58,CCTV Stream,"Helmet, Safety Vest, Mask",None
2026-07-26 17:09:58,CCTV Stream,"Helmet, Safety Vest, Mask",None
2026-07-26 17:09:58,CCTV Stream,"Helmet, Safety Vest, Mask",None
2026-07-26 17:09:58,CCTV Stream,"Helmet, Safety Vest, Mask",None
2026-07-26 17:09:58,CCTV Stream,"Helmet, Safety Vest, Mask",None
2026-07-26 17:09:58,CCTV Stream,"Helmet, Safety Vest, Mask",None
2026-07-26 17:09:58,CCTV Stream,"Helmet, Safety Vest, Mask",None
2026-07-26 17:09:58,CCTV Stream,"Helmet, Safety Vest, Mask",None
2026-07-26 17:09:58,CCTV Stream,"Helmet, Safety Vest, Mask",None
2026-07-26 17:09:58,CCTV Stream,"Helmet, Safety Vest, Mask",None
2026-07-26 17:09:58,CCTV Stream,"Helmet, Safety Vest, Mask",None
2026-07-26 17:09:59,CCTV Stream,"Helmet, Safety Vest, Mask",None
2026-07-26 17:09:59,CCTV Stream,"Helmet, Safety Vest, Mask",None
2026-07-26 17:09:59,CCTV Stream,"Helmet, Safety Vest, Mask",None
2026-07-26 17:09:59,CCTV Stream,"Helmet, Safety Vest, Mask",None
2026-07-26 17:09:59,CCTV Stream,"Helmet, Safety Vest, Mask",None
2026-07-26 17:09:59,CCTV Stream,"Helmet, Safety Vest, Mask",None
2026-07-26 17:09:59,CCTV Stream,"Helmet, Safety Vest, Mask",None
2026-07-26 17:09:59,CCTV Stream,"Helmet, Safety Vest, Mask",None
2026-07-26 17:09:59,CCTV Stream,"Helmet, Safety Vest, Mask",None
2026-07-26 17:09:59,CCTV Stream,"Helmet, Safety Vest, Mask",None
2026-07-26 17:09:59,CCTV Stream,"Helmet, Safety Vest, Mask",None
2026-07-26 17:09:59,CCTV Stream,"Helmet, Safety Vest, Mask",None
2026-07-26 17:09:59,CCTV Stream,"Helmet, Safety Vest, Mask",None
2026-07-26 17:09:59,CCTV Stream,"Helmet, Safety Vest, Mask",None
2026-07-26 17:10:00,CCTV Stream,"Helmet, Safety Vest, Mask",None
2026-07-26 17:10:00,CCTV Stream,"Helmet, Safety Vest, Mask",None
2026-07-26 17:10:00,CCTV Stream,"Helmet, Safety Vest, Mask",None
2026-07-26 17:10:00,CCTV Stream,"Helmet, Safety Vest, Mask",None
2026-07-26 17:10:00,CCTV Stream,"Helmet, Safety Vest, Mask",None
2026-07-26 17:10:00,CCTV Stream,"Helmet, Safety Vest, Mask",None
2026-07-26 17:10:00,CCTV Stream,"Helmet, Safety Vest, Mask",None
2026-07-26 17:10:00,CCTV Stream,"Helmet, Safety Vest, Mask",None
2026-07-26 17:10:00,CCTV Stream,"Helmet, Safety Vest, Mask",None
2026-07-26 17:10:00,CCTV Stream,"Helmet, Safety Vest, Mask",None
2026-07-26 17:10:00,CCTV Stream,"Helmet, Safety Vest, Mask",None
2026-07-26 17:10:00,CCTV Stream,"Helmet, Safety Vest, Mask",None
2026-07-26 17:10:00,CCTV Stream,"Helmet, Safety Vest, Mask",None
2026-07-26 17:10:00,CCTV Stream,"Helmet, Safety Vest, Mask",None
2026-07-26 17:10:00,CCTV Stream,"Helmet, Safety Vest, Mask",None
2026-07-26 17:10:01,CCTV Stream,"Helmet, Safety Vest, Mask",None
2026-07-26 17:10:01,CCTV Stream,"Helmet, Safety Vest, Mask",None
2026-07-26 17:10:01,CCTV Stream,"Helmet, Safety Vest, Mask",None
2026-07-26 17:10:01,CCTV Stream,"Helmet, Safety Vest, Mask",None
2026-07-26 17:10:01,CCTV Stream,"Helmet, Safety Vest, Mask",None
2026-07-26 17:10:01,CCTV Stream,"Helmet, Safety Vest, Mask",None
2026-07-26 17:10:01,CCTV Stream,"Helmet, Safety Vest, Mask",None
2026-07-26 17:10:01,CCTV Stream,"Helmet, Safety Vest, Mask",None
2026-07-26 17:10:01,CCTV Stream,"Helmet, Safety Vest, Mask",None
2026-07-26 17:10:01,CCTV Stream,"Helmet, Safety Vest, Mask",None
2026-07-26 17:10:01,CCTV Stream,"Helmet, Safety Vest, Mask",None
2026-07-26 17:10:01,CCTV Stream,"Helmet, Safety Vest, Mask",None
2026-07-26 17:10:01,CCTV Stream,"Helmet, Safety Vest, Mask",None
2026-07-26 17:10:01,CCTV Stream,"Helmet, Safety Vest, Mask",None
2026-07-26 17:10:01,CCTV Stream,"Helmet, Safety Vest, Mask",None
2026-07-26 17:10:01,CCTV Stream,"Helmet, Safety Vest, Mask",None
2026-07-26 17:10:01,CCTV Stream,"Helmet, Safety Vest, Mask",None
2026-07-26 17:10:02,CCTV Stream,"Helmet, Safety Vest, Mask",None
2026-07-26 17:10:02,CCTV Stream,"Helmet, Safety Vest, Mask",None
2026-07-26 17:10:02,CCTV Stream,"Helmet, Safety Vest, Mask",None
2026-07-26 17:10:02,CCTV Stream,"Helmet, Safety Vest, Mask",None
2026-07-26 17:10:02,CCTV Stream,"Helmet, Safety Vest, Mask",None
2026-07-26 17:10:02,CCTV Stream,"Helmet, Safety Vest, Mask",None
2026-07-26 17:10:02,CCTV Stream,"Helmet, Safety Vest, Mask",None
2026-07-26 17:10:02,CCTV Stream,"Helmet, Safety Vest, Mask",None
2026-07-26 17:10:02,CCTV Stream,"Helmet, Safety Vest, Mask",None
2026-07-26 17:10:02,CCTV Stream,"Helmet, Safety Vest, Mask",None
2026-07-26 17:10:02,CCTV Stream,"Helmet, Safety Vest, Mask",None
2026-07-26 17:10:02,CCTV Stream,"Helmet, Safety Vest, Mask",None
2026-07-26 17:10:02,CCTV Stream,"Helmet, Safety Vest, Mask",None
2026-07-26 17:10:02,CCTV Stream,"Helmet, Safety Vest, Mask",None
2026-07-26 17:10:02,CCTV Stream,"Helmet, Safety Vest, Mask",None
2026-07-26 17:10:03,CCTV Stream,"Helmet, Safety Vest, Mask",None
2026-07-26 17:10:03,CCTV Stream,"Helmet, Safety Vest, Mask",None
2026-07-26 17:10:03,CCTV Stream,"Helmet, Safety Vest, Mask",None
2026-07-26 17:10:03,CCTV Stream,"Helmet, Safety Vest, Mask",None
2026-07-26 17:10:03,CCTV Stream,"Helmet, Safety Vest, Mask",None
2026-07-26 17:10:03,CCTV Stream,"Helmet, Safety Vest, Mask",None
2026-07-26 17:10:03,CCTV Stream,"Helmet, Safety Vest, Mask",None
2026-07-26 17:10:03,CCTV Stream,"Helmet, Safety Vest, Mask",None
2026-07-26 17:10:03,CCTV Stream,"Helmet, Safety Vest, Mask",None
2026-07-26 17:10:03,CCTV Stream,"Helmet, Safety Vest, Mask",None
2026-07-26 17:10:03,CCTV Stream,"Helmet, Safety Vest, Mask",None
2026-07-26 17:10:03,CCTV Stream,"Helmet, Safety Vest, Mask",None
2026-07-26 17:10:03,CCTV Stream,"Helmet, Safety Vest, Mask",None
2026-07-26 17:10:03,CCTV Stream,"Helmet, Safety Vest, Mask",None
2026-07-26 17:10:03,CCTV Stream,"Helmet, Safety Vest, Mask",None
2026-07-26 17:10:04,CCTV Stream,"Helmet, Safety Vest, Mask",None
2026-07-26 17:10:04,CCTV Stream,"Helmet, Safety Vest, Mask",None
2026-07-26 17:10:04,CCTV Stream,"Helmet, Safety Vest, Mask",None
2026-07-26 17:10:04,CCTV Stream,"Helmet, Safety Vest, Mask",None
2026-07-26 17:10:04,CCTV Stream,"Helmet, Safety Vest, Mask",None
2026-07-26 17:10:04,CCTV Stream,"Helmet, Safety Vest, Mask",None
2026-07-26 17:10:04,CCTV Stream,"Helmet, Safety Vest, Mask",None
2026-07-26 17:10:04,CCTV Stream,"Helmet, Safety Vest, Mask",None
2026-07-26 17:10:04,CCTV Stream,"Helmet, Safety Vest, Mask",None
2026-07-26 17:10:04,CCTV Stream,"Helmet, Safety Vest, Mask",None
2026-07-26 17:10:04,CCTV Stream,"Helmet, Safety Vest, Mask",None
2026-07-26 17:10:04,CCTV Stream,"Helmet, Safety Vest, Mask",None
2026-07-26 17:10:04,CCTV Stream,"Helmet, Safety Vest, Mask",None
2026-07-26 17:10:04,CCTV Stream,"Helmet, Safety Vest, Mask",None
2026-07-26 17:10:04,CCTV Stream,"Helmet, Safety Vest, Mask",None
2026-07-26 17:10:04,CCTV Stream,"Helmet, Safety Vest, Mask",None
2026-07-26 17:10:04,CCTV Stream,"Helmet, Safety Vest, Mask",None
2026-07-26 17:10:05,CCTV Stream,"Helmet, Safety Vest, Mask",None
2026-07-26 17:10:05,CCTV Stream,"Helmet, Safety Vest, Mask",None
2026-07-26 17:10:05,CCTV Stream,"Helmet, Safety Vest, Mask",None
2026-07-26 17:10:05,CCTV Stream,"Helmet, Safety Vest, Mask",None
2026-07-26 17:10:05,CCTV Stream,"Helmet, Safety Vest, Mask",None
2026-07-26 17:10:05,CCTV Stream,"Helmet, Safety Vest, Mask",None
2026-07-26 17:10:05,CCTV Stream,"Helmet, Safety Vest, Mask",None
2026-07-26 17:10:05,CCTV Stream,"Helmet, Safety Vest, Mask",None
2026-07-26 17:10:05,CCTV Stream,"Helmet, Safety Vest, Mask",None
2026-07-26 17:10:05,CCTV Stream,"Helmet, Safety Vest, Mask",None
2026-07-26 17:10:05,CCTV Stream,"Helmet, Safety Vest, Mask",None
2026-07-26 17:10:05,CCTV Stream,"Helmet, Safety Vest, Mask",None
2026-07-26 17:10:05,CCTV Stream,"Helmet, Safety Vest, Mask",None
2026-07-26 17:10:05,CCTV Stream,"Helmet, Safety Vest, Mask",None
2026-07-26 17:10:05,CCTV Stream,"Helmet, Safety Vest, Mask",None
2026-07-26 17:10:05,CCTV Stream,"Helmet, Safety Vest, Mask",None
2026-07-26 17:10:05,CCTV Stream,"Helmet, Safety Vest, Mask",None
2026-07-26 17:10:06,CCTV Stream,"Helmet, Safety Vest, Mask",None
2026-07-26 17:10:06,CCTV Stream,"Helmet, Safety Vest, Mask",None
2026-07-26 17:10:06,CCTV Stream,"Helmet, Safety Vest, Mask",None
2026-07-26 17:10:06,CCTV Stream,"Helmet, Safety Vest, Mask",None
2026-07-26 17:10:06,CCTV Stream,"Helmet, Safety Vest, Mask",None
2026-07-26 17:10:06,CCTV Stream,"Helmet, Safety Vest, Mask",None
2026-07-26 17:10:06,CCTV Stream,"Helmet, Safety Vest, Mask",None
2026-07-26 17:10:06,CCTV Stream,"Helmet, Safety Vest, Mask",None
2026-07-26 17:10:06,CCTV Stream,"Helmet, Safety Vest, Mask",None
2026-07-26 17:10:06,CCTV Stream,"Helmet, Safety Vest, Mask",None
2026-07-26 17:10:06,CCTV Stream,"Helmet, Safety Vest, Mask",None
2026-07-26 17:10:06,CCTV Stream,"Helmet, Safety Vest, Mask",None
2026-07-26 17:10:06,CCTV Stream,"Helmet, Safety Vest, Mask",None
2026-07-26 17:10:06,CCTV Stream,"Helmet, Safety Vest, Mask",None
2026-07-26 17:10:06,CCTV Stream,"Helmet, Safety Vest, Mask",None
2026-07-26 17:10:06,CCTV Stream,"Helmet, Safety Vest, Mask",None
2026-07-26 17:10:06,CCTV Stream,"Helmet, Safety Vest, Mask",None
2026-07-26 17:10:07,CCTV Stream,"Helmet, Safety Vest, Mask",None
2026-07-26 17:10:07,CCTV Stream,"Helmet, Safety Vest, Mask",None
2026-07-26 17:10:07,CCTV Stream,"Helmet, Safety Vest, Mask",None
2026-07-26 17:10:07,CCTV Stream,"Helmet, Safety Vest, Mask",None
2026-07-26 17:10:07,CCTV Stream,"Helmet, Safety Vest, Mask",None
2026-07-26 17:10:07,CCTV Stream,"Helmet, Safety Vest, Mask",None
2026-07-26 17:10:07,CCTV Stream,"Helmet, Safety Vest, Mask",None
2026-07-26 17:10:07,CCTV Stream,"Helmet, Safety Vest, Mask",None
2026-07-26 17:10:07,CCTV Stream,"Helmet, Safety Vest, Mask",None
2026-07-26 17:10:07,CCTV Stream,"Helmet, Safety Vest, Mask",None
2026-07-26 17:10:07,CCTV Stream,"Helmet, Safety Vest, Mask",None
2026-07-26 17:10:07,CCTV Stream,"Helmet, Safety Vest, Mask",None
2026-07-26 17:10:07,CCTV Stream,"Helmet, Safety Vest, Mask",None
2026-07-26 17:10:07,CCTV Stream,"Helmet, Safety Vest, Mask",None
2026-07-26 17:10:07,CCTV Stream,"Helmet, Safety Vest, Mask",None
2026-07-26 17:10:07,CCTV Stream,"Helmet, Safety Vest, Mask",None
2026-07-26 17:10:08,CCTV Stream,"Helmet, Safety Vest, Mask",None
2026-07-26 17:10:08,CCTV Stream,"Helmet, Safety Vest, Mask",None
2026-07-26 17:10:08,CCTV Stream,"Helmet, Safety Vest, Mask",None
2026-07-26 17:10:08,CCTV Stream,"Helmet, Safety Vest, Mask",None
2026-07-26 17:10:08,CCTV Stream,"Helmet, Safety Vest, Mask",None
2026-07-26 17:10:08,CCTV Stream,"Helmet, Safety Vest, Mask",None
2026-07-26 17:10:08,CCTV Stream,"Helmet, Safety Vest, Mask",None
2026-07-26 17:10:08,CCTV Stream,"Helmet, Safety Vest, Mask",None
2026-07-26 17:10:08,CCTV Stream,"Helmet, Safety Vest, Mask",None
2026-07-26 17:10:08,CCTV Stream,"Helmet, Safety Vest, Mask",None
2026-07-26 17:10:08,CCTV Stream,"Helmet, Safety Vest, Mask",None
2026-07-26 17:10:08,CCTV Stream,"Helmet, Safety Vest, Mask",None
2026-07-26 17:10:08,CCTV Stream,"Helmet, Safety Vest, Mask",None
2026-07-26 17:10:08,CCTV Stream,"Helmet, Safety Vest, Mask",None
2026-07-26 17:10:08,CCTV Stream,"Helmet, Safety Vest, Mask",None
2026-07-26 17:10:08,CCTV Stream,"Helmet, Safety Vest, Mask",None
2026-07-26 17:10:09,CCTV Stream,"Helmet, Safety Vest, Mask",None
2026-07-26 17:10:09,CCTV Stream,"Helmet, Safety Vest, Mask",None
2026-07-26 17:10:09,CCTV Stream,"Helmet, Safety Vest, Mask",None
2026-07-26 17:10:09,CCTV Stream,"Helmet, Safety Vest, Mask",None
2026-07-26 17:10:09,CCTV Stream,"Helmet, Safety Vest, Mask",None
2026-07-26 17:10:09,CCTV Stream,"Helmet, Safety Vest, Mask",None
2026-07-26 17:10:09,CCTV Stream,"Helmet, Safety Vest, Mask",None
2026-07-26 17:10:09,CCTV Stream,"Helmet, Safety Vest, Mask",None
2026-07-26 17:10:09,CCTV Stream,"Helmet, Safety Vest, Mask",None
2026-07-26 17:10:09,CCTV Stream,"Helmet, Safety Vest, Mask",None
2026-07-26 17:10:09,CCTV Stream,"Helmet, Safety Vest, Mask",None
2026-07-26 17:10:09,CCTV Stream,"Helmet, Safety Vest, Mask",None
2026-07-26 17:10:09,CCTV Stream,"Helmet, Safety Vest, Mask",None
2026-07-26 17:10:09,CCTV Stream,"Helmet, Safety Vest, Mask",None
2026-07-26 17:10:09,CCTV Stream,"Helmet, Safety Vest, Mask",None
2026-07-26 17:10:09,CCTV Stream,"Helmet, Safety Vest, Mask",None
2026-07-26 17:10:10,CCTV Stream,"Helmet, Safety Vest, Mask",None
2026-07-26 17:10:10,CCTV Stream,"Helmet, Safety Vest, Mask",None
2026-07-26 17:10:10,CCTV Stream,"Helmet, Safety Vest, Mask",None
2026-07-26 17:10:10,CCTV Stream,"Helmet, Safety Vest, Mask",None
2026-07-26 17:10:10,CCTV Stream,"Helmet, Safety Vest, Mask",None
2026-07-26 17:10:10,CCTV Stream,"Helmet, Safety Vest, Mask",None
2026-07-26 17:10:10,CCTV Stream,"Helmet, Safety Vest, Mask",None
2026-07-26 17:10:10,CCTV Stream,"Helmet, Safety Vest, Mask",None
2026-07-26 17:10:10,CCTV Stream,"Helmet, Safety Vest, Mask",None
2026-07-26 17:10:10,CCTV Stream,"Helmet, Safety Vest, Mask",None
2026-07-26 17:10:10,CCTV Stream,"Helmet, Safety Vest, Mask",None
2026-07-26 17:10:10,CCTV Stream,"Helmet, Safety Vest, Mask",None
2026-07-26 17:10:10,CCTV Stream,"Helmet, Safety Vest, Mask",None
2026-07-26 17:10:10,CCTV Stream,"Helmet, Safety Vest, Mask",None
2026-07-26 17:10:10,CCTV Stream,"Helmet, Safety Vest, Mask",None
2026-07-26 17:10:10,CCTV Stream,"Helmet, Safety Vest, Mask",None
2026-07-26 17:10:10,CCTV Stream,"Helmet, Safety Vest, Mask",None
2026-07-26 17:10:11,CCTV Stream,"Helmet, Safety Vest, Mask",None
2026-07-26 17:10:11,CCTV Stream,"Helmet, Safety Vest, Mask",None
2026-07-26 17:10:11,CCTV Stream,"Helmet, Safety Vest, Mask",None
2026-07-26 17:10:11,CCTV Stream,"Helmet, Safety Vest, Mask",None
2026-07-26 17:10:11,CCTV Stream,"Helmet, Safety Vest, Mask",None
2026-07-26 17:10:11,CCTV Stream,"Helmet, Safety Vest, Mask",None
2026-07-26 17:10:11,CCTV Stream,"Helmet, Safety Vest, Mask",None
2026-07-26 17:10:11,CCTV Stream,"Helmet, Safety Vest, Mask",None
2026-07-26 17:10:11,CCTV Stream,"Helmet, Safety Vest, Mask",None
2026-07-26 17:10:11,CCTV Stream,"Helmet, Safety Vest, Mask",None
2026-07-26 17:10:11,CCTV Stream,"Helmet, Safety Vest, Mask",None
2026-07-26 17:10:11,CCTV Stream,"Helmet, Safety Vest, Mask",None
2026-07-26 17:10:11,CCTV Stream,"Helmet, Safety Vest, Mask",None
2026-07-26 17:10:11,CCTV Stream,"Helmet, Safety Vest, Mask",None
2026-07-26 17:10:11,CCTV Stream,"Helmet, Safety Vest, Mask",None
2026-07-26 17:10:11,CCTV Stream,"Helmet, Safety Vest, Mask",None
2026-07-26 17:10:12,CCTV Stream,"Helmet, Safety Vest, Mask",None
2026-07-26 17:10:12,CCTV Stream,"Helmet, Safety Vest, Mask",None
2026-07-26 17:10:12,CCTV Stream,"Helmet, Safety Vest, Mask",None
2026-07-26 17:10:12,CCTV Stream,"Helmet, Safety Vest, Mask",None
2026-07-26 17:10:12,CCTV Stream,"Helmet, Safety Vest, Mask",None
2026-07-26 17:10:12,CCTV Stream,"Helmet, Safety Vest, Mask",None
2026-07-26 17:10:12,CCTV Stream,"Helmet, Safety Vest, Mask",None
2026-07-26 17:10:12,CCTV Stream,"Helmet, Safety Vest, Mask",None
2026-07-26 17:10:12,CCTV Stream,"Helmet, Safety Vest, Mask",None
2026-07-26 17:10:12,CCTV Stream,"Helmet, Safety Vest, Mask",None
2026-07-26 17:10:12,CCTV Stream,"Helmet, Safety Vest, Mask",None
2026-07-26 17:10:12,CCTV Stream,"Helmet, Safety Vest, Mask",None
2026-07-26 17:10:12,CCTV Stream,"Helmet, Safety Vest, Mask",None
2026-07-26 17:10:12,CCTV Stream,"Helmet, Safety Vest, Mask",None
2026-07-26 17:10:12,CCTV Stream,"Helmet, Safety Vest, Mask",None
2026-07-26 17:10:12,CCTV Stream,"Helmet, Safety Vest, Mask",None
2026-07-26 17:10:13,CCTV Stream,"Helmet, Safety Vest, Mask",None
2026-07-26 17:10:13,CCTV Stream,"Helmet, Safety Vest, Mask",None
2026-07-26 17:10:13,CCTV Stream,"Helmet, Safety Vest, Mask",None
2026-07-26 17:10:13,CCTV Stream,"Helmet, Safety Vest, Mask",None
2026-07-26 17:10:13,CCTV Stream,"Helmet, Safety Vest, Mask",None
2026-07-26 17:10:13,CCTV Stream,"Helmet, Safety Vest, Mask",None
2026-07-26 17:10:13,CCTV Stream,"Helmet, Safety Vest, Mask",None
2026-07-26 17:10:13,CCTV Stream,"Helmet, Safety Vest, Mask",None
2026-07-26 17:10:13,CCTV Stream,"Helmet, Safety Vest, Mask",None
2026-07-26 17:10:13,CCTV Stream,"Helmet, Safety Vest, Mask",None
2026-07-26 17:10:13,CCTV Stream,"Helmet, Safety Vest, Mask",None
2026-07-26 17:10:13,CCTV Stream,"Helmet, Safety Vest, Mask",None
2026-07-26 17:10:13,CCTV Stream,"Helmet, Safety Vest, Mask",None
2026-07-26 17:10:13,CCTV Stream,"Helmet, Safety Vest, Mask",None
2026-07-26 17:10:13,CCTV Stream,"Helmet, Safety Vest, Mask",None
2026-07-26 17:10:13,CCTV Stream,"Helmet, Safety Vest, Mask",None
2026-07-26 17:10:14,CCTV Stream,"Helmet, Safety Vest, Mask",None
2026-07-26 17:10:14,CCTV Stream,"Helmet, Safety Vest, Mask",None
2026-07-26 17:10:14,CCTV Stream,"Helmet, Safety Vest, Mask",None
2026-07-26 17:10:14,CCTV Stream,"Helmet, Safety Vest, Mask",None
2026-07-26 17:10:14,CCTV Stream,"Helmet, Safety Vest, Mask",None
2026-07-26 17:10:14,CCTV Stream,"Helmet, Safety Vest, Mask",None
2026-07-26 17:10:14,CCTV Stream,"Helmet, Safety Vest, Mask",None
2026-07-26 17:10:14,CCTV Stream,"Helmet, Safety Vest, Mask",None
2026-07-26 17:10:14,CCTV Stream,"Helmet, Safety Vest, Mask",None
2026-07-26 17:10:14,CCTV Stream,"Helmet, Safety Vest, Mask",None
2026-07-26 17:10:14,CCTV Stream,"Helmet, Safety Vest, Mask",None
2026-07-26 17:10:14,CCTV Stream,"Helmet, Safety Vest, Mask",None
2026-07-26 17:10:14,CCTV Stream,"Helmet, Safety Vest, Mask",None
2026-07-26 17:10:14,CCTV Stream,"Helmet, Safety Vest, Mask",None
2026-07-26 17:10:14,CCTV Stream,"Helmet, Safety Vest, Mask",None
2026-07-26 17:10:14,CCTV Stream,"Helmet, Safety Vest, Mask",None
2026-07-26 17:10:15,CCTV Stream,"Helmet, Safety Vest, Mask",None
2026-07-26 17:10:15,CCTV Stream,"Helmet, Safety Vest, Mask",None
2026-07-26 17:10:15,CCTV Stream,"Helmet, Safety Vest, Mask",None
2026-07-26 17:10:15,CCTV Stream,"Helmet, Safety Vest, Mask",None
2026-07-26 17:10:15,CCTV Stream,"Helmet, Safety Vest, Mask",None
2026-07-26 17:10:15,CCTV Stream,"Helmet, Safety Vest, Mask",None
2026-07-26 17:10:15,CCTV Stream,"Helmet, Safety Vest, Mask",None
2026-07-26 17:10:15,CCTV Stream,"Helmet, Safety Vest, Mask",None
2026-07-26 17:10:15,CCTV Stream,"Helmet, Safety Vest, Mask",None
2026-07-26 17:10:15,CCTV Stream,"Helmet, Safety Vest, Mask",None
2026-07-26 17:10:15,CCTV Stream,"Helmet, Safety Vest, Mask",None
2026-07-26 17:10:15,CCTV Stream,"Helmet, Safety Vest, Mask",None
2026-07-26 17:10:15,CCTV Stream,"Helmet, Safety Vest, Mask",None
2026-07-26 17:10:15,CCTV Stream,"Helmet, Safety Vest, Mask",None
2026-07-26 17:10:15,CCTV Stream,"Helmet, Safety Vest, Mask",None
2026-07-26 17:10:15,CCTV Stream,"Helmet, Safety Vest, Mask",None
2026-07-26 17:10:16,CCTV Stream,"Helmet, Safety Vest, Mask",None
2026-07-26 17:10:16,CCTV Stream,"Helmet, Safety Vest, Mask",None
2026-07-26 17:10:16,CCTV Stream,"Helmet, Safety Vest, Mask",None
2026-07-26 17:10:16,CCTV Stream,"Helmet, Safety Vest, Mask",None
2026-07-26 17:10:16,CCTV Stream,"Helmet, Safety Vest, Mask",None
2026-07-26 17:10:16,CCTV Stream,"Helmet, Safety Vest, Mask",None
2026-07-26 17:10:16,CCTV Stream,"Helmet, Safety Vest, Mask",None
2026-07-26 17:10:16,CCTV Stream,"Helmet, Safety Vest, Mask",None
2026-07-26 17:10:16,CCTV Stream,"Helmet, Safety Vest, Mask",None
2026-07-26 17:10:16,CCTV Stream,"Helmet, Safety Vest, Mask",None
2026-07-26 17:10:16,CCTV Stream,"Helmet, Safety Vest, Mask",None
2026-07-26 17:10:16,CCTV Stream,"Helmet, Safety Vest, Mask",None
2026-07-26 17:10:16,CCTV Stream,"Helmet, Safety Vest, Mask",None
2026-07-26 17:10:16,CCTV Stream,"Helmet, Safety Vest, Mask",None
2026-07-26 17:10:16,CCTV Stream,"Helmet, Safety Vest, Mask",None
2026-07-26 17:10:16,CCTV Stream,"Helmet, Safety Vest, Mask",None
2026-07-26 17:10:17,CCTV Stream,"Helmet, Safety Vest, Mask",None
2026-07-26 17:10:17,CCTV Stream,"Helmet, Safety Vest, Mask",None
2026-07-26 17:10:17,CCTV Stream,"Helmet, Safety Vest, Mask",None
2026-07-26 17:10:17,CCTV Stream,"Helmet, Safety Vest, Mask",None
2026-07-26 17:10:17,CCTV Stream,"Helmet, Safety Vest, Mask",None
2026-07-26 17:10:17,CCTV Stream,"Helmet, Safety Vest, Mask",None
2026-07-26 17:10:17,CCTV Stream,"Helmet, Safety Vest, Mask",None
2026-07-26 17:10:17,CCTV Stream,"Helmet, Safety Vest, Mask",None
2026-07-26 17:10:17,CCTV Stream,"Helmet, Safety Vest, Mask",None
2026-07-26 17:10:17,CCTV Stream,"Helmet, Safety Vest, Mask",None
2026-07-26 17:10:17,CCTV Stream,"Helmet, Safety Vest, Mask",None
2026-07-26 17:10:17,CCTV Stream,"Helmet, Safety Vest, Mask",None
2026-07-26 17:10:17,CCTV Stream,"Helmet, Safety Vest, Mask",None
2026-07-26 17:10:17,CCTV Stream,"Helmet, Safety Vest, Mask",None
2026-07-26 17:10:17,CCTV Stream,"Helmet, Safety Vest, Mask",None
2026-07-26 17:10:17,CCTV Stream,"Helmet, Safety Vest, Mask",None
2026-07-26 17:10:17,CCTV Stream,"Helmet, Safety Vest, Mask",None
2026-07-26 17:10:18,CCTV Stream,"Helmet, Safety Vest, Mask",None
2026-07-26 17:10:18,CCTV Stream,"Helmet, Safety Vest, Mask",None
2026-07-26 17:10:18,CCTV Stream,"Helmet, Safety Vest, Mask",None
2026-07-26 17:10:18,CCTV Stream,"Helmet, Safety Vest, Mask",None
2026-07-26 17:10:18,CCTV Stream,"Helmet, Safety Vest, Mask",None
2026-07-26 17:10:18,CCTV Stream,"Helmet, Safety Vest, Mask",None
2026-07-26 17:10:18,CCTV Stream,"Helmet, Safety Vest, Mask",None
2026-07-26 17:10:18,CCTV Stream,"Helmet, Safety Vest, Mask",None
2026-07-26 17:10:18,CCTV Stream,"Helmet, Safety Vest, Mask",None
2026-07-26 17:10:18,CCTV Stream,"Helmet, Safety Vest, Mask",None
2026-07-26 17:10:18,CCTV Stream,"Helmet, Safety Vest, Mask",None
2026-07-26 17:10:18,CCTV Stream,"Helmet, Safety Vest, Mask",None
2026-07-26 17:10:18,CCTV Stream,"Helmet, Safety Vest, Mask",None
2026-07-26 17:10:18,CCTV Stream,"Helmet, Safety Vest, Mask",None
2026-07-26 17:10:18,CCTV Stream,"Helmet, Safety Vest, Mask",None
2026-07-26 17:10:18,CCTV Stream,"Helmet, Safety Vest, Mask",None
2026-07-26 17:10:19,CCTV Stream,"Helmet, Safety Vest, Mask",None
2026-07-26 17:10:19,CCTV Stream,"Helmet, Safety Vest, Mask",None
2026-07-26 17:10:19,CCTV Stream,"Helmet, Safety Vest, Mask",None
2026-07-26 17:10:19,CCTV Stream,"Helmet, Safety Vest, Mask",None
2026-07-26 17:10:19,CCTV Stream,"Helmet, Safety Vest, Mask",None
2026-07-26 17:10:19,CCTV Stream,"Helmet, Safety Vest, Mask",None
2026-07-26 17:10:19,CCTV Stream,"Helmet, Safety Vest, Mask",None
2026-07-26 17:10:19,CCTV Stream,"Helmet, Safety Vest, Mask",None
2026-07-26 17:10:19,CCTV Stream,"Helmet, Safety Vest, Mask",None
2026-07-26 17:10:19,CCTV Stream,"Helmet, Safety Vest, Mask",None
2026-07-26 17:10:19,CCTV Stream,"Helmet, Safety Vest, Mask",None
2026-07-26 17:10:19,CCTV Stream,"Helmet, Safety Vest, Mask",None
2026-07-26 17:10:19,CCTV Stream,"Helmet, Safety Vest, Mask",None
2026-07-26 17:10:19,CCTV Stream,"Helmet, Safety Vest, Mask",None
2026-07-26 17:10:19,CCTV Stream,"Helmet, Safety Vest, Mask",None
2026-07-26 17:10:19,CCTV Stream,"Helmet, Safety Vest, Mask",None
2026-07-26 17:10:19,CCTV Stream,"Helmet, Safety Vest, Mask",None
2026-07-26 17:10:20,CCTV Stream,"Helmet, Safety Vest, Mask",None
2026-07-26 17:10:20,CCTV Stream,"Helmet, Safety Vest, Mask",None
2026-07-26 17:10:20,CCTV Stream,"Helmet, Safety Vest, Mask",None
2026-07-26 17:10:20,CCTV Stream,"Helmet, Safety Vest, Mask",None
2026-07-26 17:10:20,CCTV Stream,"Helmet, Safety Vest, Mask",None
2026-07-26 17:10:20,CCTV Stream,"Helmet, Safety Vest, Mask",None
2026-07-26 17:10:20,CCTV Stream,"Helmet, Safety Vest, Mask",None
2026-07-26 17:10:20,CCTV Stream,"Helmet, Safety Vest, Mask",None
2026-07-26 17:10:20,CCTV Stream,"Helmet, Safety Vest, Mask",None
2026-07-26 17:10:20,CCTV Stream,"Helmet, Safety Vest, Mask",None
2026-07-26 17:10:20,CCTV Stream,"Helmet, Safety Vest, Mask",None
2026-07-26 17:10:20,CCTV Stream,"Helmet, Safety Vest, Mask",None
2026-07-26 17:10:20,CCTV Stream,"Helmet, Safety Vest, Mask",None
2026-07-26 17:10:20,CCTV Stream,"Helmet, Safety Vest, Mask",None
2026-07-26 17:10:20,CCTV Stream,"Helmet, Safety Vest, Mask",None
2026-07-26 17:10:20,CCTV Stream,"Helmet, Safety Vest, Mask",None
2026-07-26 17:10:20,CCTV Stream,"Helmet, Safety Vest, Mask",None
2026-07-26 17:10:21,CCTV Stream,"Helmet, Safety Vest, Mask",None
2026-07-26 17:10:21,CCTV Stream,"Helmet, Safety Vest, Mask",None
2026-07-26 17:10:21,CCTV Stream,"Helmet, Safety Vest, Mask",None
2026-07-26 17:10:21,CCTV Stream,"Helmet, Safety Vest, Mask",None
2026-07-26 17:10:21,CCTV Stream,"Helmet, Safety Vest, Mask",None
2026-07-26 17:10:21,CCTV Stream,"Helmet, Safety Vest, Mask",None
2026-07-26 17:10:21,CCTV Stream,"Helmet, Safety Vest, Mask",None
2026-07-26 17:10:21,CCTV Stream,"Helmet, Safety Vest, Mask",None
2026-07-26 17:10:21,CCTV Stream,"Helmet, Safety Vest, Mask",None
2026-07-26 17:10:21,CCTV Stream,"Helmet, Safety Vest, Mask",None
2026-07-26 17:10:21,CCTV Stream,"Helmet, Safety Vest, Mask",None
2026-07-26 17:10:21,CCTV Stream,"Helmet, Safety Vest, Mask",None
2026-07-26 17:10:21,CCTV Stream,"Helmet, Safety Vest, Mask",None
2026-07-26 17:10:21,CCTV Stream,"Helmet, Safety Vest, Mask",None
2026-07-26 17:10:21,CCTV Stream,"Helmet, Safety Vest, Mask",None
2026-07-26 17:10:21,CCTV Stream,"Helmet, Safety Vest, Mask",None
2026-07-26 17:10:21,CCTV Stream,"Helmet, Safety Vest, Mask",None
2026-07-26 17:10:22,CCTV Stream,"Helmet, Safety Vest, Mask",None
2026-07-26 17:10:22,CCTV Stream,"Helmet, Safety Vest, Mask",None
2026-07-26 17:10:22,CCTV Stream,"Helmet, Safety Vest, Mask",None
2026-07-26 17:10:22,CCTV Stream,"Helmet, Safety Vest, Mask",None
2026-07-26 17:10:22,CCTV Stream,"Helmet, Safety Vest, Mask",None
2026-07-26 17:10:22,CCTV Stream,"Helmet, Safety Vest, Mask",None
2026-07-26 17:10:22,CCTV Stream,"Helmet, Safety Vest, Mask",None
2026-07-26 17:10:22,CCTV Stream,"Helmet, Safety Vest, Mask",None
2026-07-26 17:10:22,CCTV Stream,"Helmet, Safety Vest, Mask",None
2026-07-26 17:10:22,CCTV Stream,"Helmet, Safety Vest, Mask",None
2026-07-26 17:10:22,CCTV Stream,"Helmet, Safety Vest, Mask",None
2026-07-26 17:10:22,CCTV Stream,"Helmet, Safety Vest, Mask",None
2026-07-26 17:10:22,CCTV Stream,"Helmet, Safety Vest, Mask",None
2026-07-26 17:10:22,CCTV Stream,"Helmet, Safety Vest, Mask",None
2026-07-26 17:10:22,CCTV Stream,"Helmet, Safety Vest, Mask",None
2026-07-26 17:10:22,CCTV Stream,"Helmet, Safety Vest, Mask",None
2026-07-26 17:10:22,CCTV Stream,"Helmet, Safety Vest, Mask",None
2026-07-26 17:10:23,CCTV Stream,"Helmet, Safety Vest, Mask",None
2026-07-26 17:10:23,CCTV Stream,"Helmet, Safety Vest, Mask",None
2026-07-26 17:10:23,CCTV Stream,"Helmet, Safety Vest, Mask",None
2026-07-26 17:10:23,CCTV Stream,"Helmet, Safety Vest, Mask",None
2026-07-26 17:10:23,CCTV Stream,"Helmet, Safety Vest, Mask",None
2026-07-26 17:10:23,CCTV Stream,"Helmet, Safety Vest, Mask",None
2026-07-26 17:10:23,CCTV Stream,"Helmet, Safety Vest, Mask",None
2026-07-26 17:10:23,CCTV Stream,"Helmet, Safety Vest, Mask",None
2026-07-26 17:10:23,CCTV Stream,"Helmet, Safety Vest, Mask",None
2026-07-26 17:10:23,CCTV Stream,"Helmet, Safety Vest, Mask",None
2026-07-26 17:10:23,CCTV Stream,"Helmet, Safety Vest, Mask",None
2026-07-26 17:10:23,CCTV Stream,"Helmet, Safety Vest, Mask",None
2026-07-26 17:10:23,CCTV Stream,"Helmet, Safety Vest, Mask",None
2026-07-26 17:10:23,CCTV Stream,"Helmet, Safety Vest, Mask",None
2026-07-26 17:10:23,CCTV Stream,"Helmet, Safety Vest, Mask",None
2026-07-26 17:10:23,CCTV Stream,"Helmet, Safety Vest, Mask",None
2026-07-26 17:10:24,CCTV Stream,"Helmet, Safety Vest, Mask",None
2026-07-26 17:10:24,CCTV Stream,"Helmet, Safety Vest, Mask",None
2026-07-26 17:10:24,CCTV Stream,"Helmet, Safety Vest, Mask",None
2026-07-26 17:10:24,CCTV Stream,"Helmet, Safety Vest, Mask",None
2026-07-26 17:10:24,CCTV Stream,"Helmet, Safety Vest, Mask",None
2026-07-26 17:10:24,CCTV Stream,"Helmet, Safety Vest, Mask",None
2026-07-26 17:10:24,CCTV Stream,"Helmet, Safety Vest, Mask",None
2026-07-26 17:10:24,CCTV Stream,"Helmet, Safety Vest, Mask",None
2026-07-26 17:10:24,CCTV Stream,"Helmet, Safety Vest, Mask",None
2026-07-26 17:10:24,CCTV Stream,"Helmet, Safety Vest, Mask",None
2026-07-26 17:10:24,CCTV Stream,"Helmet, Safety Vest, Mask",None
2026-07-26 17:10:24,CCTV Stream,"Helmet, Safety Vest, Mask",None
2026-07-26 17:10:24,CCTV Stream,"Helmet, Safety Vest, Mask",None
2026-07-26 17:10:24,CCTV Stream,"Helmet, Safety Vest, Mask",None
2026-07-26 17:10:24,CCTV Stream,"Helmet, Safety Vest, Mask",None
2026-07-26 17:10:25,CCTV Stream,"Helmet, Safety Vest, Mask",None
2026-07-26 17:10:25,CCTV Stream,"Helmet, Safety Vest, Mask",None
2026-07-26 17:10:25,CCTV Stream,"Helmet, Safety Vest, Mask",None
2026-07-26 17:10:25,CCTV Stream,"Helmet, Safety Vest, Mask",None
2026-07-26 17:10:25,CCTV Stream,"Helmet, Safety Vest, Mask",None
2026-07-26 17:10:25,CCTV Stream,"Helmet, Safety Vest, Mask",None
2026-07-26 17:10:25,CCTV Stream,"Helmet, Safety Vest, Mask",None
2026-07-26 17:10:25,CCTV Stream,"Helmet, Safety Vest, Mask",None
2026-07-26 17:10:25,CCTV Stream,"Helmet, Safety Vest, Mask",None
2026-07-26 17:10:25,CCTV Stream,"Helmet, Safety Vest, Mask",None
2026-07-26 17:10:25,CCTV Stream,"Helmet, Safety Vest, Mask",None
2026-07-26 17:10:25,CCTV Stream,"Helmet, Safety Vest, Mask",None
2026-07-26 17:10:25,CCTV Stream,"Helmet, Safety Vest, Mask",None
2026-07-26 17:10:25,CCTV Stream,"Helmet, Safety Vest, Mask",None
2026-07-26 17:10:25,CCTV Stream,"Helmet, Safety Vest, Mask",None
2026-07-26 17:10:25,CCTV Stream,"Helmet, Safety Vest, Mask",None
2026-07-26 17:10:26,CCTV Stream,"Helmet, Safety Vest, Mask",None
2026-07-26 17:10:26,CCTV Stream,"Helmet, Safety Vest, Mask",None
2026-07-26 17:10:26,CCTV Stream,"Helmet, Safety Vest, Mask",None
2026-07-26 17:10:26,CCTV Stream,"Helmet, Safety Vest, Mask",None
2026-07-26 17:10:26,CCTV Stream,"Helmet, Safety Vest, Mask",None
2026-07-26 17:10:26,CCTV Stream,"Helmet, Safety Vest, Mask",None
2026-07-26 17:10:26,CCTV Stream,"Helmet, Safety Vest, Mask",None
2026-07-26 17:10:26,CCTV Stream,"Helmet, Safety Vest, Mask",None
2026-07-26 17:10:26,CCTV Stream,"Helmet, Safety Vest, Mask",None
2026-07-26 17:10:26,CCTV Stream,"Helmet, Safety Vest, Mask",None
2026-07-26 17:10:26,CCTV Stream,"Helmet, Safety Vest, Mask",None
2026-07-26 17:10:26,CCTV Stream,"Helmet, Safety Vest, Mask",None
2026-07-26 17:10:26,CCTV Stream,"Helmet, Safety Vest, Mask",None
2026-07-26 17:10:26,CCTV Stream,"Helmet, Safety Vest, Mask",None
2026-07-26 17:10:26,CCTV Stream,"Helmet, Safety Vest, Mask",None
2026-07-26 17:10:27,CCTV Stream,"Helmet, Safety Vest, Mask",None
2026-07-26 17:10:27,CCTV Stream,"Helmet, Safety Vest, Mask",None
2026-07-26 17:10:27,CCTV Stream,"Helmet, Safety Vest, Mask",None
2026-07-26 17:10:27,CCTV Stream,"Helmet, Safety Vest, Mask",None
2026-07-26 17:10:27,CCTV Stream,"Helmet, Safety Vest, Mask",None
2026-07-26 17:10:27,CCTV Stream,"Helmet, Safety Vest, Mask",None
2026-07-26 17:10:27,CCTV Stream,"Helmet, Safety Vest, Mask",None
2026-07-26 17:10:27,CCTV Stream,"Helmet, Safety Vest, Mask",None
2026-07-26 17:10:27,CCTV Stream,"Helmet, Safety Vest, Mask",None
2026-07-26 17:10:27,CCTV Stream,"Helmet, Safety Vest, Mask",None
2026-07-26 17:10:27,CCTV Stream,"Helmet, Safety Vest, Mask",None
2026-07-26 17:10:27,CCTV Stream,"Helmet, Safety Vest, Mask",None
2026-07-26 17:10:27,CCTV Stream,"Helmet, Safety Vest, Mask",None
2026-07-26 17:10:27,CCTV Stream,"Helmet, Safety Vest, Mask",None
2026-07-26 17:10:27,CCTV Stream,"Helmet, Safety Vest, Mask",None
2026-07-26 17:10:27,CCTV Stream,"Helmet, Safety Vest, Mask",None
2026-07-26 17:10:28,CCTV Stream,"Helmet, Safety Vest, Mask",None
2026-07-26 17:10:28,CCTV Stream,"Helmet, Safety Vest, Mask",None
2026-07-26 17:10:28,CCTV Stream,"Helmet, Safety Vest, Mask",None
2026-07-26 17:10:28,CCTV Stream,"Helmet, Safety Vest, Mask",None
2026-07-26 17:10:28,CCTV Stream,"Helmet, Safety Vest, Mask",None
2026-07-26 17:10:28,CCTV Stream,"Helmet, Safety Vest, Mask",None
2026-07-26 17:10:28,CCTV Stream,"Helmet, Safety Vest, Mask",None
2026-07-26 17:10:28,CCTV Stream,"Helmet, Safety Vest, Mask",None
2026-07-26 17:10:28,CCTV Stream,"Helmet, Safety Vest, Mask",None
2026-07-26 17:10:28,CCTV Stream,"Helmet, Safety Vest, Mask",None
2026-07-26 17:10:28,CCTV Stream,"Helmet, Safety Vest, Mask",None
2026-07-26 17:10:28,CCTV Stream,"Helmet, Safety Vest, Mask",None
2026-07-26 17:10:28,CCTV Stream,"Helmet, Safety Vest, Mask",None
2026-07-26 17:10:28,CCTV Stream,"Helmet, Safety Vest, Mask",None
2026-07-26 17:10:28,CCTV Stream,"Helmet, Safety Vest, Mask",None
2026-07-26 17:10:28,CCTV Stream,"Helmet, Safety Vest, Mask",None
2026-07-26 17:10:29,CCTV Stream,"Helmet, Safety Vest, Mask",None
2026-07-26 17:10:29,CCTV Stream,"Helmet, Safety Vest, Mask",None
2026-07-26 17:10:29,CCTV Stream,"Helmet, Safety Vest, Mask",None
2026-07-26 17:10:29,CCTV Stream,"Helmet, Safety Vest, Mask",None
2026-07-26 17:10:29,CCTV Stream,"Helmet, Safety Vest, Mask",None
2026-07-26 17:10:29,CCTV Stream,"Helmet, Safety Vest, Mask",None
2026-07-26 17:10:29,CCTV Stream,"Helmet, Safety Vest, Mask",None
2026-07-26 17:10:29,CCTV Stream,"Helmet, Safety Vest, Mask",None
2026-07-26 17:10:29,CCTV Stream,"Helmet, Safety Vest, Mask",None
2026-07-26 17:10:29,CCTV Stream,"Helmet, Safety Vest, Mask",None
2026-07-26 17:10:29,CCTV Stream,"Helmet, Safety Vest, Mask",None
2026-07-26 17:10:29,CCTV Stream,"Helmet, Safety Vest, Mask",None
2026-07-26 17:10:29,CCTV Stream,"Helmet, Safety Vest, Mask",None
2026-07-26 17:10:29,CCTV Stream,"Helmet, Safety Vest, Mask",None
2026-07-26 17:10:29,CCTV Stream,"Helmet, Safety Vest, Mask",None
2026-07-26 17:10:29,CCTV Stream,"Helmet, Safety Vest, Mask",None
2026-07-26 17:10:30,CCTV Stream,"Helmet, Safety Vest, Mask",None
2026-07-26 17:10:30,CCTV Stream,"Helmet, Safety Vest, Mask",None
2026-07-26 17:10:30,CCTV Stream,"Helmet, Safety Vest, Mask",None
2026-07-26 17:10:30,CCTV Stream,"Helmet, Safety Vest, Mask",None
2026-07-26 17:10:30,CCTV Stream,"Helmet, Safety Vest, Mask",None
2026-07-26 17:10:30,CCTV Stream,"Helmet, Safety Vest, Mask",None
2026-07-26 17:10:30,CCTV Stream,"Helmet, Safety Vest, Mask",None
2026-07-26 17:10:30,CCTV Stream,"Helmet, Safety Vest, Mask",None
2026-07-26 17:10:30,CCTV Stream,"Helmet, Safety Vest, Mask",None
2026-07-26 17:10:30,CCTV Stream,"Helmet, Safety Vest, Mask",None
2026-07-26 17:10:30,CCTV Stream,"Helmet, Safety Vest, Mask",None
2026-07-26 17:10:30,CCTV Stream,"Helmet, Safety Vest, Mask",None
2026-07-26 17:10:30,CCTV Stream,"Helmet, Safety Vest, Mask",None
2026-07-26 17:10:30,CCTV Stream,"Helmet, Safety Vest, Mask",None
2026-07-26 17:10:30,CCTV Stream,"Helmet, Safety Vest, Mask",None
2026-07-26 17:10:30,CCTV Stream,"Helmet, Safety Vest, Mask",None
2026-07-26 17:10:30,CCTV Stream,"Helmet, Safety Vest, Mask",None
2026-07-26 17:10:31,CCTV Stream,"Helmet, Safety Vest, Mask",None
2026-07-26 17:10:31,CCTV Stream,"Helmet, Safety Vest, Mask",None
2026-07-26 17:10:31,CCTV Stream,"Helmet, Safety Vest, Mask",None
2026-07-26 17:10:31,CCTV Stream,"Helmet, Safety Vest, Mask",None
2026-07-26 17:10:31,CCTV Stream,"Helmet, Safety Vest, Mask",None
2026-07-26 17:10:31,CCTV Stream,"Helmet, Safety Vest, Mask",None
2026-07-26 17:10:31,CCTV Stream,"Helmet, Safety Vest, Mask",None
2026-07-26 17:10:31,CCTV Stream,"Helmet, Safety Vest, Mask",None
2026-07-26 17:10:31,CCTV Stream,"Helmet, Safety Vest, Mask",None
2026-07-26 17:10:31,CCTV Stream,"Helmet, Safety Vest, Mask",None
2026-07-26 17:10:31,CCTV Stream,"Helmet, Safety Vest, Mask",None
2026-07-26 17:10:31,CCTV Stream,"Helmet, Safety Vest, Mask",None
2026-07-26 17:10:31,CCTV Stream,"Helmet, Safety Vest, Mask",None
2026-07-26 17:10:31,CCTV Stream,"Helmet, Safety Vest, Mask",None
2026-07-26 17:10:31,CCTV Stream,"Helmet, Safety Vest, Mask",None
2026-07-26 17:10:31,CCTV Stream,"Helmet, Safety Vest, Mask",None
2026-07-26 17:10:31,CCTV Stream,"Helmet, Safety Vest, Mask",None
2026-07-26 17:10:32,CCTV Stream,"Helmet, Safety Vest, Mask",None
2026-07-26 17:10:32,CCTV Stream,"Helmet, Safety Vest, Mask",None
2026-07-26 17:10:32,CCTV Stream,"Helmet, Safety Vest, Mask",None
2026-07-26 17:10:32,CCTV Stream,"Helmet, Safety Vest, Mask",None
2026-07-26 17:10:32,CCTV Stream,"Helmet, Safety Vest, Mask",None
2026-07-26 17:10:32,CCTV Stream,"Helmet, Safety Vest, Mask",None
2026-07-26 17:10:32,CCTV Stream,"Helmet, Safety Vest, Mask",None
2026-07-26 17:10:32,CCTV Stream,"Helmet, Safety Vest, Mask",None
2026-07-26 17:10:32,CCTV Stream,"Helmet, Safety Vest, Mask",None
2026-07-26 17:10:32,CCTV Stream,"Helmet, Safety Vest, Mask",None
2026-07-26 17:10:32,CCTV Stream,"Helmet, Safety Vest, Mask",None
2026-07-26 17:10:32,CCTV Stream,"Helmet, Safety Vest, Mask",None
2026-07-26 17:10:32,CCTV Stream,"Helmet, Safety Vest, Mask",None
2026-07-26 17:10:32,CCTV Stream,"Helmet, Safety Vest, Mask",None
2026-07-26 17:10:32,CCTV Stream,"Helmet, Safety Vest, Mask",None
2026-07-26 17:10:32,CCTV Stream,"Helmet, Safety Vest, Mask",None
2026-07-26 17:10:32,CCTV Stream,"Helmet, Safety Vest, Mask",None
2026-07-26 17:10:33,CCTV Stream,"Helmet, Safety Vest, Mask",None
2026-07-26 17:10:33,CCTV Stream,"Helmet, Safety Vest, Mask",None
2026-07-26 17:10:33,CCTV Stream,"Helmet, Safety Vest, Mask",None
2026-07-26 17:10:33,CCTV Stream,"Helmet, Safety Vest, Mask",None
2026-07-26 17:10:33,CCTV Stream,"Helmet, Safety Vest, Mask",None
2026-07-26 17:10:33,CCTV Stream,"Helmet, Safety Vest, Mask",None
2026-07-26 17:10:33,CCTV Stream,"Helmet, Safety Vest, Mask",None
2026-07-26 17:10:33,CCTV Stream,"Helmet, Safety Vest, Mask",None
2026-07-26 17:10:33,CCTV Stream,"Helmet, Safety Vest, Mask",None
2026-07-26 17:10:33,CCTV Stream,"Helmet, Safety Vest, Mask",None
2026-07-26 17:10:33,CCTV Stream,"Helmet, Safety Vest, Mask",None
2026-07-26 17:10:33,CCTV Stream,"Helmet, Safety Vest, Mask",None
2026-07-26 17:10:33,CCTV Stream,"Helmet, Safety Vest, Mask",None
2026-07-26 17:10:33,CCTV Stream,"Helmet, Safety Vest, Mask",None
2026-07-26 17:10:33,CCTV Stream,"Helmet, Safety Vest, Mask",None
2026-07-26 17:10:33,CCTV Stream,"Helmet, Safety Vest, Mask",None
2026-07-26 17:10:33,CCTV Stream,"Helmet, Safety Vest, Mask",None
2026-07-26 17:10:34,CCTV Stream,"Helmet, Safety Vest, Mask",None
2026-07-26 17:10:34,CCTV Stream,"Helmet, Safety Vest, Mask",None
2026-07-26 17:10:34,CCTV Stream,"Helmet, Safety Vest, Mask",None
2026-07-26 17:10:34,CCTV Stream,"Helmet, Safety Vest, Mask",None
2026-07-26 17:10:34,CCTV Stream,"Helmet, Safety Vest, Mask",None
2026-07-26 17:10:34,CCTV Stream,"Helmet, Safety Vest, Mask",None
2026-07-26 17:10:34,CCTV Stream,"Helmet, Safety Vest, Mask",None
2026-07-26 17:10:34,CCTV Stream,"Helmet, Safety Vest, Mask",None
2026-07-26 17:10:34,CCTV Stream,"Helmet, Safety Vest, Mask",None
2026-07-26 17:10:34,CCTV Stream,"Helmet, Safety Vest, Mask",None
2026-07-26 17:10:34,CCTV Stream,"Helmet, Safety Vest, Mask",None
2026-07-26 17:10:34,CCTV Stream,"Helmet, Safety Vest, Mask",None
2026-07-26 17:10:34,CCTV Stream,"Helmet, Safety Vest, Mask",None
2026-07-26 17:10:34,CCTV Stream,"Helmet, Safety Vest, Mask",None
2026-07-26 17:10:34,CCTV Stream,"Helmet, Safety Vest, Mask",None
2026-07-26 17:10:34,CCTV Stream,"Helmet, Safety Vest, Mask",None
2026-07-26 17:10:34,CCTV Stream,"Helmet, Safety Vest, Mask",None
2026-07-26 17:10:35,CCTV Stream,"Helmet, Safety Vest, Mask",None
2026-07-26 17:10:35,CCTV Stream,"Helmet, Safety Vest, Mask",None
2026-07-26 17:10:35,CCTV Stream,"Helmet, Safety Vest, Mask",None
2026-07-26 17:10:35,CCTV Stream,"Helmet, Safety Vest, Mask",None
2026-07-26 17:10:35,CCTV Stream,"Helmet, Safety Vest, Mask",None
2026-07-26 17:10:35,CCTV Stream,"Helmet, Safety Vest, Mask",None
2026-07-26 17:10:35,CCTV Stream,"Helmet, Safety Vest, Mask",None
2026-07-26 17:10:35,CCTV Stream,"Helmet, Safety Vest, Mask",None
2026-07-26 17:10:35,CCTV Stream,"Helmet, Safety Vest, Mask",None
2026-07-26 17:10:35,CCTV Stream,"Helmet, Safety Vest, Mask",None
2026-07-26 17:10:35,CCTV Stream,"Helmet, Safety Vest, Mask",None
2026-07-26 17:10:35,CCTV Stream,"Helmet, Safety Vest, Mask",None
2026-07-26 17:10:35,CCTV Stream,"Helmet, Safety Vest, Mask",None
2026-07-26 17:10:35,CCTV Stream,"Helmet, Safety Vest, Mask",None
2026-07-26 17:10:35,CCTV Stream,"Helmet, Safety Vest, Mask",None
2026-07-26 17:10:35,CCTV Stream,"Helmet, Safety Vest, Mask",None
2026-07-26 17:10:35,CCTV Stream,"Helmet, Safety Vest, Mask",None
2026-07-26 17:10:36,CCTV Stream,"Helmet, Safety Vest, Mask",None
2026-07-26 17:10:36,CCTV Stream,"Helmet, Safety Vest, Mask",None
2026-07-26 17:10:36,CCTV Stream,"Helmet, Safety Vest, Mask",None
2026-07-26 17:10:36,CCTV Stream,"Helmet, Safety Vest, Mask",None
2026-07-26 17:10:36,CCTV Stream,"Helmet, Safety Vest, Mask",None
2026-07-26 17:10:36,CCTV Stream,"Helmet, Safety Vest, Mask",None
2026-07-26 17:10:36,CCTV Stream,"Helmet, Safety Vest, Mask",None
2026-07-26 17:10:36,CCTV Stream,"Helmet, Safety Vest, Mask",None
2026-07-26 17:10:36,CCTV Stream,"Helmet, Safety Vest, Mask",None
2026-07-26 17:10:36,CCTV Stream,"Helmet, Safety Vest, Mask",None
2026-07-26 17:10:36,CCTV Stream,"Helmet, Safety Vest, Mask",None
2026-07-26 17:10:36,CCTV Stream,"Helmet, Safety Vest, Mask",None
2026-07-26 17:10:36,CCTV Stream,"Helmet, Safety Vest, Mask",None
2026-07-26 17:10:36,CCTV Stream,"Helmet, Safety Vest, Mask",None
2026-07-26 17:10:36,CCTV Stream,"Helmet, Safety Vest, Mask",None
2026-07-26 17:10:36,CCTV Stream,"Helmet, Safety Vest, Mask",None
2026-07-26 17:10:36,CCTV Stream,"Helmet, Safety Vest, Mask",None
2026-07-26 17:10:37,CCTV Stream,"Helmet, Safety Vest, Mask",None
2026-07-26 17:10:37,CCTV Stream,"Helmet, Safety Vest, Mask",None
2026-07-26 17:10:37,CCTV Stream,"Helmet, Safety Vest, Mask",None
2026-07-26 17:10:37,CCTV Stream,"Helmet, Safety Vest, Mask",None
2026-07-26 17:10:37,CCTV Stream,"Helmet, Safety Vest, Mask",None
2026-07-26 17:10:37,CCTV Stream,"Helmet, Safety Vest, Mask",None
2026-07-26 17:10:37,CCTV Stream,"Helmet, Safety Vest, Mask",None
2026-07-26 17:10:37,CCTV Stream,"Helmet, Safety Vest, Mask",None
2026-07-26 17:10:37,CCTV Stream,"Helmet, Safety Vest, Mask",None
2026-07-26 17:10:37,CCTV Stream,"Helmet, Safety Vest, Mask",None
2026-07-26 17:10:37,CCTV Stream,"Helmet, Safety Vest, Mask",None
2026-07-26 17:10:37,CCTV Stream,"Helmet, Safety Vest, Mask",None
2026-07-26 17:10:37,CCTV Stream,"Helmet, Safety Vest, Mask",None
2026-07-26 17:10:37,CCTV Stream,"Helmet, Safety Vest, Mask",None
2026-07-26 17:10:37,CCTV Stream,"Helmet, Safety Vest, Mask",None
2026-07-26 17:10:37,CCTV Stream,"Helmet, Safety Vest, Mask",None
2026-07-26 17:10:37,CCTV Stream,"Helmet, Safety Vest, Mask",None
2026-07-26 17:10:38,CCTV Stream,"Helmet, Safety Vest, Mask",None
2026-07-26 17:10:38,CCTV Stream,"Helmet, Safety Vest, Mask",None
2026-07-26 17:10:38,CCTV Stream,"Helmet, Safety Vest, Mask",None
2026-07-26 17:10:38,CCTV Stream,"Helmet, Safety Vest, Mask",None
2026-07-26 17:10:38,CCTV Stream,"Helmet, Safety Vest, Mask",None
2026-07-26 17:10:38,CCTV Stream,"Helmet, Safety Vest, Mask",None
2026-07-26 17:10:38,CCTV Stream,"Helmet, Safety Vest, Mask",None
2026-07-26 17:10:38,CCTV Stream,"Helmet, Safety Vest, Mask",None
2026-07-26 17:10:38,CCTV Stream,"Helmet, Safety Vest, Mask",None
2026-07-26 17:10:38,CCTV Stream,"Helmet, Safety Vest, Mask",None
2026-07-26 17:10:38,CCTV Stream,"Helmet, Safety Vest, Mask",None
2026-07-26 17:10:38,CCTV Stream,"Helmet, Safety Vest, Mask",None
2026-07-26 17:10:38,CCTV Stream,"Helmet, Safety Vest, Mask",None
2026-07-26 17:10:38,CCTV Stream,"Helmet, Safety Vest, Mask",None
2026-07-26 17:10:38,CCTV Stream,"Helmet, Safety Vest, Mask",None
2026-07-26 17:10:38,CCTV Stream,"Helmet, Safety Vest, Mask",None
2026-07-26 17:10:39,CCTV Stream,"Helmet, Safety Vest, Mask",None
2026-07-26 17:10:39,CCTV Stream,"Helmet, Safety Vest, Mask",None
2026-07-26 17:10:39,CCTV Stream,"Helmet, Safety Vest, Mask",None
2026-07-26 17:10:39,CCTV Stream,"Helmet, Safety Vest, Mask",None
2026-07-26 17:10:39,CCTV Stream,"Helmet, Safety Vest, Mask",None
2026-07-26 17:10:39,CCTV Stream,"Helmet, Safety Vest, Mask",None
2026-07-26 17:10:39,CCTV Stream,"Helmet, Safety Vest, Mask",None
2026-07-26 17:10:39,CCTV Stream,"Helmet, Safety Vest, Mask",None
2026-07-26 17:10:39,CCTV Stream,"Helmet, Safety Vest, Mask",None
2026-07-26 17:10:39,CCTV Stream,"Helmet, Safety Vest, Mask",None
2026-07-26 17:10:39,CCTV Stream,"Helmet, Safety Vest, Mask",None
2026-07-26 17:10:39,CCTV Stream,"Helmet, Safety Vest, Mask",None
2026-07-26 17:10:39,CCTV Stream,"Helmet, Safety Vest, Mask",None
2026-07-26 17:10:39,CCTV Stream,"Helmet, Safety Vest, Mask",None
2026-07-26 17:10:39,CCTV Stream,"Helmet, Safety Vest, Mask",None
2026-07-26 17:10:39,CCTV Stream,"Helmet, Safety Vest, Mask",None
2026-07-26 17:10:39,CCTV Stream,"Helmet, Safety Vest, Mask",None
2026-07-26 17:10:39,CCTV Stream,"Helmet, Safety Vest, Mask",None
2026-07-26 17:10:40,CCTV Stream,"Helmet, Safety Vest, Mask",None
2026-07-26 17:10:40,CCTV Stream,"Helmet, Safety Vest, Mask",None
2026-07-26 17:10:40,CCTV Stream,"Helmet, Safety Vest, Mask",None
2026-07-26 17:10:40,CCTV Stream,"Helmet, Safety Vest, Mask",None
2026-07-26 17:10:40,CCTV Stream,"Helmet, Safety Vest, Mask",None
2026-07-26 17:10:40,CCTV Stream,"Helmet, Safety Vest, Mask",None
2026-07-26 17:10:40,CCTV Stream,"Helmet, Safety Vest, Mask",None
2026-07-26 17:10:40,CCTV Stream,"Helmet, Safety Vest, Mask",None
2026-07-26 17:10:40,CCTV Stream,"Helmet, Safety Vest, Mask",None
2026-07-26 17:10:40,CCTV Stream,"Helmet, Safety Vest, Mask",None
2026-07-26 17:10:40,CCTV Stream,"Helmet, Safety Vest, Mask",None
2026-07-26 17:10:40,CCTV Stream,"Helmet, Safety Vest, Mask",None
2026-07-26 17:10:40,CCTV Stream,"Helmet, Safety Vest, Mask",None
2026-07-26 17:10:40,CCTV Stream,"Helmet, Safety Vest, Mask",None
2026-07-26 17:10:40,CCTV Stream,"Helmet, Safety Vest, Mask",None
2026-07-26 17:10:40,CCTV Stream,"Helmet, Safety Vest, Mask",None
2026-07-26 17:10:40,CCTV Stream,"Helmet, Safety Vest, Mask",None
2026-07-26 17:10:41,CCTV Stream,"Helmet, Safety Vest, Mask",None
2026-07-26 17:10:41,CCTV Stream,"Helmet, Safety Vest, Mask",None
2026-07-26 17:10:41,CCTV Stream,"Helmet, Safety Vest, Mask",None
2026-07-26 17:10:41,CCTV Stream,"Helmet, Safety Vest, Mask",None
2026-07-26 17:10:41,CCTV Stream,"Helmet, Safety Vest, Mask",None
2026-07-26 17:10:41,CCTV Stream,"Helmet, Safety Vest, Mask",None
2026-07-26 17:10:41,CCTV Stream,"Helmet, Safety Vest, Mask",None
2026-07-26 17:10:41,CCTV Stream,"Helmet, Safety Vest, Mask",None
2026-07-26 17:10:41,CCTV Stream,"Helmet, Safety Vest, Mask",None
2026-07-26 17:10:41,CCTV Stream,"Helmet, Safety Vest, Mask",None
2026-07-26 17:10:41,CCTV Stream,"Helmet, Safety Vest, Mask",None
2026-07-26 17:10:41,CCTV Stream,"Helmet, Safety Vest, Mask",None
2026-07-26 17:10:41,CCTV Stream,"Helmet, Safety Vest, Mask",None
2026-07-26 17:10:41,CCTV Stream,"Helmet, Safety Vest, Mask",None
2026-07-26 17:10:41,CCTV Stream,"Helmet, Safety Vest, Mask",None
2026-07-26 17:10:41,CCTV Stream,"Helmet, Safety Vest, Mask",None
2026-07-26 17:10:41,CCTV Stream,"Helmet, Safety Vest, Mask",None
2026-07-26 17:10:42,CCTV Stream,"Helmet, Safety Vest, Mask",None
2026-07-26 17:10:42,CCTV Stream,"Helmet, Safety Vest, Mask",None
2026-07-26 17:10:42,CCTV Stream,"Helmet, Safety Vest, Mask",None
2026-07-26 17:10:42,CCTV Stream,"Helmet, Safety Vest, Mask",None
2026-07-26 17:10:42,CCTV Stream,"Helmet, Safety Vest, Mask",None
2026-07-26 17:10:42,CCTV Stream,"Helmet, Safety Vest, Mask",None
2026-07-26 17:10:42,CCTV Stream,"Helmet, Safety Vest, Mask",None
2026-07-26 17:10:42,CCTV Stream,"Helmet, Safety Vest, Mask",None
2026-07-26 17:10:42,CCTV Stream,"Helmet, Safety Vest, Mask",None
2026-07-26 17:10:42,CCTV Stream,"Helmet, Safety Vest, Mask",None
2026-07-26 17:10:42,CCTV Stream,"Helmet, Safety Vest, Mask",None
2026-07-26 17:10:42,CCTV Stream,"Helmet, Safety Vest, Mask",None
2026-07-26 17:10:42,CCTV Stream,"Helmet, Safety Vest, Mask",None
2026-07-26 17:10:42,CCTV Stream,"Helmet, Safety Vest, Mask",None
2026-07-26 17:10:42,CCTV Stream,"Helmet, Safety Vest, Mask",None
2026-07-26 17:10:42,CCTV Stream,"Helmet, Safety Vest, Mask",None
2026-07-26 17:10:43,CCTV Stream,"Helmet, Safety Vest, Mask",None
2026-07-26 17:10:43,CCTV Stream,"Helmet, Safety Vest, Mask",None
2026-07-26 17:10:43,CCTV Stream,"Helmet, Safety Vest, Mask",None
2026-07-26 17:10:43,CCTV Stream,"Helmet, Safety Vest, Mask",None
2026-07-26 17:10:43,CCTV Stream,"Helmet, Safety Vest, Mask",None
2026-07-26 17:10:43,CCTV Stream,"Helmet, Safety Vest, Mask",None
2026-07-26 17:10:43,CCTV Stream,"Helmet, Safety Vest, Mask",None
2026-07-26 17:10:43,CCTV Stream,"Helmet, Safety Vest, Mask",None
2026-07-26 17:10:43,CCTV Stream,"Helmet, Safety Vest, Mask",None
2026-07-26 17:10:43,CCTV Stream,"Helmet, Safety Vest, Mask",None
2026-07-26 17:10:43,CCTV Stream,"Helmet, Safety Vest, Mask",None
2026-07-26 17:10:43,CCTV Stream,"Helmet, Safety Vest, Mask",None
2026-07-26 17:10:43,CCTV Stream,"Helmet, Safety Vest, Mask",None
2026-07-26 17:10:43,CCTV Stream,"Helmet, Safety Vest, Mask",None
2026-07-26 17:10:43,CCTV Stream,"Helmet, Safety Vest, Mask",None
2026-07-26 17:10:43,CCTV Stream,"Helmet, Safety Vest, Mask",None
2026-07-26 17:10:43,CCTV Stream,"Helmet, Safety Vest, Mask",None
2026-07-26 17:10:44,CCTV Stream,"Helmet, Safety Vest, Mask",None
2026-07-26 17:10:44,CCTV Stream,"Helmet, Safety Vest, Mask",None
2026-07-26 17:10:44,CCTV Stream,"Helmet, Safety Vest, Mask",None
2026-07-26 17:10:44,CCTV Stream,"Helmet, Safety Vest, Mask",None
2026-07-26 17:10:44,CCTV Stream,"Helmet, Safety Vest, Mask",None
2026-07-26 17:10:44,CCTV Stream,"Helmet, Safety Vest, Mask",None
2026-07-26 17:10:44,CCTV Stream,"Helmet, Safety Vest, Mask",None
2026-07-26 17:10:44,CCTV Stream,"Helmet, Safety Vest, Mask",None
2026-07-26 17:10:44,CCTV Stream,"Helmet, Safety Vest, Mask",None
2026-07-26 17:10:44,CCTV Stream,"Helmet, Safety Vest, Mask",None
2026-07-26 17:10:44,CCTV Stream,"Helmet, Safety Vest, Mask",None
2026-07-26 17:10:44,CCTV Stream,"Helmet, Safety Vest, Mask",None
2026-07-26 17:10:44,CCTV Stream,"Helmet, Safety Vest, Mask",None
2026-07-26 17:10:44,CCTV Stream,"Helmet, Safety Vest, Mask",None
2026-07-26 17:10:44,CCTV Stream,"Helmet, Safety Vest, Mask",None
2026-07-26 17:10:44,CCTV Stream,"Helmet, Safety Vest, Mask",None
2026-07-26 17:10:45,CCTV Stream,"Helmet, Safety Vest, Mask",None
2026-07-26 17:10:45,CCTV Stream,"Helmet, Safety Vest, Mask",None
2026-07-26 17:10:45,CCTV Stream,"Helmet, Safety Vest, Mask",None
2026-07-26 17:10:45,CCTV Stream,"Helmet, Safety Vest, Mask",None
2026-07-26 17:10:45,CCTV Stream,"Helmet, Safety Vest, Mask",None
2026-07-26 17:10:45,CCTV Stream,"Helmet, Safety Vest, Mask",None
2026-07-26 17:10:45,CCTV Stream,"Helmet, Safety Vest, Mask",None
2026-07-26 17:10:45,CCTV Stream,"Helmet, Safety Vest, Mask",None
2026-07-26 17:10:45,CCTV Stream,"Helmet, Safety Vest, Mask",None
2026-07-26 17:10:45,CCTV Stream,"Helmet, Safety Vest, Mask",None
2026-07-26 17:10:45,CCTV Stream,"Helmet, Safety Vest, Mask",None
2026-07-26 17:10:45,CCTV Stream,"Helmet, Safety Vest, Mask",None
2026-07-26 17:10:45,CCTV Stream,"Helmet, Safety Vest, Mask",None
2026-07-26 17:10:45,CCTV Stream,"Helmet, Safety Vest, Mask",None
2026-07-26 17:10:45,CCTV Stream,"Helmet, Safety Vest, Mask",None
2026-07-26 17:10:45,CCTV Stream,"Helmet, Safety Vest, Mask",None
2026-07-26 17:10:45,CCTV Stream,"Helmet, Safety Vest, Mask",None
2026-07-26 17:10:46,CCTV Stream,"Helmet, Safety Vest, Mask",None
2026-07-26 17:10:46,CCTV Stream,"Helmet, Safety Vest, Mask",None
2026-07-26 17:10:46,CCTV Stream,"Helmet, Safety Vest, Mask",None
2026-07-26 17:10:46,CCTV Stream,"Helmet, Safety Vest, Mask",None
2026-07-26 17:10:46,CCTV Stream,"Helmet, Safety Vest, Mask",None
2026-07-26 17:10:46,CCTV Stream,"Helmet, Safety Vest, Mask",None
2026-07-26 17:10:46,CCTV Stream,"Helmet, Safety Vest, Mask",None
2026-07-26 17:10:46,CCTV Stream,"Helmet, Safety Vest, Mask",None
2026-07-26 17:10:46,CCTV Stream,"Helmet, Safety Vest, Mask",None
2026-07-26 17:10:46,CCTV Stream,"Helmet, Safety Vest, Mask",None
2026-07-26 17:10:46,CCTV Stream,"Helmet, Safety Vest, Mask",None
2026-07-26 17:10:46,CCTV Stream,"Helmet, Safety Vest, Mask",None
2026-07-26 17:10:46,CCTV Stream,"Helmet, Safety Vest, Mask",None
2026-07-26 17:10:46,CCTV Stream,"Helmet, Safety Vest, Mask",None
2026-07-26 17:10:46,CCTV Stream,"Helmet, Safety Vest, Mask",None
2026-07-26 17:10:46,CCTV Stream,"Helmet, Safety Vest, Mask",None
2026-07-26 17:10:46,CCTV Stream,"Helmet, Safety Vest, Mask",None
2026-07-26 17:10:47,CCTV Stream,"Helmet, Safety Vest, Mask",None
2026-07-26 17:10:47,CCTV Stream,"Helmet, Safety Vest, Mask",None
2026-07-26 17:10:47,CCTV Stream,"Helmet, Safety Vest, Mask",None
2026-07-26 17:10:47,CCTV Stream,"Helmet, Safety Vest, Mask",None
2026-07-26 17:10:47,CCTV Stream,"Helmet, Safety Vest, Mask",None
2026-07-26 17:10:47,CCTV Stream,"Helmet, Safety Vest, Mask",None
2026-07-26 17:10:47,CCTV Stream,"Helmet, Safety Vest, Mask",None
2026-07-26 17:10:47,CCTV Stream,"Helmet, Safety Vest, Mask",None
2026-07-26 17:10:47,CCTV Stream,"Helmet, Safety Vest, Mask",None
2026-07-26 17:10:47,CCTV Stream,"Helmet, Safety Vest, Mask",None
2026-07-26 17:10:47,CCTV Stream,"Helmet, Safety Vest, Mask",None
2026-07-26 17:10:47,CCTV Stream,"Helmet, Safety Vest, Mask",None
2026-07-26 17:10:47,CCTV Stream,"Helmet, Safety Vest, Mask",None
2026-07-26 17:10:47,CCTV Stream,"Helmet, Safety Vest, Mask",None
2026-07-26 17:10:47,CCTV Stream,"Helmet, Safety Vest, Mask",None
2026-07-26 17:10:47,CCTV Stream,"Helmet, Safety Vest, Mask",None
2026-07-26 17:10:48,CCTV Stream,"Helmet, Safety Vest, Mask",None
2026-07-26 17:10:48,CCTV Stream,"Helmet, Safety Vest, Mask",None
2026-07-26 17:10:48,CCTV Stream,"Helmet, Safety Vest, Mask",None
2026-07-26 17:10:48,CCTV Stream,"Helmet, Safety Vest, Mask",None
2026-07-26 17:10:48,CCTV Stream,"Helmet, Safety Vest, Mask",None
2026-07-26 17:10:48,CCTV Stream,"Helmet, Safety Vest, Mask",None
2026-07-26 17:10:48,CCTV Stream,"Helmet, Safety Vest, Mask",None
2026-07-26 17:10:48,CCTV Stream,"Helmet, Safety Vest, Mask",None
2026-07-26 17:10:48,CCTV Stream,"Helmet, Safety Vest, Mask",None
2026-07-26 17:10:48,CCTV Stream,"Helmet, Safety Vest, Mask",None
2026-07-26 17:10:48,CCTV Stream,"Helmet, Safety Vest, Mask",None
2026-07-26 17:10:48,CCTV Stream,"Helmet, Safety Vest, Mask",None
2026-07-26 17:10:48,CCTV Stream,"Helmet, Safety Vest, Mask",None
2026-07-26 17:10:48,CCTV Stream,"Helmet, Safety Vest, Mask",None
2026-07-26 17:10:48,CCTV Stream,"Helmet, Safety Vest, Mask",None
2026-07-26 17:10:48,CCTV Stream,"Helmet, Safety Vest, Mask",None
2026-07-26 17:10:48,CCTV Stream,"Helmet, Safety Vest, Mask",None
2026-07-26 17:10:49,CCTV Stream,"Helmet, Safety Vest, Mask",None
2026-07-26 17:10:49,CCTV Stream,"Helmet, Safety Vest, Mask",None
2026-07-26 17:10:49,CCTV Stream,"Helmet, Safety Vest, Mask",None
2026-07-26 17:10:49,CCTV Stream,"Helmet, Safety Vest, Mask",None
2026-07-26 17:10:49,CCTV Stream,"Helmet, Safety Vest, Mask",None
2026-07-26 17:10:49,CCTV Stream,"Helmet, Safety Vest, Mask",None
2026-07-26 17:10:49,CCTV Stream,"Helmet, Safety Vest, Mask",None
2026-07-26 17:10:49,CCTV Stream,"Helmet, Safety Vest, Mask",None
2026-07-26 17:10:49,CCTV Stream,"Helmet, Safety Vest, Mask",None
2026-07-26 17:10:49,CCTV Stream,"Helmet, Safety Vest, Mask",None
2026-07-26 17:10:49,CCTV Stream,"Helmet, Safety Vest, Mask",None
2026-07-26 17:10:49,CCTV Stream,"Helmet, Safety Vest, Mask",None
2026-07-26 17:10:49,CCTV Stream,"Helmet, Safety Vest, Mask",None
2026-07-26 17:10:49,CCTV Stream,"Helmet, Safety Vest, Mask",None
2026-07-26 17:10:49,CCTV Stream,"Helmet, Safety Vest, Mask",None
2026-07-26 17:10:49,CCTV Stream,"Helmet, Safety Vest, Mask",None
2026-07-26 17:10:49,CCTV Stream,"Helmet, Safety Vest, Mask",None
2026-07-26 17:10:50,CCTV Stream,"Helmet, Safety Vest, Mask",None
2026-07-26 17:10:50,CCTV Stream,"Helmet, Safety Vest, Mask",None
2026-07-26 17:10:50,CCTV Stream,"Helmet, Safety Vest, Mask",None
2026-07-26 17:10:50,CCTV Stream,"Helmet, Safety Vest, Mask",None
2026-07-26 17:10:50,CCTV Stream,"Helmet, Safety Vest, Mask",None
2026-07-26 17:10:50,CCTV Stream,"Helmet, Safety Vest, Mask",None
2026-07-26 17:10:50,CCTV Stream,"Helmet, Safety Vest, Mask",None
2026-07-26 17:10:50,CCTV Stream,"Helmet, Safety Vest, Mask",None
2026-07-26 17:10:50,CCTV Stream,"Helmet, Safety Vest, Mask",None
2026-07-26 17:10:50,CCTV Stream,"Helmet, Safety Vest, Mask",None
2026-07-26 17:10:50,CCTV Stream,"Helmet, Safety Vest, Mask",None
2026-07-26 17:10:50,CCTV Stream,"Helmet, Safety Vest, Mask",None
2026-07-26 17:10:50,CCTV Stream,"Helmet, Safety Vest, Mask",None
2026-07-26 17:10:50,CCTV Stream,"Helmet, Safety Vest, Mask",None
2026-07-26 17:10:50,CCTV Stream,"Helmet, Safety Vest, Mask",None
2026-07-26 17:10:51,CCTV Stream,"Helmet, Safety Vest, Mask",None
2026-07-26 17:10:51,CCTV Stream,"Helmet, Safety Vest, Mask",None
2026-07-26 17:10:51,CCTV Stream,"Helmet, Safety Vest, Mask",None
2026-07-26 17:10:51,CCTV Stream,"Helmet, Safety Vest, Mask",None
2026-07-26 17:10:51,CCTV Stream,"Helmet, Safety Vest, Mask",None
2026-07-26 17:10:51,CCTV Stream,"Helmet, Safety Vest, Mask",None
2026-07-26 17:10:51,CCTV Stream,"Helmet, Safety Vest, Mask",None
2026-07-26 17:10:51,CCTV Stream,"Helmet, Safety Vest, Mask",None
2026-07-26 17:10:51,CCTV Stream,"Helmet, Safety Vest, Mask",None
2026-07-26 17:10:51,CCTV Stream,"Helmet, Safety Vest, Mask",None
2026-07-26 17:10:51,CCTV Stream,"Helmet, Safety Vest, Mask",None
2026-07-26 17:10:51,CCTV Stream,"Helmet, Safety Vest, Mask",None
2026-07-26 17:10:51,CCTV Stream,"Helmet, Safety Vest, Mask",None
2026-07-26 17:10:51,CCTV Stream,"Helmet, Safety Vest, Mask",None
2026-07-26 17:10:51,CCTV Stream,"Helmet, Safety Vest, Mask",None
2026-07-26 17:10:51,CCTV Stream,"Helmet, Safety Vest, Mask",None
2026-07-26 17:10:51,CCTV Stream,"Helmet, Safety Vest, Mask",None
2026-07-26 17:10:52,CCTV Stream,"Helmet, Safety Vest, Mask",None
2026-07-26 17:10:52,CCTV Stream,"Helmet, Safety Vest, Mask",None
2026-07-26 17:10:52,CCTV Stream,"Helmet, Safety Vest, Mask",None
2026-07-26 17:10:52,CCTV Stream,"Helmet, Safety Vest, Mask",None
2026-07-26 17:10:52,CCTV Stream,"Helmet, Safety Vest, Mask",None
2026-07-26 17:10:52,CCTV Stream,"Helmet, Safety Vest, Mask",None
2026-07-26 17:10:52,CCTV Stream,"Helmet, Safety Vest, Mask",None
2026-07-26 17:10:52,CCTV Stream,"Helmet, Safety Vest, Mask",None
2026-07-26 17:10:52,CCTV Stream,"Helmet, Safety Vest, Mask",None
2026-07-26 17:10:52,CCTV Stream,"Helmet, Safety Vest, Mask",None
2026-07-26 17:10:52,CCTV Stream,"Helmet, Safety Vest, Mask",None
2026-07-26 17:10:52,CCTV Stream,"Helmet, Safety Vest, Mask",None
2026-07-26 17:10:52,CCTV Stream,"Helmet, Safety Vest, Mask",None
2026-07-26 17:10:52,CCTV Stream,"Helmet, Safety Vest, Mask",None
2026-07-26 17:10:52,CCTV Stream,"Helmet, Safety Vest, Mask",None
2026-07-26 17:10:52,CCTV Stream,"Helmet, Safety Vest, Mask",None
2026-07-26 17:10:52,CCTV Stream,"Helmet, Safety Vest, Mask",None
2026-07-26 17:10:53,CCTV Stream,"Helmet, Safety Vest, Mask",None
2026-07-26 17:10:53,CCTV Stream,"Helmet, Safety Vest, Mask",None
2026-07-26 17:10:53,CCTV Stream,"Helmet, Safety Vest, Mask",None
2026-07-26 17:10:53,CCTV Stream,"Helmet, Safety Vest, Mask",None
2026-07-26 17:10:53,CCTV Stream,"Helmet, Safety Vest, Mask",None
2026-07-26 17:10:53,CCTV Stream,"Helmet, Safety Vest, Mask",None
2026-07-26 17:10:53,CCTV Stream,"Helmet, Safety Vest, Mask",None
2026-07-26 17:10:53,CCTV Stream,"Helmet, Safety Vest, Mask",None
2026-07-26 17:10:53,CCTV Stream,"Helmet, Safety Vest, Mask",None
2026-07-26 17:10:53,CCTV Stream,"Helmet, Safety Vest, Mask",None
2026-07-26 17:10:53,CCTV Stream,"Helmet, Safety Vest, Mask",None
2026-07-26 17:10:53,CCTV Stream,"Helmet, Safety Vest, Mask",None
2026-07-26 17:10:53,CCTV Stream,"Helmet, Safety Vest, Mask",None
2026-07-26 17:10:53,CCTV Stream,"Helmet, Safety Vest, Mask",None
2026-07-26 17:10:53,CCTV Stream,"Helmet, Safety Vest, Mask",None
2026-07-26 17:10:53,CCTV Stream,"Helmet, Safety Vest, Mask",None
2026-07-26 17:10:53,CCTV Stream,"Helmet, Safety Vest, Mask",None
2026-07-26 17:10:54,CCTV Stream,"Helmet, Safety Vest, Mask",None
2026-07-26 17:10:54,CCTV Stream,"Helmet, Safety Vest, Mask",None
2026-07-26 17:10:54,CCTV Stream,"Helmet, Safety Vest, Mask",None
2026-07-26 17:10:54,CCTV Stream,"Helmet, Safety Vest, Mask",None
2026-07-26 17:10:54,CCTV Stream,"Helmet, Safety Vest, Mask",None
2026-07-26 17:10:54,CCTV Stream,"Helmet, Safety Vest, Mask",None
2026-07-26 17:10:54,CCTV Stream,"Helmet, Safety Vest, Mask",None
2026-07-26 17:10:54,CCTV Stream,"Helmet, Safety Vest, Mask",None
2026-07-26 17:10:54,CCTV Stream,"Helmet, Safety Vest, Mask",None
2026-07-26 17:10:54,CCTV Stream,"Helmet, Safety Vest, Mask",None
2026-07-26 17:10:54,CCTV Stream,"Helmet, Safety Vest, Mask",None
2026-07-26 17:10:54,CCTV Stream,"Helmet, Safety Vest, Mask",None
2026-07-26 17:10:54,CCTV Stream,"Helmet, Safety Vest, Mask",None
2026-07-26 17:10:54,CCTV Stream,"Helmet, Safety Vest, Mask",None
2026-07-26 17:10:54,CCTV Stream,"Helmet, Safety Vest, Mask",None
2026-07-26 17:10:55,CCTV Stream,"Helmet, Safety Vest, Mask",None
2026-07-26 17:10:55,CCTV Stream,"Helmet, Safety Vest, Mask",None
2026-07-26 17:10:55,CCTV Stream,"Helmet, Safety Vest, Mask",None
2026-07-26 17:10:55,CCTV Stream,"Helmet, Safety Vest, Mask",None
2026-07-26 17:10:55,CCTV Stream,"Helmet, Safety Vest, Mask",None
2026-07-26 17:10:55,CCTV Stream,"Helmet, Safety Vest, Mask",None
2026-07-26 17:10:55,CCTV Stream,"Helmet, Safety Vest, Mask",None
2026-07-26 17:10:55,CCTV Stream,"Helmet, Safety Vest, Mask",None
2026-07-26 17:10:55,CCTV Stream,"Helmet, Safety Vest, Mask",None
2026-07-26 17:10:55,CCTV Stream,"Helmet, Safety Vest, Mask",None
2026-07-26 17:10:55,CCTV Stream,"Helmet, Safety Vest, Mask",None
2026-07-26 17:10:55,CCTV Stream,"Helmet, Safety Vest, Mask",None
2026-07-26 17:10:55,CCTV Stream,"Helmet, Safety Vest, Mask",None
2026-07-26 17:10:55,CCTV Stream,"Helmet, Safety Vest, Mask",None
2026-07-26 17:10:55,CCTV Stream,"Helmet, Safety Vest, Mask",None
2026-07-26 17:10:55,CCTV Stream,"Helmet, Safety Vest, Mask",None
2026-07-26 17:10:55,CCTV Stream,"Helmet, Safety Vest, Mask",None
2026-07-26 17:10:56,CCTV Stream,"Helmet, Safety Vest, Mask",None
2026-07-26 17:10:56,CCTV Stream,"Helmet, Safety Vest, Mask",None
2026-07-26 17:10:56,CCTV Stream,"Helmet, Safety Vest, Mask",None
2026-07-26 17:10:56,CCTV Stream,"Helmet, Safety Vest, Mask",None
2026-07-26 17:10:56,CCTV Stream,"Helmet, Safety Vest, Mask",None
2026-07-26 17:10:56,CCTV Stream,"Helmet, Safety Vest, Mask",None
2026-07-26 17:10:56,CCTV Stream,"Helmet, Safety Vest, Mask",None
2026-07-26 17:10:56,CCTV Stream,"Helmet, Safety Vest, Mask",None
2026-07-26 17:10:56,CCTV Stream,"Helmet, Safety Vest, Mask",None
2026-07-26 17:10:56,CCTV Stream,"Helmet, Safety Vest, Mask",None
2026-07-26 17:10:56,CCTV Stream,"Helmet, Safety Vest, Mask",None
2026-07-26 17:10:56,CCTV Stream,"Helmet, Safety Vest, Mask",None
2026-07-26 17:10:56,CCTV Stream,"Helmet, Safety Vest, Mask",None
2026-07-26 17:10:56,CCTV Stream,"Helmet, Safety Vest, Mask",None
2026-07-26 17:10:56,CCTV Stream,"Helmet, Safety Vest, Mask",None
2026-07-26 17:10:56,CCTV Stream,"Helmet, Safety Vest, Mask",None
2026-07-26 17:10:56,CCTV Stream,"Helmet, Safety Vest, Mask",None
2026-07-26 17:10:57,CCTV Stream,"Helmet, Safety Vest, Mask",None
2026-07-26 17:10:57,CCTV Stream,"Helmet, Safety Vest, Mask",None
2026-07-26 17:10:57,CCTV Stream,"Helmet, Safety Vest, Mask",None
2026-07-26 17:10:57,CCTV Stream,"Helmet, Safety Vest, Mask",None
2026-07-26 17:10:57,CCTV Stream,"Helmet, Safety Vest, Mask",None
2026-07-26 17:10:57,CCTV Stream,"Helmet, Safety Vest, Mask",None
2026-07-26 17:10:57,CCTV Stream,"Helmet, Safety Vest, Mask",None
2026-07-26 17:10:57,CCTV Stream,"Helmet, Safety Vest, Mask",None
2026-07-26 17:10:57,CCTV Stream,"Helmet, Safety Vest, Mask",None
2026-07-26 17:10:57,CCTV Stream,"Helmet, Safety Vest, Mask",None
2026-07-26 17:10:57,CCTV Stream,"Helmet, Safety Vest, Mask",None
2026-07-26 17:10:57,CCTV Stream,"Helmet, Safety Vest, Mask",None
2026-07-26 17:10:57,CCTV Stream,"Helmet, Safety Vest, Mask",None
2026-07-26 17:10:57,CCTV Stream,"Helmet, Safety Vest, Mask",None
2026-07-26 17:10:57,CCTV Stream,"Helmet, Safety Vest, Mask",None
2026-07-26 17:10:57,CCTV Stream,"Helmet, Safety Vest, Mask",None
2026-07-26 17:10:58,CCTV Stream,"Helmet, Safety Vest, Mask",None
2026-07-26 17:10:58,CCTV Stream,"Helmet, Safety Vest, Mask",None
2026-07-26 17:10:58,CCTV Stream,"Helmet, Safety Vest, Mask",None
2026-07-26 17:10:58,CCTV Stream,"Helmet, Safety Vest, Mask",None
2026-07-26 17:10:58,CCTV Stream,"Helmet, Safety Vest, Mask",None
2026-07-26 17:10:58,CCTV Stream,"Helmet, Safety Vest, Mask",None
2026-07-26 17:10:58,CCTV Stream,"Helmet, Safety Vest, Mask",None
2026-07-26 17:10:58,CCTV Stream,"Helmet, Safety Vest, Mask",None
2026-07-26 17:10:58,CCTV Stream,"Helmet, Safety Vest, Mask",None
2026-07-26 17:10:58,CCTV Stream,"Helmet, Safety Vest, Mask",None
2026-07-26 17:10:58,CCTV Stream,"Helmet, Safety Vest, Mask",None
2026-07-26 17:10:58,CCTV Stream,"Helmet, Safety Vest, Mask",None
2026-07-26 17:10:58,CCTV Stream,"Helmet, Safety Vest, Mask",None
2026-07-26 17:10:58,CCTV Stream,"Helmet, Safety Vest, Mask",None
2026-07-26 17:10:58,CCTV Stream,"Helmet, Safety Vest, Mask",None
2026-07-26 17:10:58,CCTV Stream,"Helmet, Safety Vest, Mask",None
2026-07-26 17:10:59,CCTV Stream,"Helmet, Safety Vest, Mask",None
2026-07-26 17:10:59,CCTV Stream,"Helmet, Safety Vest, Mask",None
2026-07-26 17:10:59,CCTV Stream,"Helmet, Safety Vest, Mask",None
2026-07-26 17:10:59,CCTV Stream,"Helmet, Safety Vest, Mask",None
2026-07-26 17:10:59,CCTV Stream,"Helmet, Safety Vest, Mask",None
2026-07-26 17:10:59,CCTV Stream,"Helmet, Safety Vest, Mask",None
2026-07-26 17:10:59,CCTV Stream,"Helmet, Safety Vest, Mask",None
2026-07-26 17:10:59,CCTV Stream,"Helmet, Safety Vest, Mask",None
2026-07-26 17:10:59,CCTV Stream,"Helmet, Safety Vest, Mask",None
2026-07-26 17:10:59,CCTV Stream,"Helmet, Safety Vest, Mask",None
2026-07-26 17:10:59,CCTV Stream,"Helmet, Safety Vest, Mask",None
2026-07-26 17:10:59,CCTV Stream,"Helmet, Safety Vest, Mask",None
2026-07-26 17:10:59,CCTV Stream,"Helmet, Safety Vest, Mask",None
2026-07-26 17:10:59,CCTV Stream,"Helmet, Safety Vest, Mask",None
2026-07-26 17:10:59,CCTV Stream,"Helmet, Safety Vest, Mask",None
2026-07-26 17:10:59,CCTV Stream,"Helmet, Safety Vest, Mask",None
2026-07-26 17:10:59,CCTV Stream,"Helmet, Safety Vest, Mask",None
2026-07-26 17:11:00,CCTV Stream,"Helmet, Safety Vest, Mask",None
2026-07-26 17:11:00,CCTV Stream,"Helmet, Safety Vest, Mask",None
2026-07-26 17:11:00,CCTV Stream,"Helmet, Safety Vest, Mask",None
2026-07-26 17:11:00,CCTV Stream,"Helmet, Safety Vest, Mask",None
2026-07-26 17:11:00,CCTV Stream,"Helmet, Safety Vest, Mask",None
2026-07-26 17:11:00,CCTV Stream,"Helmet, Safety Vest, Mask",None
2026-07-26 17:11:00,CCTV Stream,"Helmet, Safety Vest, Mask",None
2026-07-26 17:11:00,CCTV Stream,"Helmet, Safety Vest, Mask",None
2026-07-26 17:11:00,CCTV Stream,"Helmet, Safety Vest, Mask",None
2026-07-26 17:11:00,CCTV Stream,"Helmet, Safety Vest, Mask",None
2026-07-26 17:11:00,CCTV Stream,"Helmet, Safety Vest, Mask",None
2026-07-26 17:11:00,CCTV Stream,"Helmet, Safety Vest, Mask",None
2026-07-26 17:11:00,CCTV Stream,"Helmet, Safety Vest, Mask",None
2026-07-26 17:11:00,CCTV Stream,"Helmet, Safety Vest, Mask",None
2026-07-26 17:11:00,CCTV Stream,"Helmet, Safety Vest, Mask",None
2026-07-26 17:11:00,CCTV Stream,"Helmet, Safety Vest, Mask",None
2026-07-26 17:11:00,CCTV Stream,"Helmet, Safety Vest, Mask",None
2026-07-26 17:11:01,CCTV Stream,"Helmet, Safety Vest, Mask",None
2026-07-26 17:11:01,CCTV Stream,"Helmet, Safety Vest, Mask",None
2026-07-26 17:11:01,CCTV Stream,"Helmet, Safety Vest, Mask",None
2026-07-26 17:11:01,CCTV Stream,"Helmet, Safety Vest, Mask",None
2026-07-26 17:11:01,CCTV Stream,"Helmet, Safety Vest, Mask",None
2026-07-26 17:11:01,CCTV Stream,"Helmet, Safety Vest, Mask",None
2026-07-26 17:11:01,CCTV Stream,"Helmet, Safety Vest, Mask",None
2026-07-26 17:11:01,CCTV Stream,"Helmet, Safety Vest, Mask",None
2026-07-26 17:11:01,CCTV Stream,"Helmet, Safety Vest, Mask",None
2026-07-26 17:11:01,CCTV Stream,"Helmet, Safety Vest, Mask",None
2026-07-26 17:11:01,CCTV Stream,"Helmet, Safety Vest, Mask",None
2026-07-26 17:11:01,CCTV Stream,"Helmet, Safety Vest, Mask",None
2026-07-26 17:11:01,CCTV Stream,"Helmet, Safety Vest, Mask",None
2026-07-26 17:11:01,CCTV Stream,"Helmet, Safety Vest, Mask",None
2026-07-26 17:11:01,CCTV Stream,"Helmet, Safety Vest, Mask",None
2026-07-26 17:11:01,CCTV Stream,"Helmet, Safety Vest, Mask",None
2026-07-26 17:11:02,CCTV Stream,"Helmet, Safety Vest, Mask",None
2026-07-26 17:11:02,CCTV Stream,"Helmet, Safety Vest, Mask",None
2026-07-26 17:11:02,CCTV Stream,"Helmet, Safety Vest, Mask",None
2026-07-26 17:11:02,CCTV Stream,"Helmet, Safety Vest, Mask",None
2026-07-26 17:11:02,CCTV Stream,"Helmet, Safety Vest, Mask",None
2026-07-26 17:11:02,CCTV Stream,"Helmet, Safety Vest, Mask",None
2026-07-26 17:11:02,CCTV Stream,"Helmet, Safety Vest, Mask",None
2026-07-26 17:11:02,CCTV Stream,"Helmet, Safety Vest, Mask",None
2026-07-26 17:11:02,CCTV Stream,"Helmet, Safety Vest, Mask",None
2026-07-26 17:11:02,CCTV Stream,"Helmet, Safety Vest, Mask",None
2026-07-26 17:11:02,CCTV Stream,"Helmet, Safety Vest, Mask",None
2026-07-26 17:11:02,CCTV Stream,"Helmet, Safety Vest, Mask",None
2026-07-26 17:11:02,CCTV Stream,"Helmet, Safety Vest, Mask",None
2026-07-26 17:11:02,CCTV Stream,"Helmet, Safety Vest, Mask",None
2026-07-26 17:11:02,CCTV Stream,"Helmet, Safety Vest, Mask",None
2026-07-26 17:11:02,CCTV Stream,"Helmet, Safety Vest, Mask",None
2026-07-26 17:11:03,CCTV Stream,"Helmet, Safety Vest, Mask",None
2026-07-26 17:11:03,CCTV Stream,"Helmet, Safety Vest, Mask",None
2026-07-26 17:11:03,CCTV Stream,"Helmet, Safety Vest, Mask",None
2026-07-26 17:11:03,CCTV Stream,"Helmet, Safety Vest, Mask",None
2026-07-26 17:11:03,CCTV Stream,"Helmet, Safety Vest, Mask",None
2026-07-26 17:11:03,CCTV Stream,"Helmet, Safety Vest, Mask",None
2026-07-26 17:11:03,CCTV Stream,"Helmet, Safety Vest, Mask",None
2026-07-26 17:11:03,CCTV Stream,"Helmet, Safety Vest, Mask",None
2026-07-26 17:11:03,CCTV Stream,"Helmet, Safety Vest, Mask",None
2026-07-26 17:11:03,CCTV Stream,"Helmet, Safety Vest, Mask",None
2026-07-26 17:11:03,CCTV Stream,"Helmet, Safety Vest, Mask",None
2026-07-26 17:11:03,CCTV Stream,"Helmet, Safety Vest, Mask",None
2026-07-26 17:11:03,CCTV Stream,"Helmet, Safety Vest, Mask",None
2026-07-26 17:11:03,CCTV Stream,"Helmet, Safety Vest, Mask",None
2026-07-26 17:11:04,CCTV Stream,"Helmet, Safety Vest, Mask",None
2026-07-26 17:11:05,CCTV Stream,"Helmet, Safety Vest, Mask",None
2026-07-26 17:11:05,CCTV Stream,"Helmet, Safety Vest, Mask",None
2026-07-26 17:11:05,CCTV Stream,"Helmet, Safety Vest, Mask",None
2026-07-26 17:11:05,CCTV Stream,"Helmet, Safety Vest, Mask",None
2026-07-26 17:11:06,CCTV Stream,"Helmet, Safety Vest, Mask",None
2026-07-26 17:11:06,CCTV Stream,"Helmet, Safety Vest, Mask",None
2026-07-26 17:11:06,CCTV Stream,"Helmet, Safety Vest, Mask",None
2026-07-26 17:11:06,CCTV Stream,"Helmet, Safety Vest, Mask",None
2026-07-26 17:11:06,CCTV Stream,"Helmet, Safety Vest, Mask",None
2026-07-26 17:11:06,CCTV Stream,"Helmet, Safety Vest, Mask",None
2026-07-26 17:11:06,CCTV Stream,"Helmet, Safety Vest, Mask",None
2026-07-26 17:11:06,CCTV Stream,"Helmet, Safety Vest, Mask",None
2026-07-26 17:11:06,CCTV Stream,"Helmet, Safety Vest, Mask",None
2026-07-26 17:11:06,CCTV Stream,"Helmet, Safety Vest, Mask",None
2026-07-26 17:11:06,CCTV Stream,"Helmet, Safety Vest, Mask",None
2026-07-26 17:11:06,CCTV Stream,"Helmet, Safety Vest, Mask",None
2026-07-26 17:11:06,CCTV Stream,"Helmet, Safety Vest, Mask",None
2026-07-26 17:11:06,CCTV Stream,"Helmet, Safety Vest, Mask",None
2026-07-26 17:11:06,CCTV Stream,"Helmet, Safety Vest, Mask",None
2026-07-26 17:11:06,CCTV Stream,"Helmet, Safety Vest, Mask",None
2026-07-26 17:11:06,CCTV Stream,"Helmet, Safety Vest, Mask",None
2026-07-26 17:11:07,CCTV Stream,"Helmet, Safety Vest, Mask",None
2026-07-26 17:11:07,CCTV Stream,"Helmet, Safety Vest, Mask",None
2026-07-26 17:11:07,CCTV Stream,"Helmet, Safety Vest, Mask",None
2026-07-26 17:11:07,CCTV Stream,"Helmet, Safety Vest, Mask",None
2026-07-26 17:11:07,CCTV Stream,"Helmet, Safety Vest, Mask",None
2026-07-26 17:11:07,CCTV Stream,"Helmet, Safety Vest, Mask",None
2026-07-26 17:11:07,CCTV Stream,"Helmet, Safety Vest, Mask",None
2026-07-26 17:11:07,CCTV Stream,"Helmet, Safety Vest, Mask",None
2026-07-26 17:11:07,CCTV Stream,"Helmet, Safety Vest, Mask",None
2026-07-26 17:11:07,CCTV Stream,"Helmet, Safety Vest, Mask",None
2026-07-26 17:11:07,CCTV Stream,"Helmet, Safety Vest, Mask",None
2026-07-26 17:11:07,CCTV Stream,"Helmet, Safety Vest, Mask",None
2026-07-26 17:11:07,CCTV Stream,"Helmet, Safety Vest, Mask",None
2026-07-26 17:11:07,CCTV Stream,"Helmet, Safety Vest, Mask",None
2026-07-26 17:11:07,CCTV Stream,"Helmet, Safety Vest, Mask",None
2026-07-26 17:11:07,CCTV Stream,"Helmet, Safety Vest, Mask",None
2026-07-26 17:11:08,CCTV Stream,"Helmet, Safety Vest, Mask",None
2026-07-26 17:11:08,CCTV Stream,"Helmet, Safety Vest, Mask",None
2026-07-26 17:11:08,CCTV Stream,"Helmet, Safety Vest, Mask",None
2026-07-26 17:11:08,CCTV Stream,"Helmet, Safety Vest, Mask",None
2026-07-26 17:11:08,CCTV Stream,"Helmet, Safety Vest, Mask",None
2026-07-26 17:11:08,CCTV Stream,"Helmet, Safety Vest, Mask",None
2026-07-26 17:11:08,CCTV Stream,"Helmet, Safety Vest, Mask",None
2026-07-26 17:11:08,CCTV Stream,"Helmet, Safety Vest, Mask",None
2026-07-26 17:11:08,CCTV Stream,"Helmet, Safety Vest, Mask",None
2026-07-26 17:11:08,CCTV Stream,"Helmet, Safety Vest, Mask",None
2026-07-26 17:11:08,CCTV Stream,"Helmet, Safety Vest, Mask",None
2026-07-26 17:11:08,CCTV Stream,"Helmet, Safety Vest, Mask",None
2026-07-26 17:11:08,CCTV Stream,"Helmet, Safety Vest, Mask",None
2026-07-26 17:11:08,CCTV Stream,"Helmet, Safety Vest, Mask",None
2026-07-26 17:11:08,CCTV Stream,"Helmet, Safety Vest, Mask",None
2026-07-26 17:11:08,CCTV Stream,"Helmet, Safety Vest, Mask",None
2026-07-26 17:11:09,CCTV Stream,"Helmet, Safety Vest, Mask",None
2026-07-26 17:11:09,CCTV Stream,"Helmet, Safety Vest, Mask",None
2026-07-26 17:11:09,CCTV Stream,"Helmet, Safety Vest, Mask",None
2026-07-26 17:11:09,CCTV Stream,"Helmet, Safety Vest, Mask",None
2026-07-26 17:11:09,CCTV Stream,"Helmet, Safety Vest, Mask",None
2026-07-26 17:11:09,CCTV Stream,"Helmet, Safety Vest, Mask",None
2026-07-26 17:11:09,CCTV Stream,"Helmet, Safety Vest, Mask",None
2026-07-26 17:11:09,CCTV Stream,"Helmet, Safety Vest, Mask",None
2026-07-26 17:11:09,CCTV Stream,"Helmet, Safety Vest, Mask",None
2026-07-26 17:11:09,CCTV Stream,"Helmet, Safety Vest, Mask",None
2026-07-26 17:11:09,CCTV Stream,"Helmet, Safety Vest, Mask",None
2026-07-26 17:11:09,CCTV Stream,"Helmet, Safety Vest, Mask",None
2026-07-26 17:11:09,CCTV Stream,"Helmet, Safety Vest, Mask",None
2026-07-26 17:11:09,CCTV Stream,"Helmet, Safety Vest, Mask",None
2026-07-26 17:11:09,CCTV Stream,"Helmet, Safety Vest, Mask",None
2026-07-26 17:11:09,CCTV Stream,"Helmet, Safety Vest, Mask",None
2026-07-26 17:11:09,CCTV Stream,"Helmet, Safety Vest, Mask",None
2026-07-26 17:11:10,CCTV Stream,"Helmet, Safety Vest, Mask",None
2026-07-26 17:11:10,CCTV Stream,"Helmet, Safety Vest, Mask",None
2026-07-26 17:11:10,CCTV Stream,"Helmet, Safety Vest, Mask",None
2026-07-26 17:11:10,CCTV Stream,"Helmet, Safety Vest, Mask",None
2026-07-26 17:11:10,CCTV Stream,"Helmet, Safety Vest, Mask",None
2026-07-26 17:11:10,CCTV Stream,"Helmet, Safety Vest, Mask",None
2026-07-26 17:11:10,CCTV Stream,"Helmet, Safety Vest, Mask",None
2026-07-26 17:11:10,CCTV Stream,"Helmet, Safety Vest, Mask",None
2026-07-26 17:11:10,CCTV Stream,"Helmet, Safety Vest, Mask",None
2026-07-26 17:11:10,CCTV Stream,"Helmet, Safety Vest, Mask",None
2026-07-26 17:11:10,CCTV Stream,"Helmet, Safety Vest, Mask",None
2026-07-26 17:11:10,CCTV Stream,"Helmet, Safety Vest, Mask",None
2026-07-26 17:11:10,CCTV Stream,"Helmet, Safety Vest, Mask",None
2026-07-26 17:11:10,CCTV Stream,"Helmet, Safety Vest, Mask",None
2026-07-26 17:11:10,CCTV Stream,"Helmet, Safety Vest, Mask",None
2026-07-26 17:11:10,CCTV Stream,"Helmet, Safety Vest, Mask",None
2026-07-26 17:11:10,CCTV Stream,"Helmet, Safety Vest, Mask",None
2026-07-26 17:11:11,CCTV Stream,"Helmet, Safety Vest, Mask",None
2026-07-26 17:11:11,CCTV Stream,"Helmet, Safety Vest, Mask",None
2026-07-26 17:11:11,CCTV Stream,"Helmet, Safety Vest, Mask",None
2026-07-26 17:11:11,CCTV Stream,"Helmet, Safety Vest, Mask",None
2026-07-26 17:11:11,CCTV Stream,"Helmet, Safety Vest, Mask",None
2026-07-26 17:11:11,CCTV Stream,"Helmet, Safety Vest, Mask",None
2026-07-26 17:11:11,CCTV Stream,"Helmet, Safety Vest, Mask",None
2026-07-26 17:11:11,CCTV Stream,"Helmet, Safety Vest, Mask",None
2026-07-26 17:11:11,CCTV Stream,"Helmet, Safety Vest, Mask",None
2026-07-26 17:11:11,CCTV Stream,"Helmet, Safety Vest, Mask",None
2026-07-26 17:11:11,CCTV Stream,"Helmet, Safety Vest, Mask",None
2026-07-26 17:11:11,CCTV Stream,"Helmet, Safety Vest, Mask",None
2026-07-26 17:11:11,CCTV Stream,"Helmet, Safety Vest, Mask",None
2026-07-26 17:11:11,CCTV Stream,"Helmet, Safety Vest, Mask",None
2026-07-26 17:11:11,CCTV Stream,"Helmet, Safety Vest, Mask",None
2026-07-26 17:11:12,CCTV Stream,"Helmet, Safety Vest, Mask",None
2026-07-26 17:11:12,CCTV Stream,"Helmet, Safety Vest, Mask",None
2026-07-26 17:11:12,CCTV Stream,"Helmet, Safety Vest, Mask",None
2026-07-26 17:11:12,CCTV Stream,"Helmet, Safety Vest, Mask",None
2026-07-26 17:11:12,CCTV Stream,"Helmet, Safety Vest, Mask",None
2026-07-26 17:11:12,CCTV Stream,"Helmet, Safety Vest, Mask",None
2026-07-26 17:11:12,CCTV Stream,"Helmet, Safety Vest, Mask",None
2026-07-26 17:11:12,CCTV Stream,"Helmet, Safety Vest, Mask",None
2026-07-26 17:11:12,CCTV Stream,"Helmet, Safety Vest, Mask",None
2026-07-26 17:11:12,CCTV Stream,"Helmet, Safety Vest, Mask",None
2026-07-26 17:11:12,CCTV Stream,"Helmet, Safety Vest, Mask",None
2026-07-26 17:11:12,CCTV Stream,"Helmet, Safety Vest, Mask",None
2026-07-26 17:11:12,CCTV Stream,"Helmet, Safety Vest, Mask",None
2026-07-26 17:11:12,CCTV Stream,"Helmet, Safety Vest, Mask",None
2026-07-26 17:11:12,CCTV Stream,"Helmet, Safety Vest, Mask",None
2026-07-26 17:11:12,CCTV Stream,"Helmet, Safety Vest, Mask",None
2026-07-26 17:11:13,CCTV Stream,"Helmet, Safety Vest, Mask",None
2026-07-26 17:11:13,CCTV Stream,"Helmet, Safety Vest, Mask",None
2026-07-26 17:11:13,CCTV Stream,"Helmet, Safety Vest, Mask",None
2026-07-26 17:11:13,CCTV Stream,"Helmet, Safety Vest, Mask",None
2026-07-26 17:11:13,CCTV Stream,"Helmet, Safety Vest, Mask",None
2026-07-26 17:11:13,CCTV Stream,"Helmet, Safety Vest, Mask",None
2026-07-26 17:11:13,CCTV Stream,"Helmet, Safety Vest, Mask",None
2026-07-26 17:11:13,CCTV Stream,"Helmet, Safety Vest, Mask",None
2026-07-26 17:11:13,CCTV Stream,"Helmet, Safety Vest, Mask",None
2026-07-26 17:11:13,CCTV Stream,"Helmet, Safety Vest, Mask",None
2026-07-26 17:11:13,CCTV Stream,"Helmet, Safety Vest, Mask",None
2026-07-26 17:11:13,CCTV Stream,"Helmet, Safety Vest, Mask",None
2026-07-26 17:11:13,CCTV Stream,"Helmet, Safety Vest, Mask",None
2026-07-26 17:11:13,CCTV Stream,"Helmet, Safety Vest, Mask",None
2026-07-26 17:11:13,CCTV Stream,"Helmet, Safety Vest, Mask",None
2026-07-26 17:11:13,CCTV Stream,"Helmet, Safety Vest, Mask",None
2026-07-26 17:11:14,CCTV Stream,"Helmet, Safety Vest, Mask",None
2026-07-26 17:11:14,CCTV Stream,"Helmet, Safety Vest, Mask",None
2026-07-26 17:11:14,CCTV Stream,"Helmet, Safety Vest, Mask",None
2026-07-26 17:11:14,CCTV Stream,"Helmet, Safety Vest, Mask",None
2026-07-26 17:11:14,CCTV Stream,"Helmet, Safety Vest, Mask",None
2026-07-26 17:11:14,CCTV Stream,"Helmet, Safety Vest, Mask",None
2026-07-26 17:11:14,CCTV Stream,"Helmet, Safety Vest, Mask",None
2026-07-26 17:11:14,CCTV Stream,"Helmet, Safety Vest, Mask",None
2026-07-26 17:11:14,CCTV Stream,"Helmet, Safety Vest, Mask",None
2026-07-26 17:11:14,CCTV Stream,"Helmet, Safety Vest, Mask",None
2026-07-26 17:11:14,CCTV Stream,"Helmet, Safety Vest, Mask",None
2026-07-26 17:11:14,CCTV Stream,"Helmet, Safety Vest, Mask",None
2026-07-26 17:11:14,CCTV Stream,"Helmet, Safety Vest, Mask",None
2026-07-26 17:11:14,CCTV Stream,"Helmet, Safety Vest, Mask",None
2026-07-26 17:11:14,CCTV Stream,"Helmet, Safety Vest, Mask",None
2026-07-26 17:11:15,CCTV Stream,"Helmet, Safety Vest, Mask",None
2026-07-26 17:11:15,CCTV Stream,"Helmet, Safety Vest, Mask",None
2026-07-26 17:11:15,CCTV Stream,"Helmet, Safety Vest, Mask",None
2026-07-26 17:11:15,CCTV Stream,"Helmet, Safety Vest, Mask",None
2026-07-26 17:11:15,CCTV Stream,"Helmet, Safety Vest, Mask",None
2026-07-26 17:11:15,CCTV Stream,"Helmet, Safety Vest, Mask",None
2026-07-26 17:11:15,CCTV Stream,"Helmet, Safety Vest, Mask",None
2026-07-26 17:11:15,CCTV Stream,"Helmet, Safety Vest, Mask",None
2026-07-26 17:11:15,CCTV Stream,"Helmet, Safety Vest, Mask",None
2026-07-26 17:11:15,CCTV Stream,"Helmet, Safety Vest, Mask",None
2026-07-26 17:11:15,CCTV Stream,"Helmet, Safety Vest, Mask",None
2026-07-26 17:11:15,CCTV Stream,"Helmet, Safety Vest, Mask",None
2026-07-26 17:11:15,CCTV Stream,"Helmet, Safety Vest, Mask",None
2026-07-26 17:11:15,CCTV Stream,"Helmet, Safety Vest, Mask",None
2026-07-26 17:11:15,CCTV Stream,"Helmet, Safety Vest, Mask",None
2026-07-26 17:11:15,CCTV Stream,"Helmet, Safety Vest, Mask",None
2026-07-26 17:11:15,CCTV Stream,"Helmet, Safety Vest, Mask",None
2026-07-26 17:11:16,CCTV Stream,"Helmet, Safety Vest, Mask",None
2026-07-26 17:11:16,CCTV Stream,"Helmet, Safety Vest, Mask",None
2026-07-26 17:11:16,CCTV Stream,"Helmet, Safety Vest, Mask",None
2026-07-26 17:11:16,CCTV Stream,"Helmet, Safety Vest, Mask",None
2026-07-26 17:11:16,CCTV Stream,"Helmet, Safety Vest, Mask",None
2026-07-26 17:11:16,CCTV Stream,"Helmet, Safety Vest, Mask",None
2026-07-26 17:11:16,CCTV Stream,"Helmet, Safety Vest, Mask",None
2026-07-26 17:11:16,CCTV Stream,"Helmet, Safety Vest, Mask",None
2026-07-26 17:11:16,CCTV Stream,"Helmet, Safety Vest, Mask",None
2026-07-26 17:11:16,CCTV Stream,"Helmet, Safety Vest, Mask",None
2026-07-26 17:11:16,CCTV Stream,"Helmet, Safety Vest, Mask",None
2026-07-26 17:11:16,CCTV Stream,"Helmet, Safety Vest, Mask",None
2026-07-26 17:11:16,CCTV Stream,"Helmet, Safety Vest, Mask",None
2026-07-26 17:11:16,CCTV Stream,"Helmet, Safety Vest, Mask",None
2026-07-26 17:11:16,CCTV Stream,"Helmet, Safety Vest, Mask",None
2026-07-26 17:11:16,CCTV Stream,"Helmet, Safety Vest, Mask",None
2026-07-26 17:11:17,CCTV Stream,"Helmet, Safety Vest, Mask",None
2026-07-26 17:11:17,CCTV Stream,"Helmet, Safety Vest, Mask",None
2026-07-26 17:11:17,CCTV Stream,"Helmet, Safety Vest, Mask",None
2026-07-26 17:11:17,CCTV Stream,"Helmet, Safety Vest, Mask",None
2026-07-26 17:11:17,CCTV Stream,"Helmet, Safety Vest, Mask",None
2026-07-26 17:11:17,CCTV Stream,"Helmet, Safety Vest, Mask",None
2026-07-26 17:11:17,CCTV Stream,"Helmet, Safety Vest, Mask",None
2026-07-26 17:11:17,CCTV Stream,"Helmet, Safety Vest, Mask",None
2026-07-26 17:11:17,CCTV Stream,"Helmet, Safety Vest, Mask",None
2026-07-26 17:11:17,CCTV Stream,"Helmet, Safety Vest, Mask",None
2026-07-26 17:11:17,CCTV Stream,"Helmet, Safety Vest, Mask",None
2026-07-26 17:11:17,CCTV Stream,"Helmet, Safety Vest, Mask",None
2026-07-26 17:11:17,CCTV Stream,"Helmet, Safety Vest, Mask",None
2026-07-26 17:11:17,CCTV Stream,"Helmet, Safety Vest, Mask",None
2026-07-26 17:11:17,CCTV Stream,"Helmet, Safety Vest, Mask",None
2026-07-26 17:11:17,CCTV Stream,"Helmet, Safety Vest, Mask",None
2026-07-26 17:11:18,CCTV Stream,"Helmet, Safety Vest, Mask",None
2026-07-26 17:11:18,CCTV Stream,"Helmet, Safety Vest, Mask",None
2026-07-26 17:11:18,CCTV Stream,"Helmet, Safety Vest, Mask",None
2026-07-26 17:11:18,CCTV Stream,"Helmet, Safety Vest, Mask",None
2026-07-26 17:11:18,CCTV Stream,"Helmet, Safety Vest, Mask",None
2026-07-26 17:11:18,CCTV Stream,"Helmet, Safety Vest, Mask",None
2026-07-26 17:11:18,CCTV Stream,"Helmet, Safety Vest, Mask",None
2026-07-26 17:11:18,CCTV Stream,"Helmet, Safety Vest, Mask",None
2026-07-26 17:11:18,CCTV Stream,"Helmet, Safety Vest, Mask",None
2026-07-26 17:11:18,CCTV Stream,"Helmet, Safety Vest, Mask",None
2026-07-26 17:11:18,CCTV Stream,"Helmet, Safety Vest, Mask",None
2026-07-26 17:11:18,CCTV Stream,"Helmet, Safety Vest, Mask",None
2026-07-26 17:11:18,CCTV Stream,"Helmet, Safety Vest, Mask",None
2026-07-26 17:11:18,CCTV Stream,"Helmet, Safety Vest, Mask",None
2026-07-26 17:11:18,CCTV Stream,"Helmet, Safety Vest, Mask",None
2026-07-26 17:11:18,CCTV Stream,"Helmet, Safety Vest, Mask",None
2026-07-26 17:11:19,CCTV Stream,"Helmet, Safety Vest, Mask",None
2026-07-26 17:11:19,CCTV Stream,"Helmet, Safety Vest, Mask",None
2026-07-26 17:11:19,CCTV Stream,"Helmet, Safety Vest, Mask",None
2026-07-26 17:11:19,CCTV Stream,"Helmet, Safety Vest, Mask",None
2026-07-26 17:11:19,CCTV Stream,"Helmet, Safety Vest, Mask",None
2026-07-26 17:11:19,CCTV Stream,"Helmet, Safety Vest, Mask",None
2026-07-26 17:11:19,CCTV Stream,"Helmet, Safety Vest, Mask",None
2026-07-26 17:11:19,CCTV Stream,"Helmet, Safety Vest, Mask",None
2026-07-26 17:11:19,CCTV Stream,"Helmet, Safety Vest, Mask",None
2026-07-26 17:11:19,CCTV Stream,"Helmet, Safety Vest, Mask",None
2026-07-26 17:11:19,CCTV Stream,"Helmet, Safety Vest, Mask",None
2026-07-26 17:11:19,CCTV Stream,"Helmet, Safety Vest, Mask",None
2026-07-26 17:11:19,CCTV Stream,"Helmet, Safety Vest, Mask",None
2026-07-26 17:11:19,CCTV Stream,"Helmet, Safety Vest, Mask",None
2026-07-26 17:11:19,CCTV Stream,"Helmet, Safety Vest, Mask",None
2026-07-26 17:11:19,CCTV Stream,"Helmet, Safety Vest, Mask",None
2026-07-26 17:11:20,CCTV Stream,"Helmet, Safety Vest, Mask",None
2026-07-26 17:11:20,CCTV Stream,"Helmet, Safety Vest, Mask",None
2026-07-26 17:11:20,CCTV Stream,"Helmet, Safety Vest, Mask",None
2026-07-26 17:11:20,CCTV Stream,"Helmet, Safety Vest, Mask",None
2026-07-26 17:11:20,CCTV Stream,"Helmet, Safety Vest, Mask",None
2026-07-26 17:11:20,CCTV Stream,"Helmet, Safety Vest, Mask",None
2026-07-26 17:11:20,CCTV Stream,"Helmet, Safety Vest, Mask",None
2026-07-26 17:11:20,CCTV Stream,"Helmet, Safety Vest, Mask",None
2026-07-26 17:11:20,CCTV Stream,"Helmet, Safety Vest, Mask",None
2026-07-26 17:11:20,CCTV Stream,"Helmet, Safety Vest, Mask",None
2026-07-26 17:11:20,CCTV Stream,"Helmet, Safety Vest, Mask",None
2026-07-26 17:11:20,CCTV Stream,"Helmet, Safety Vest, Mask",None
2026-07-26 17:11:20,CCTV Stream,"Helmet, Safety Vest, Mask",None
2026-07-26 17:11:20,CCTV Stream,"Helmet, Safety Vest, Mask",None
2026-07-26 17:11:20,CCTV Stream,"Helmet, Safety Vest, Mask",None
2026-07-26 17:11:20,CCTV Stream,"Helmet, Safety Vest, Mask",None
2026-07-26 17:11:20,CCTV Stream,"Helmet, Safety Vest, Mask",None
2026-07-26 17:11:21,CCTV Stream,"Helmet, Safety Vest, Mask",None
2026-07-26 17:11:21,CCTV Stream,"Helmet, Safety Vest, Mask",None
2026-07-26 17:11:21,CCTV Stream,"Helmet, Safety Vest, Mask",None
2026-07-26 17:11:21,CCTV Stream,"Helmet, Safety Vest, Mask",None
2026-07-26 17:11:21,CCTV Stream,"Helmet, Safety Vest, Mask",None
2026-07-26 17:11:21,CCTV Stream,"Helmet, Safety Vest, Mask",None
2026-07-26 17:11:21,CCTV Stream,"Helmet, Safety Vest, Mask",None
2026-07-26 17:11:21,CCTV Stream,"Helmet, Safety Vest, Mask",None
2026-07-26 17:11:21,CCTV Stream,"Helmet, Safety Vest, Mask",None
2026-07-26 17:11:21,CCTV Stream,"Helmet, Safety Vest, Mask",None
2026-07-26 17:11:21,CCTV Stream,"Helmet, Safety Vest, Mask",None
2026-07-26 17:11:21,CCTV Stream,"Helmet, Safety Vest, Mask",None
2026-07-26 17:11:21,CCTV Stream,"Helmet, Safety Vest, Mask",None
2026-07-26 17:11:21,CCTV Stream,"Helmet, Safety Vest, Mask",None
2026-07-26 17:11:21,CCTV Stream,"Helmet, Safety Vest, Mask",None
2026-07-26 17:11:21,CCTV Stream,"Helmet, Safety Vest, Mask",None
2026-07-26 17:11:22,CCTV Stream,"Helmet, Safety Vest, Mask",None
2026-07-26 17:11:22,CCTV Stream,"Helmet, Safety Vest, Mask",None
2026-07-26 17:11:22,CCTV Stream,"Helmet, Safety Vest, Mask",None
2026-07-26 17:11:22,CCTV Stream,"Helmet, Safety Vest, Mask",None
2026-07-26 17:11:22,CCTV Stream,"Helmet, Safety Vest, Mask",None
2026-07-26 17:11:22,CCTV Stream,"Helmet, Safety Vest, Mask",None
2026-07-26 17:11:22,CCTV Stream,"Helmet, Safety Vest, Mask",None
2026-07-26 17:11:22,CCTV Stream,"Helmet, Safety Vest, Mask",None
2026-07-26 17:11:22,CCTV Stream,"Helmet, Safety Vest, Mask",None
2026-07-26 17:11:22,CCTV Stream,"Helmet, Safety Vest, Mask",None
2026-07-26 17:11:22,CCTV Stream,"Helmet, Safety Vest, Mask",None
2026-07-26 17:11:22,CCTV Stream,"Helmet, Safety Vest, Mask",None
2026-07-26 17:11:22,CCTV Stream,"Helmet, Safety Vest, Mask",None
2026-07-26 17:11:22,CCTV Stream,"Helmet, Safety Vest, Mask",None
2026-07-26 17:11:22,CCTV Stream,"Helmet, Safety Vest, Mask",None
2026-07-26 17:11:22,CCTV Stream,"Helmet, Safety Vest, Mask",None
2026-07-26 17:11:22,CCTV Stream,"Helmet, Safety Vest, Mask",None
2026-07-26 17:11:23,CCTV Stream,"Helmet, Safety Vest, Mask",None
2026-07-26 17:11:23,CCTV Stream,"Helmet, Safety Vest, Mask",None
2026-07-26 17:11:23,CCTV Stream,"Helmet, Safety Vest, Mask",None
2026-07-26 17:11:23,CCTV Stream,"Helmet, Safety Vest, Mask",None
2026-07-26 17:11:23,CCTV Stream,"Helmet, Safety Vest, Mask",None
2026-07-26 17:11:23,CCTV Stream,"Helmet, Safety Vest, Mask",None
2026-07-26 17:11:23,CCTV Stream,"Helmet, Safety Vest, Mask",None
2026-07-26 17:11:23,CCTV Stream,"Helmet, Safety Vest, Mask",None
2026-07-26 17:11:23,CCTV Stream,"Helmet, Safety Vest, Mask",None
2026-07-26 17:11:23,CCTV Stream,"Helmet, Safety Vest, Mask",None
2026-07-26 17:11:23,CCTV Stream,"Helmet, Safety Vest, Mask",None
2026-07-26 17:11:23,CCTV Stream,"Helmet, Safety Vest, Mask",None
2026-07-26 17:11:23,CCTV Stream,"Helmet, Safety Vest, Mask",None
2026-07-26 17:11:23,CCTV Stream,"Helmet, Safety Vest, Mask",None
2026-07-26 17:11:23,CCTV Stream,"Helmet, Safety Vest, Mask",None
2026-07-26 17:11:23,CCTV Stream,"Helmet, Safety Vest, Mask",None
2026-07-26 17:11:24,CCTV Stream,"Helmet, Safety Vest, Mask",None
2026-07-26 17:11:24,CCTV Stream,"Helmet, Safety Vest, Mask",None
2026-07-26 17:11:24,CCTV Stream,"Helmet, Safety Vest, Mask",None
2026-07-26 17:11:24,CCTV Stream,"Helmet, Safety Vest, Mask",None
2026-07-26 17:11:24,CCTV Stream,"Helmet, Safety Vest, Mask",None
2026-07-26 17:11:24,CCTV Stream,"Helmet, Safety Vest, Mask",None
2026-07-26 17:11:24,CCTV Stream,"Helmet, Safety Vest, Mask",None
2026-07-26 17:11:24,CCTV Stream,"Helmet, Safety Vest, Mask",None
2026-07-26 17:11:24,CCTV Stream,"Helmet, Safety Vest, Mask",None
2026-07-26 17:11:24,CCTV Stream,"Helmet, Safety Vest, Mask",None
2026-07-26 17:11:24,CCTV Stream,"Helmet, Safety Vest, Mask",None
2026-07-26 17:11:24,CCTV Stream,"Helmet, Safety Vest, Mask",None
2026-07-26 17:11:24,CCTV Stream,"Helmet, Safety Vest, Mask",None
2026-07-26 17:11:24,CCTV Stream,"Helmet, Safety Vest, Mask",None
2026-07-26 17:11:24,CCTV Stream,"Helmet, Safety Vest, Mask",None
2026-07-26 17:11:24,CCTV Stream,"Helmet, Safety Vest, Mask",None
2026-07-26 17:11:24,CCTV Stream,"Helmet, Safety Vest, Mask",None
2026-07-26 17:11:25,CCTV Stream,"Helmet, Safety Vest, Mask",None
2026-07-26 17:11:25,CCTV Stream,"Helmet, Safety Vest, Mask",None
2026-07-26 17:11:25,CCTV Stream,"Helmet, Safety Vest, Mask",None
2026-07-26 17:11:25,CCTV Stream,"Helmet, Safety Vest, Mask",None
2026-07-26 17:11:25,CCTV Stream,"Helmet, Safety Vest, Mask",None
2026-07-26 17:11:25,CCTV Stream,"Helmet, Safety Vest, Mask",None
2026-07-26 17:11:25,CCTV Stream,"Helmet, Safety Vest, Mask",None
2026-07-26 17:11:25,CCTV Stream,"Helmet, Safety Vest, Mask",None
2026-07-26 17:11:25,CCTV Stream,"Helmet, Safety Vest, Mask",None
2026-07-26 17:11:25,CCTV Stream,"Helmet, Safety Vest, Mask",None
2026-07-26 17:11:25,CCTV Stream,"Helmet, Safety Vest, Mask",None
2026-07-26 17:11:25,CCTV Stream,"Helmet, Safety Vest, Mask",None
2026-07-26 17:11:25,CCTV Stream,"Helmet, Safety Vest, Mask",None
2026-07-26 17:11:25,CCTV Stream,"Helmet, Safety Vest, Mask",None
2026-07-26 17:11:25,CCTV Stream,"Helmet, Safety Vest, Mask",None
2026-07-26 17:11:25,CCTV Stream,"Helmet, Safety Vest, Mask",None
2026-07-26 17:11:25,CCTV Stream,"Helmet, Safety Vest, Mask",None
2026-07-26 17:11:25,CCTV Stream,"Helmet, Safety Vest, Mask",None
2026-07-26 17:11:26,CCTV Stream,"Helmet, Safety Vest, Mask",None
2026-07-26 17:11:26,CCTV Stream,"Helmet, Safety Vest, Mask",None
2026-07-26 17:11:26,CCTV Stream,"Helmet, Safety Vest, Mask",None
2026-07-26 17:11:26,CCTV Stream,"Helmet, Safety Vest, Mask",None
2026-07-26 17:11:26,CCTV Stream,"Helmet, Safety Vest, Mask",None
2026-07-26 17:11:26,CCTV Stream,"Helmet, Safety Vest, Mask",None
2026-07-26 17:11:26,CCTV Stream,"Helmet, Safety Vest, Mask",None
2026-07-26 17:11:26,CCTV Stream,"Helmet, Safety Vest, Mask",None
2026-07-26 17:11:26,CCTV Stream,"Helmet, Safety Vest, Mask",None
2026-07-26 17:11:26,CCTV Stream,"Helmet, Safety Vest, Mask",None
2026-07-26 17:11:26,CCTV Stream,"Helmet, Safety Vest, Mask",None
2026-07-26 17:11:26,CCTV Stream,"Helmet, Safety Vest, Mask",None
2026-07-26 17:11:26,CCTV Stream,"Helmet, Safety Vest, Mask",None
2026-07-26 17:11:26,CCTV Stream,"Helmet, Safety Vest, Mask",None
2026-07-26 17:11:26,CCTV Stream,"Helmet, Safety Vest, Mask",None
2026-07-26 17:11:26,CCTV Stream,"Helmet, Safety Vest, Mask",None
2026-07-26 17:11:27,CCTV Stream,"Helmet, Safety Vest, Mask",None
2026-07-26 17:11:27,CCTV Stream,"Helmet, Safety Vest, Mask",None
2026-07-26 17:11:27,CCTV Stream,"Helmet, Safety Vest, Mask",None
2026-07-26 17:11:27,CCTV Stream,"Helmet, Safety Vest, Mask",None
2026-07-26 17:11:27,CCTV Stream,"Helmet, Safety Vest, Mask",None
2026-07-26 17:11:27,CCTV Stream,"Helmet, Safety Vest, Mask",None
2026-07-26 17:11:27,CCTV Stream,"Helmet, Safety Vest, Mask",None
2026-07-26 17:11:27,CCTV Stream,"Helmet, Safety Vest, Mask",None
2026-07-26 17:11:27,CCTV Stream,"Helmet, Safety Vest, Mask",None
2026-07-26 17:11:27,CCTV Stream,"Helmet, Safety Vest, Mask",None
2026-07-26 17:11:27,CCTV Stream,"Helmet, Safety Vest, Mask",None
2026-07-26 17:11:27,CCTV Stream,"Helmet, Safety Vest, Mask",None
2026-07-26 17:11:27,CCTV Stream,"Helmet, Safety Vest, Mask",None
2026-07-26 17:11:27,CCTV Stream,"Helmet, Safety Vest, Mask",None
2026-07-26 17:11:27,CCTV Stream,"Helmet, Safety Vest, Mask",None
2026-07-26 17:11:27,CCTV Stream,"Helmet, Safety Vest, Mask",None
2026-07-26 17:11:28,CCTV Stream,"Helmet, Safety Vest, Mask",None
2026-07-26 17:11:28,CCTV Stream,"Helmet, Safety Vest, Mask",None
2026-07-26 17:11:28,CCTV Stream,"Helmet, Safety Vest, Mask",None
2026-07-26 17:11:28,CCTV Stream,"Helmet, Safety Vest, Mask",None
2026-07-26 17:11:28,CCTV Stream,"Helmet, Safety Vest, Mask",None
2026-07-26 17:11:28,CCTV Stream,"Helmet, Safety Vest, Mask",None
2026-07-26 17:11:28,CCTV Stream,"Helmet, Safety Vest, Mask",None
2026-07-26 17:11:28,CCTV Stream,"Helmet, Safety Vest, Mask",None
2026-07-26 17:11:28,CCTV Stream,"Helmet, Safety Vest, Mask",None
2026-07-26 17:11:28,CCTV Stream,"Helmet, Safety Vest, Mask",None
2026-07-26 17:11:28,CCTV Stream,"Helmet, Safety Vest, Mask",None
2026-07-26 17:11:28,CCTV Stream,"Helmet, Safety Vest, Mask",None
2026-07-26 17:11:28,CCTV Stream,"Helmet, Safety Vest, Mask",None
2026-07-26 17:11:28,CCTV Stream,"Helmet, Safety Vest, Mask",None
2026-07-26 17:11:28,CCTV Stream,"Helmet, Safety Vest, Mask",None
2026-07-26 17:11:28,CCTV Stream,"Helmet, Safety Vest, Mask",None
2026-07-26 17:11:28,CCTV Stream,"Helmet, Safety Vest, Mask",None
2026-07-26 17:11:29,CCTV Stream,"Helmet, Safety Vest, Mask",None
2026-07-26 17:11:29,CCTV Stream,"Helmet, Safety Vest, Mask",None
2026-07-26 17:11:29,CCTV Stream,"Helmet, Safety Vest, Mask",None
2026-07-26 17:11:29,CCTV Stream,"Helmet, Safety Vest, Mask",None
2026-07-26 17:11:29,CCTV Stream,"Helmet, Safety Vest, Mask",None
2026-07-26 17:11:29,CCTV Stream,"Helmet, Safety Vest, Mask",None
2026-07-26 17:11:29,CCTV Stream,"Helmet, Safety Vest, Mask",None
2026-07-26 17:11:29,CCTV Stream,"Helmet, Safety Vest, Mask",None
2026-07-26 17:11:29,CCTV Stream,"Helmet, Safety Vest, Mask",None
2026-07-26 17:11:29,CCTV Stream,"Helmet, Safety Vest, Mask",None
2026-07-26 17:11:29,CCTV Stream,"Helmet, Safety Vest, Mask",None
2026-07-26 17:11:29,CCTV Stream,"Helmet, Safety Vest, Mask",None
2026-07-26 17:11:29,CCTV Stream,"Helmet, Safety Vest, Mask",None
2026-07-26 17:11:29,CCTV Stream,"Helmet, Safety Vest, Mask",None
2026-07-26 17:11:29,CCTV Stream,"Helmet, Safety Vest, Mask",None
2026-07-26 17:11:29,CCTV Stream,"Helmet, Safety Vest, Mask",None
2026-07-26 17:11:30,CCTV Stream,"Helmet, Safety Vest, Mask",None
2026-07-26 17:11:30,CCTV Stream,"Helmet, Safety Vest, Mask",None
2026-07-26 17:11:30,CCTV Stream,"Helmet, Safety Vest, Mask",None
2026-07-26 17:11:30,CCTV Stream,"Helmet, Safety Vest, Mask",None
2026-07-26 17:11:30,CCTV Stream,"Helmet, Safety Vest, Mask",None
2026-07-26 17:11:30,CCTV Stream,"Helmet, Safety Vest, Mask",None
2026-07-26 17:11:30,CCTV Stream,"Helmet, Safety Vest, Mask",None
2026-07-26 17:11:30,CCTV Stream,"Helmet, Safety Vest, Mask",None
2026-07-26 17:11:30,CCTV Stream,"Helmet, Safety Vest, Mask",None
2026-07-26 17:11:30,CCTV Stream,"Helmet, Safety Vest, Mask",None
2026-07-26 17:11:30,CCTV Stream,"Helmet, Safety Vest, Mask",None
2026-07-26 17:11:30,CCTV Stream,"Helmet, Safety Vest, Mask",None
2026-07-26 17:11:30,CCTV Stream,"Helmet, Safety Vest, Mask",None
2026-07-26 17:11:30,CCTV Stream,"Helmet, Safety Vest, Mask",None
2026-07-26 17:11:30,CCTV Stream,"Helmet, Safety Vest, Mask",None
2026-07-26 17:11:30,CCTV Stream,"Helmet, Safety Vest, Mask",None
2026-07-26 17:11:31,CCTV Stream,"Helmet, Safety Vest, Mask",None
2026-07-26 17:11:31,CCTV Stream,"Helmet, Safety Vest, Mask",None
2026-07-26 17:11:31,CCTV Stream,"Helmet, Safety Vest, Mask",None
2026-07-26 17:11:31,CCTV Stream,"Helmet, Safety Vest, Mask",None
2026-07-26 17:11:31,CCTV Stream,"Helmet, Safety Vest, Mask",None
2026-07-26 17:11:31,CCTV Stream,"Helmet, Safety Vest, Mask",None
2026-07-26 17:11:31,CCTV Stream,"Helmet, Safety Vest, Mask",None
2026-07-26 17:11:31,CCTV Stream,"Helmet, Safety Vest, Mask",None
2026-07-26 17:11:31,CCTV Stream,"Helmet, Safety Vest, Mask",None
2026-07-26 17:11:31,CCTV Stream,"Helmet, Safety Vest, Mask",None
2026-07-26 17:11:33,CCTV Stream,"Helmet, Safety Vest, Mask",None
2026-07-26 17:11:33,CCTV Stream,"Helmet, Safety Vest, Mask",None
2026-07-26 17:11:33,CCTV Stream,"Helmet, Safety Vest, Mask",None
2026-07-26 17:11:33,CCTV Stream,"Helmet, Safety Vest, Mask",None
2026-07-26 17:11:33,CCTV Stream,"Helmet, Safety Vest, Mask",None
2026-07-26 17:11:33,CCTV Stream,"Helmet, Safety Vest, Mask",None
2026-07-26 17:11:34,CCTV Stream,"Helmet, Safety Vest, Mask",None
2026-07-26 17:11:34,CCTV Stream,"Helmet, Safety Vest, Mask",None
2026-07-26 17:11:34,CCTV Stream,"Helmet, Safety Vest, Mask",None
2026-07-26 17:11:34,CCTV Stream,"Helmet, Safety Vest, Mask",None
2026-07-26 17:11:34,CCTV Stream,"Helmet, Safety Vest, Mask",None
2026-07-26 17:11:34,CCTV Stream,"Helmet, Safety Vest, Mask",None
2026-07-26 17:11:34,CCTV Stream,"Helmet, Safety Vest, Mask",None
2026-07-26 17:11:34,CCTV Stream,"Helmet, Safety Vest, Mask",None
2026-07-26 17:11:34,CCTV Stream,"Helmet, Safety Vest, Mask",None
2026-07-26 17:11:34,CCTV Stream,"Helmet, Safety Vest, Mask",None
2026-07-26 17:11:34,CCTV Stream,"Helmet, Safety Vest, Mask",None
2026-07-26 17:11:34,CCTV Stream,"Helmet, Safety Vest, Mask",None
2026-07-26 17:11:34,CCTV Stream,"Helmet, Safety Vest, Mask",None
2026-07-26 17:11:34,CCTV Stream,"Helmet, Safety Vest, Mask",None
2026-07-26 17:11:34,CCTV Stream,"Helmet, Safety Vest, Mask",None
2026-07-26 17:11:34,CCTV Stream,"Helmet, Safety Vest, Mask",None
2026-07-26 17:11:34,CCTV Stream,"Helmet, Safety Vest, Mask",None
2026-07-26 17:11:35,CCTV Stream,"Helmet, Safety Vest, Mask",None
2026-07-26 17:11:35,CCTV Stream,"Helmet, Safety Vest, Mask",None
2026-07-26 17:11:35,CCTV Stream,"Helmet, Safety Vest, Mask",None
2026-07-26 17:11:35,CCTV Stream,"Helmet, Safety Vest, Mask",None
2026-07-26 17:11:35,CCTV Stream,"Helmet, Safety Vest, Mask",None
2026-07-26 17:11:35,CCTV Stream,"Helmet, Safety Vest, Mask",None
2026-07-26 17:11:35,CCTV Stream,"Helmet, Safety Vest, Mask",None
2026-07-26 17:11:35,CCTV Stream,"Helmet, Safety Vest, Mask",None
2026-07-26 17:11:35,CCTV Stream,"Helmet, Safety Vest, Mask",None
2026-07-26 17:11:35,CCTV Stream,"Helmet, Safety Vest, Mask",None
2026-07-26 17:11:35,CCTV Stream,"Helmet, Safety Vest, Mask",None
2026-07-26 17:11:35,CCTV Stream,"Helmet, Safety Vest, Mask",None
2026-07-26 17:11:35,CCTV Stream,"Helmet, Safety Vest, Mask",None
2026-07-26 17:11:35,CCTV Stream,"Helmet, Safety Vest, Mask",None
2026-07-26 17:11:35,CCTV Stream,"Helmet, Safety Vest, Mask",None
2026-07-26 17:11:35,CCTV Stream,"Helmet, Safety Vest, Mask",None
2026-07-26 17:11:35,CCTV Stream,"Helmet, Safety Vest, Mask",None
2026-07-26 17:11:36,CCTV Stream,"Helmet, Safety Vest, Mask",None
2026-07-26 17:11:36,CCTV Stream,"Helmet, Safety Vest, Mask",None
2026-07-26 17:11:36,CCTV Stream,"Helmet, Safety Vest, Mask",None
2026-07-26 17:11:36,CCTV Stream,"Helmet, Safety Vest, Mask",None
2026-07-26 17:11:36,CCTV Stream,"Helmet, Safety Vest, Mask",None
2026-07-26 17:11:36,CCTV Stream,"Helmet, Safety Vest, Mask",None
2026-07-26 17:11:36,CCTV Stream,"Helmet, Safety Vest, Mask",None
2026-07-26 17:11:36,CCTV Stream,"Helmet, Safety Vest, Mask",None
2026-07-26 17:11:36,CCTV Stream,"Helmet, Safety Vest, Mask",None
2026-07-26 17:11:36,CCTV Stream,"Helmet, Safety Vest, Mask",None
2026-07-26 17:11:36,CCTV Stream,"Helmet, Safety Vest, Mask",None
2026-07-26 17:11:36,CCTV Stream,"Helmet, Safety Vest, Mask",None
2026-07-26 17:11:36,CCTV Stream,"Helmet, Safety Vest, Mask",None
2026-07-26 17:11:36,CCTV Stream,"Helmet, Safety Vest, Mask",None
2026-07-26 17:11:36,CCTV Stream,"Helmet, Safety Vest, Mask",None
2026-07-26 17:11:36,CCTV Stream,"Helmet, Safety Vest, Mask",None
2026-07-26 17:11:36,CCTV Stream,"Helmet, Safety Vest, Mask",None
2026-07-26 17:11:36,CCTV Stream,"Helmet, Safety Vest, Mask",None
2026-07-26 17:11:37,CCTV Stream,"Helmet, Safety Vest, Mask",None
2026-07-26 17:11:37,CCTV Stream,"Helmet, Safety Vest, Mask",None
2026-07-26 17:11:37,CCTV Stream,"Helmet, Safety Vest, Mask",None
2026-07-26 17:11:37,CCTV Stream,"Helmet, Safety Vest, Mask",None
2026-07-26 17:11:37,CCTV Stream,"Helmet, Safety Vest, Mask",None
2026-07-26 17:11:37,CCTV Stream,"Helmet, Safety Vest, Mask",None
2026-07-26 17:11:37,CCTV Stream,"Helmet, Safety Vest, Mask",None
2026-07-26 17:11:37,CCTV Stream,"Helmet, Safety Vest, Mask",None
2026-07-26 17:11:37,CCTV Stream,"Helmet, Safety Vest, Mask",None
2026-07-26 17:11:37,CCTV Stream,"Helmet, Safety Vest, Mask",None
2026-07-26 17:11:37,CCTV Stream,"Helmet, Safety Vest, Mask",None
2026-07-26 17:11:37,CCTV Stream,"Helmet, Safety Vest, Mask",None
2026-07-26 17:11:37,CCTV Stream,"Helmet, Safety Vest, Mask",None
2026-07-26 17:11:37,CCTV Stream,"Helmet, Safety Vest, Mask",None
2026-07-26 17:11:37,CCTV Stream,"Helmet, Safety Vest, Mask",None
2026-07-26 17:11:37,CCTV Stream,"Helmet, Safety Vest, Mask",None
2026-07-26 17:11:38,CCTV Stream,"Helmet, Safety Vest, Mask",None
2026-07-26 17:11:38,CCTV Stream,"Helmet, Safety Vest, Mask",None
2026-07-26 17:11:38,CCTV Stream,"Helmet, Safety Vest, Mask",None
2026-07-26 17:11:38,CCTV Stream,"Helmet, Safety Vest, Mask",None
2026-07-26 17:11:38,CCTV Stream,"Helmet, Safety Vest, Mask",None
2026-07-26 17:11:38,CCTV Stream,"Helmet, Safety Vest, Mask",None
2026-07-26 17:11:38,CCTV Stream,"Helmet, Safety Vest, Mask",None
2026-07-26 17:11:38,CCTV Stream,"Helmet, Safety Vest, Mask",None
2026-07-26 17:11:38,CCTV Stream,"Helmet, Safety Vest, Mask",None
2026-07-26 17:11:38,CCTV Stream,"Helmet, Safety Vest, Mask",None
2026-07-26 17:11:38,CCTV Stream,"Helmet, Safety Vest, Mask",None
2026-07-26 17:11:38,CCTV Stream,"Helmet, Safety Vest, Mask",None
2026-07-26 17:11:38,CCTV Stream,"Helmet, Safety Vest, Mask",None
2026-07-26 17:11:38,CCTV Stream,"Helmet, Safety Vest, Mask",None
2026-07-26 17:11:38,CCTV Stream,"Helmet, Safety Vest, Mask",None
2026-07-26 17:11:38,CCTV Stream,"Helmet, Safety Vest, Mask",None
2026-07-26 17:11:39,CCTV Stream,"Helmet, Safety Vest, Mask",None
2026-07-26 17:11:39,CCTV Stream,"Helmet, Safety Vest, Mask",None
2026-07-26 17:11:39,CCTV Stream,"Helmet, Safety Vest, Mask",None
2026-07-26 17:11:39,CCTV Stream,"Helmet, Safety Vest, Mask",None
2026-07-26 17:11:39,CCTV Stream,"Helmet, Safety Vest, Mask",None
2026-07-26 17:11:51,CCTV Stream,Helmet,None
2026-07-26 17:11:51,CCTV Stream,Helmet,None
2026-07-26 17:11:51,CCTV Stream,Helmet,None
2026-07-26 17:11:51,CCTV Stream,Helmet,None
2026-07-26 17:11:51,CCTV Stream,Helmet,None
2026-07-26 17:11:51,CCTV Stream,Helmet,None
2026-07-26 17:11:51,CCTV Stream,Helmet,None
2026-07-26 17:11:51,CCTV Stream,Helmet,None
2026-07-26 17:11:52,CCTV Stream,Helmet,None
2026-07-26 17:11:52,CCTV Stream,Helmet,None
2026-07-26 17:11:52,CCTV Stream,Helmet,None
2026-07-26 17:11:52,CCTV Stream,Helmet,None
2026-07-26 17:11:52,CCTV Stream,Helmet,None
2026-07-26 17:11:52,CCTV Stream,Helmet,None
2026-07-26 17:11:52,CCTV Stream,Helmet,None
2026-07-26 17:11:52,CCTV Stream,Helmet,None
2026-07-26 17:11:52,CCTV Stream,Helmet,None
2026-07-26 17:11:52,CCTV Stream,Helmet,None
2026-07-26 17:11:52,CCTV Stream,Helmet,None
2026-07-26 17:11:52,CCTV Stream,Helmet,None
2026-07-26 17:11:52,CCTV Stream,Helmet,None
2026-07-26 17:11:52,CCTV Stream,Helmet,None
2026-07-26 17:11:52,CCTV Stream,Helmet,None
2026-07-26 17:11:52,CCTV Stream,Helmet,None
2026-07-26 17:11:53,CCTV Stream,Helmet,None
2026-07-26 17:11:53,CCTV Stream,Helmet,None
2026-07-26 17:11:53,CCTV Stream,Helmet,None
2026-07-26 17:11:53,CCTV Stream,Helmet,None
2026-07-26 17:11:53,CCTV Stream,Helmet,None
2026-07-26 17:11:53,CCTV Stream,Helmet,None
2026-07-26 17:11:53,CCTV Stream,Helmet,None
2026-07-26 17:11:53,CCTV Stream,Helmet,None
2026-07-26 17:11:53,CCTV Stream,Helmet,None
2026-07-26 17:11:53,CCTV Stream,Helmet,None
2026-07-26 17:11:53,CCTV Stream,Helmet,None
2026-07-26 17:11:53,CCTV Stream,Helmet,None
2026-07-26 17:11:53,CCTV Stream,Helmet,None
2026-07-26 17:11:53,CCTV Stream,Helmet,None
2026-07-26 17:11:53,CCTV Stream,Helmet,None
2026-07-26 17:11:53,CCTV Stream,Helmet,None
2026-07-26 17:11:53,CCTV Stream,Helmet,None
2026-07-26 17:11:54,CCTV Stream,Helmet,None
2026-07-26 17:11:54,CCTV Stream,Helmet,None
2026-07-26 17:11:54,CCTV Stream,Helmet,None
2026-07-26 17:11:54,CCTV Stream,Helmet,None
2026-07-26 17:11:54,CCTV Stream,Helmet,None
2026-07-26 17:11:54,CCTV Stream,Helmet,None
2026-07-26 17:11:54,CCTV Stream,Helmet,None
2026-07-26 17:11:54,CCTV Stream,Helmet,None
2026-07-26 17:11:54,CCTV Stream,Helmet,None
2026-07-26 17:11:54,CCTV Stream,Helmet,None
2026-07-26 17:11:54,CCTV Stream,Helmet,None
2026-07-26 17:11:54,CCTV Stream,Helmet,None
2026-07-26 17:11:54,CCTV Stream,Helmet,None
2026-07-26 17:11:54,CCTV Stream,Helmet,None
2026-07-26 17:11:54,CCTV Stream,Helmet,None
2026-07-26 17:11:54,CCTV Stream,Helmet,None
2026-07-26 17:11:57,CCTV Stream,"Helmet, Safety Vest",None
2026-07-26 17:11:57,CCTV Stream,"Helmet, Safety Vest",None
2026-07-26 17:11:57,CCTV Stream,"Helmet, Safety Vest",None
2026-07-26 17:11:57,CCTV Stream,"Helmet, Safety Vest",None
2026-07-26 17:11:57,CCTV Stream,"Helmet, Safety Vest",None
2026-07-26 17:11:57,CCTV Stream,"Helmet, Safety Vest",None
2026-07-26 17:11:57,CCTV Stream,"Helmet, Safety Vest",None
2026-07-26 17:11:57,CCTV Stream,"Helmet, Safety Vest",None
2026-07-26 17:11:57,CCTV Stream,"Helmet, Safety Vest",None
2026-07-26 17:11:57,CCTV Stream,"Helmet, Safety Vest",None
2026-07-26 17:11:57,CCTV Stream,"Helmet, Safety Vest",None
2026-07-26 17:11:57,CCTV Stream,"Helmet, Safety Vest",None
2026-07-26 17:11:57,CCTV Stream,"Helmet, Safety Vest",None
2026-07-26 17:11:57,CCTV Stream,"Helmet, Safety Vest",None
2026-07-26 17:11:57,CCTV Stream,"Helmet, Safety Vest",None
2026-07-26 17:11:58,CCTV Stream,"Helmet, Safety Vest",None
2026-07-26 17:11:58,CCTV Stream,"Helmet, Safety Vest",None
2026-07-26 17:11:58,CCTV Stream,"Helmet, Safety Vest",None
2026-07-26 17:11:58,CCTV Stream,"Helmet, Safety Vest",None
2026-07-26 17:11:58,CCTV Stream,"Helmet, Safety Vest",None
2026-07-26 17:11:58,CCTV Stream,"Helmet, Safety Vest",None
2026-07-26 17:11:58,CCTV Stream,"Helmet, Safety Vest",None
2026-07-26 17:11:58,CCTV Stream,"Helmet, Safety Vest",None
2026-07-26 17:11:58,CCTV Stream,"Helmet, Safety Vest",None
2026-07-26 17:11:58,CCTV Stream,"Helmet, Safety Vest",None
2026-07-26 17:11:58,CCTV Stream,"Helmet, Safety Vest",None
2026-07-26 17:11:58,CCTV Stream,"Helmet, Safety Vest",None
2026-07-26 17:11:58,CCTV Stream,"Helmet, Safety Vest",None
2026-07-26 17:11:58,CCTV Stream,"Helmet, Safety Vest",None
2026-07-26 17:11:58,CCTV Stream,"Helmet, Safety Vest",None
2026-07-26 17:11:58,CCTV Stream,"Helmet, Safety Vest",None
2026-07-26 17:11:59,CCTV Stream,"Helmet, Safety Vest",None
2026-07-26 17:11:59,CCTV Stream,"Helmet, Safety Vest",None
2026-07-26 17:11:59,CCTV Stream,"Helmet, Safety Vest",None
2026-07-26 17:11:59,CCTV Stream,"Helmet, Safety Vest",None
2026-07-26 17:11:59,CCTV Stream,"Helmet, Safety Vest",None
2026-07-26 17:11:59,CCTV Stream,"Helmet, Safety Vest",None
2026-07-26 17:11:59,CCTV Stream,"Helmet, Safety Vest",None
2026-07-26 17:11:59,CCTV Stream,"Helmet, Safety Vest",None
2026-07-26 17:11:59,CCTV Stream,"Helmet, Safety Vest",None
2026-07-26 17:11:59,CCTV Stream,"Helmet, Safety Vest",None
2026-07-26 17:11:59,CCTV Stream,"Helmet, Safety Vest",None
2026-07-26 17:11:59,CCTV Stream,"Helmet, Safety Vest",None
2026-07-26 17:11:59,CCTV Stream,"Helmet, Safety Vest",None
2026-07-26 17:11:59,CCTV Stream,"Helmet, Safety Vest",None
2026-07-26 17:11:59,CCTV Stream,"Helmet, Safety Vest",None
2026-07-26 17:11:59,CCTV Stream,"Helmet, Safety Vest",None
2026-07-26 17:11:59,CCTV Stream,"Helmet, Safety Vest",None
2026-07-26 17:12:00,CCTV Stream,"Helmet, Safety Vest",None
2026-07-26 17:12:00,CCTV Stream,"Helmet, Safety Vest",None
2026-07-26 17:12:00,CCTV Stream,"Helmet, Safety Vest",None
2026-07-26 17:12:00,CCTV Stream,"Helmet, Safety Vest",None
2026-07-26 17:12:00,CCTV Stream,"Helmet, Safety Vest",None
2026-07-26 17:12:00,CCTV Stream,"Helmet, Safety Vest",None
2026-07-26 17:12:00,CCTV Stream,"Helmet, Safety Vest",None
2026-07-26 17:12:00,CCTV Stream,"Helmet, Safety Vest",None
2026-07-26 17:12:00,CCTV Stream,"Helmet, Safety Vest",None
2026-07-26 17:12:00,CCTV Stream,"Helmet, Safety Vest",None
2026-07-26 17:12:00,CCTV Stream,"Helmet, Safety Vest",None
2026-07-26 17:12:00,CCTV Stream,"Helmet, Safety Vest",None
2026-07-26 17:12:00,CCTV Stream,"Helmet, Safety Vest",None
2026-07-26 17:12:00,CCTV Stream,"Helmet, Safety Vest",None
2026-07-26 17:12:00,CCTV Stream,"Helmet, Safety Vest",None
2026-07-26 17:12:00,CCTV Stream,"Helmet, Safety Vest",None
2026-07-26 17:12:01,CCTV Stream,"Helmet, Safety Vest",None
2026-07-26 17:12:01,CCTV Stream,"Helmet, Safety Vest",None
2026-07-26 17:12:01,CCTV Stream,"Helmet, Safety Vest",None
2026-07-26 17:12:01,CCTV Stream,"Helmet, Safety Vest",None
2026-07-26 17:12:01,CCTV Stream,"Helmet, Safety Vest",None
2026-07-26 17:12:02,CCTV Stream,"Helmet, Safety Vest, Mask",None
2026-07-26 17:12:02,CCTV Stream,"Helmet, Safety Vest, Mask",None
2026-07-26 17:12:02,CCTV Stream,"Helmet, Safety Vest, Mask",None
2026-07-26 17:12:02,CCTV Stream,"Helmet, Safety Vest, Mask",None
2026-07-26 17:12:02,CCTV Stream,"Helmet, Safety Vest, Mask",None
2026-07-26 17:12:02,CCTV Stream,"Helmet, Safety Vest, Mask",None
2026-07-26 17:12:03,CCTV Stream,"Helmet, Safety Vest, Mask",None
2026-07-26 17:12:03,CCTV Stream,"Helmet, Safety Vest, Mask",None
2026-07-26 17:12:03,CCTV Stream,"Helmet, Safety Vest, Mask",None
2026-07-26 17:12:03,CCTV Stream,"Helmet, Safety Vest, Mask",None
2026-07-26 17:12:03,CCTV Stream,"Helmet, Safety Vest, Mask",None
2026-07-26 17:12:03,CCTV Stream,"Helmet, Safety Vest, Mask",None
2026-07-26 17:12:03,CCTV Stream,"Helmet, Safety Vest, Mask",None
2026-07-26 17:12:03,CCTV Stream,"Helmet, Safety Vest, Mask",None
2026-07-26 17:12:03,CCTV Stream,"Helmet, Safety Vest, Mask",None
2026-07-26 17:12:03,CCTV Stream,"Helmet, Safety Vest, Mask",None
2026-07-26 17:12:03,CCTV Stream,"Helmet, Safety Vest, Mask",None
2026-07-26 17:12:03,CCTV Stream,"Helmet, Safety Vest, Mask",None
2026-07-26 17:12:03,CCTV Stream,"Helmet, Safety Vest, Mask",None
2026-07-26 17:12:03,CCTV Stream,"Helmet, Safety Vest, Mask",None
2026-07-26 17:12:03,CCTV Stream,"Helmet, Safety Vest, Mask",None
2026-07-26 17:12:03,CCTV Stream,"Helmet, Safety Vest, Mask",None
2026-07-26 17:12:04,CCTV Stream,"Helmet, Safety Vest, Mask",None
2026-07-26 17:12:04,CCTV Stream,"Helmet, Safety Vest, Mask",None
2026-07-26 17:12:04,CCTV Stream,"Helmet, Safety Vest, Mask",None
2026-07-26 17:12:04,CCTV Stream,"Helmet, Safety Vest, Mask",None
2026-07-26 17:12:04,CCTV Stream,"Helmet, Safety Vest, Mask",None
2026-07-26 17:12:04,CCTV Stream,"Helmet, Safety Vest, Mask",None
2026-07-26 17:12:04,CCTV Stream,"Helmet, Safety Vest, Mask",None
2026-07-26 17:12:04,CCTV Stream,"Helmet, Safety Vest, Mask",None
2026-07-26 17:12:04,CCTV Stream,"Helmet, Safety Vest, Mask",None
2026-07-26 17:12:04,CCTV Stream,"Helmet, Safety Vest, Mask",None
2026-07-26 17:12:04,CCTV Stream,"Helmet, Safety Vest, Mask",None
2026-07-26 17:12:04,CCTV Stream,"Helmet, Safety Vest, Mask",None
2026-07-26 17:12:04,CCTV Stream,"Helmet, Safety Vest, Mask",None
2026-07-26 17:12:04,CCTV Stream,"Helmet, Safety Vest, Mask",None
2026-07-26 17:12:04,CCTV Stream,"Helmet, Safety Vest, Mask",None
2026-07-26 17:12:04,CCTV Stream,"Helmet, Safety Vest, Mask",None
2026-07-26 17:12:04,CCTV Stream,"Helmet, Safety Vest, Mask",None
2026-07-26 17:12:04,CCTV Stream,"Helmet, Safety Vest, Mask",None
2026-07-26 17:12:05,CCTV Stream,"Helmet, Safety Vest, Mask",None
2026-07-26 17:12:05,CCTV Stream,"Helmet, Safety Vest, Mask",None
2026-07-26 17:12:05,CCTV Stream,"Helmet, Safety Vest, Mask",None
2026-07-26 17:12:05,CCTV Stream,"Helmet, Safety Vest, Mask",None
2026-07-26 17:12:05,CCTV Stream,"Helmet, Safety Vest, Mask",None
2026-07-26 17:12:05,CCTV Stream,"Helmet, Safety Vest, Mask",None
2026-07-26 17:12:05,CCTV Stream,"Helmet, Safety Vest, Mask",None
2026-07-26 17:12:05,CCTV Stream,"Helmet, Safety Vest, Mask",None
2026-07-26 17:12:05,CCTV Stream,"Helmet, Safety Vest, Mask",None
2026-07-26 17:12:05,CCTV Stream,"Helmet, Safety Vest, Mask",None
2026-07-26 17:12:05,CCTV Stream,"Helmet, Safety Vest, Mask",None
2026-07-26 17:12:05,CCTV Stream,"Helmet, Safety Vest, Mask",None
2026-07-26 17:12:05,CCTV Stream,"Helmet, Safety Vest, Mask",None
2026-07-26 17:12:05,CCTV Stream,"Helmet, Safety Vest, Mask",None
2026-07-26 17:12:05,CCTV Stream,"Helmet, Safety Vest, Mask",None
2026-07-26 17:12:05,CCTV Stream,"Helmet, Safety Vest, Mask",None
2026-07-26 17:12:05,CCTV Stream,"Helmet, Safety Vest, Mask",None
2026-07-26 17:12:06,CCTV Stream,"Helmet, Safety Vest, Mask",None
2026-07-26 17:12:06,CCTV Stream,"Helmet, Safety Vest, Mask",None
2026-07-26 17:12:06,CCTV Stream,"Helmet, Safety Vest, Mask",None
2026-07-26 17:12:06,CCTV Stream,"Helmet, Safety Vest, Mask",None
2026-07-26 17:12:06,CCTV Stream,"Helmet, Safety Vest, Mask",None
2026-07-26 17:12:06,CCTV Stream,"Helmet, Safety Vest, Mask",None
2026-07-26 17:12:06,CCTV Stream,"Helmet, Safety Vest, Mask",None
2026-07-26 17:12:06,CCTV Stream,"Helmet, Safety Vest, Mask",None
2026-07-26 17:12:06,CCTV Stream,"Helmet, Safety Vest, Mask",None
2026-07-26 17:12:06,CCTV Stream,"Helmet, Safety Vest, Mask",None
2026-07-26 17:12:06,CCTV Stream,"Helmet, Safety Vest, Mask",None
2026-07-26 17:12:06,CCTV Stream,"Helmet, Safety Vest, Mask",None
2026-07-26 17:12:06,CCTV Stream,"Helmet, Safety Vest, Mask",None
2026-07-26 17:12:06,CCTV Stream,"Helmet, Safety Vest, Mask",None
2026-07-26 17:12:06,CCTV Stream,"Helmet, Safety Vest, Mask",None
2026-07-26 17:12:06,CCTV Stream,"Helmet, Safety Vest, Mask",None
2026-07-26 17:12:07,CCTV Stream,"Helmet, Safety Vest, Mask",None
2026-07-26 17:12:07,CCTV Stream,"Helmet, Safety Vest, Mask",None
2026-07-26 17:12:07,CCTV Stream,"Helmet, Safety Vest, Mask",None
2026-07-26 17:12:07,CCTV Stream,"Helmet, Safety Vest, Mask",None
2026-07-26 17:12:07,CCTV Stream,"Helmet, Safety Vest, Mask",None
2026-07-26 17:12:07,CCTV Stream,"Helmet, Safety Vest, Mask",None
2026-07-26 17:12:07,CCTV Stream,"Helmet, Safety Vest, Mask",None
2026-07-26 17:12:07,CCTV Stream,"Helmet, Safety Vest, Mask",None
2026-07-26 17:12:07,CCTV Stream,"Helmet, Safety Vest, Mask",None
2026-07-26 17:12:07,CCTV Stream,"Helmet, Safety Vest, Mask",None
2026-07-26 17:12:07,CCTV Stream,"Helmet, Safety Vest, Mask",None
2026-07-26 17:12:07,CCTV Stream,"Helmet, Safety Vest, Mask",None
2026-07-26 17:12:07,CCTV Stream,"Helmet, Safety Vest, Mask",None
2026-07-26 17:12:07,CCTV Stream,"Helmet, Safety Vest, Mask",None
2026-07-26 17:12:07,CCTV Stream,"Helmet, Safety Vest, Mask",None
2026-07-26 17:12:07,CCTV Stream,"Helmet, Safety Vest, Mask",None
2026-07-26 17:12:07,CCTV Stream,"Helmet, Safety Vest, Mask",None
2026-07-26 17:12:08,CCTV Stream,"Helmet, Safety Vest, Mask",None
2026-07-26 17:12:08,CCTV Stream,"Helmet, Safety Vest, Mask",None
2026-07-26 17:12:08,CCTV Stream,"Helmet, Safety Vest, Mask",None
2026-07-26 17:12:08,CCTV Stream,"Helmet, Safety Vest, Mask",None
2026-07-26 17:12:08,CCTV Stream,"Helmet, Safety Vest, Mask",None
2026-07-26 17:12:08,CCTV Stream,"Helmet, Safety Vest, Mask",None
2026-07-26 17:12:08,CCTV Stream,"Helmet, Safety Vest, Mask",None
2026-07-26 17:12:08,CCTV Stream,"Helmet, Safety Vest, Mask",None
2026-07-26 17:12:08,CCTV Stream,"Helmet, Safety Vest, Mask",None
2026-07-26 17:12:08,CCTV Stream,"Helmet, Safety Vest, Mask",None
2026-07-26 17:12:08,CCTV Stream,"Helmet, Safety Vest, Mask",None
2026-07-26 17:12:08,CCTV Stream,"Helmet, Safety Vest, Mask",None
2026-07-26 17:12:08,CCTV Stream,"Helmet, Safety Vest, Mask",None
2026-07-26 17:12:08,CCTV Stream,"Helmet, Safety Vest, Mask",None
2026-07-26 17:12:08,CCTV Stream,"Helmet, Safety Vest, Mask",None
2026-07-26 17:12:08,CCTV Stream,"Helmet, Safety Vest, Mask",None
2026-07-26 17:12:09,CCTV Stream,"Helmet, Safety Vest, Mask",None
2026-07-26 17:12:09,CCTV Stream,"Helmet, Safety Vest, Mask",None
2026-07-26 17:12:09,CCTV Stream,"Helmet, Safety Vest, Mask",None
2026-07-26 17:12:09,CCTV Stream,"Helmet, Safety Vest, Mask",None
2026-07-26 17:12:09,CCTV Stream,"Helmet, Safety Vest, Mask",None
2026-07-26 17:12:09,CCTV Stream,"Helmet, Safety Vest, Mask",None
2026-07-26 17:12:09,CCTV Stream,"Helmet, Safety Vest, Mask",None
2026-07-26 17:12:09,CCTV Stream,"Helmet, Safety Vest, Mask",None
2026-07-26 17:12:09,CCTV Stream,"Helmet, Safety Vest, Mask",None
2026-07-26 17:12:09,CCTV Stream,"Helmet, Safety Vest, Mask",None
2026-07-26 17:12:19,CCTV Stream,"Helmet, Safety Vest, Mask",None
2026-07-26 17:12:19,CCTV Stream,"Helmet, Safety Vest, Mask",None
2026-07-26 17:12:19,CCTV Stream,"Helmet, Safety Vest, Mask",None
2026-07-26 17:12:19,CCTV Stream,"Helmet, Safety Vest, Mask",None
2026-07-26 17:12:19,CCTV Stream,"Helmet, Safety Vest, Mask",None
2026-07-26 17:12:19,CCTV Stream,"Helmet, Safety Vest, Mask",None
2026-07-26 17:12:19,CCTV Stream,"Helmet, Safety Vest, Mask",None
2026-07-26 17:12:19,CCTV Stream,"Helmet, Safety Vest, Mask",None
2026-07-26 17:12:19,CCTV Stream,"Helmet, Safety Vest, Mask",None
2026-07-26 17:12:20,CCTV Stream,"Helmet, Safety Vest, Mask",None
2026-07-26 17:12:20,CCTV Stream,"Helmet, Safety Vest, Mask",None
2026-07-26 17:12:20,CCTV Stream,"Helmet, Safety Vest, Mask",None
2026-07-26 17:12:20,CCTV Stream,"Helmet, Safety Vest, Mask",None
2026-07-26 17:12:20,CCTV Stream,"Helmet, Safety Vest, Mask",None
2026-07-26 17:12:20,CCTV Stream,"Helmet, Safety Vest, Mask",None
2026-07-26 17:12:20,CCTV Stream,"Helmet, Safety Vest, Mask",None
2026-07-26 17:12:20,CCTV Stream,"Helmet, Safety Vest, Mask",None
2026-07-26 17:12:20,CCTV Stream,"Helmet, Safety Vest, Mask",None
2026-07-26 17:12:20,CCTV Stream,"Helmet, Safety Vest, Mask",None
2026-07-26 17:12:20,CCTV Stream,"Helmet, Safety Vest, Mask",None
2026-07-26 17:12:20,CCTV Stream,"Helmet, Safety Vest, Mask",None
2026-07-26 17:12:20,CCTV Stream,"Helmet, Safety Vest, Mask",None
2026-07-26 17:12:20,CCTV Stream,"Helmet, Safety Vest, Mask",None
2026-07-26 17:12:20,CCTV Stream,"Helmet, Safety Vest, Mask",None
2026-07-26 17:12:20,CCTV Stream,"Helmet, Safety Vest, Mask",None
2026-07-26 17:12:21,CCTV Stream,"Helmet, Safety Vest, Mask",None
2026-07-26 17:12:21,CCTV Stream,"Helmet, Safety Vest, Mask",None
2026-07-26 17:12:21,CCTV Stream,"Helmet, Safety Vest, Mask",None
2026-07-26 17:12:21,CCTV Stream,"Helmet, Safety Vest, Mask",None
2026-07-26 17:12:21,CCTV Stream,"Helmet, Safety Vest, Mask",None
2026-07-26 17:12:21,CCTV Stream,"Helmet, Safety Vest, Mask",None
2026-07-26 17:12:21,CCTV Stream,"Helmet, Safety Vest, Mask",None
2026-07-26 17:12:21,CCTV Stream,"Helmet, Safety Vest, Mask",None
2026-07-26 17:12:21,CCTV Stream,"Helmet, Safety Vest, Mask",None
2026-07-26 17:12:21,CCTV Stream,"Helmet, Safety Vest, Mask",None
2026-07-26 17:12:21,CCTV Stream,"Helmet, Safety Vest, Mask",None
2026-07-26 17:12:21,CCTV Stream,"Helmet, Safety Vest, Mask",None
2026-07-26 17:12:21,CCTV Stream,"Helmet, Safety Vest, Mask",None
2026-07-26 17:12:21,CCTV Stream,"Helmet, Safety Vest, Mask",None
2026-07-26 17:12:21,CCTV Stream,"Helmet, Safety Vest, Mask",None
2026-07-26 17:12:21,CCTV Stream,"Helmet, Safety Vest, Mask",None
2026-07-26 17:12:21,CCTV Stream,"Helmet, Safety Vest, Mask",None
2026-07-26 17:12:22,CCTV Stream,"Helmet, Safety Vest, Mask",None
2026-07-26 17:12:22,CCTV Stream,"Helmet, Safety Vest, Mask",None
2026-07-26 17:12:22,CCTV Stream,"Helmet, Safety Vest, Mask",None
2026-07-26 17:12:22,CCTV Stream,"Helmet, Safety Vest, Mask",None
2026-07-26 17:12:22,CCTV Stream,"Helmet, Safety Vest, Mask",None
2026-07-26 17:12:22,CCTV Stream,"Helmet, Safety Vest, Mask",None
2026-07-26 17:12:22,CCTV Stream,"Helmet, Safety Vest, Mask",None
2026-07-26 17:12:22,CCTV Stream,"Helmet, Safety Vest, Mask",None
2026-07-26 17:12:22,CCTV Stream,"Helmet, Safety Vest, Mask",None
2026-07-26 17:12:22,CCTV Stream,"Helmet, Safety Vest, Mask",None
2026-07-26 17:12:22,CCTV Stream,"Helmet, Safety Vest, Mask",None
2026-07-26 17:12:22,CCTV Stream,"Helmet, Safety Vest, Mask",None
2026-07-26 17:12:22,CCTV Stream,"Helmet, Safety Vest, Mask",None
2026-07-26 17:12:22,CCTV Stream,"Helmet, Safety Vest, Mask",None
2026-07-26 17:12:22,CCTV Stream,"Helmet, Safety Vest, Mask",None
2026-07-26 17:12:22,CCTV Stream,"Helmet, Safety Vest, Mask",None
2026-07-26 17:12:22,CCTV Stream,"Helmet, Safety Vest, Mask",None
2026-07-26 17:12:23,CCTV Stream,"Helmet, Safety Vest, Mask",None
2026-07-26 17:12:23,CCTV Stream,"Helmet, Safety Vest, Mask",None
2026-07-26 17:12:23,CCTV Stream,"Helmet, Safety Vest, Mask",None
2026-07-26 17:12:23,CCTV Stream,"Helmet, Safety Vest, Mask",None
2026-07-26 17:12:23,CCTV Stream,"Helmet, Safety Vest, Mask",None
2026-07-26 17:12:23,CCTV Stream,"Helmet, Safety Vest, Mask",None
2026-07-26 17:12:23,CCTV Stream,"Helmet, Safety Vest, Mask",None
2026-07-26 17:12:23,CCTV Stream,"Helmet, Safety Vest, Mask",None
2026-07-26 17:12:23,CCTV Stream,"Helmet, Safety Vest, Mask",None
2026-07-26 17:12:23,CCTV Stream,"Helmet, Safety Vest, Mask",None
2026-07-26 17:12:23,CCTV Stream,"Helmet, Safety Vest, Mask",None
2026-07-26 17:12:23,CCTV Stream,"Helmet, Safety Vest, Mask",None
2026-07-26 17:12:23,CCTV Stream,"Helmet, Safety Vest, Mask",None
2026-07-26 17:12:23,CCTV Stream,"Helmet, Safety Vest, Mask",None
2026-07-26 17:12:23,CCTV Stream,"Helmet, Safety Vest, Mask",None
2026-07-26 17:12:24,CCTV Stream,"Helmet, Safety Vest, Mask",None
2026-07-26 17:12:24,CCTV Stream,"Helmet, Safety Vest, Mask",None
2026-07-26 17:12:24,CCTV Stream,"Helmet, Safety Vest, Mask",None
2026-07-26 17:12:24,CCTV Stream,"Helmet, Safety Vest, Mask",None
2026-07-26 17:12:24,CCTV Stream,"Helmet, Safety Vest, Mask",None
2026-07-26 17:12:24,CCTV Stream,"Helmet, Safety Vest, Mask",None
2026-07-26 17:12:24,CCTV Stream,"Helmet, Safety Vest, Mask",None
2026-07-26 17:12:24,CCTV Stream,"Helmet, Safety Vest, Mask",None
2026-07-26 17:12:24,CCTV Stream,"Helmet, Safety Vest, Mask",None
2026-07-26 17:12:24,CCTV Stream,"Helmet, Safety Vest, Mask",None
2026-07-26 17:12:24,CCTV Stream,"Helmet, Safety Vest, Mask",None
2026-07-26 17:12:24,CCTV Stream,"Helmet, Safety Vest, Mask",None
2026-07-26 17:12:24,CCTV Stream,"Helmet, Safety Vest, Mask",None
2026-07-26 17:12:24,CCTV Stream,"Helmet, Safety Vest, Mask",None
2026-07-26 17:12:24,CCTV Stream,"Helmet, Safety Vest, Mask",None
2026-07-26 17:12:25,CCTV Stream,"Helmet, Safety Vest, Mask",None
2026-07-26 17:12:25,CCTV Stream,"Helmet, Safety Vest, Mask",None
2026-07-26 17:12:25,CCTV Stream,"Helmet, Safety Vest, Mask",None
2026-07-26 17:12:25,CCTV Stream,"Helmet, Safety Vest, Mask",None
2026-07-26 17:12:25,CCTV Stream,"Helmet, Safety Vest, Mask",None
2026-07-26 17:12:25,CCTV Stream,"Helmet, Safety Vest, Mask",None
2026-07-26 17:12:25,CCTV Stream,"Helmet, Safety Vest, Mask",None
2026-07-26 17:12:25,CCTV Stream,"Helmet, Safety Vest, Mask",None
2026-07-26 17:12:25,CCTV Stream,"Helmet, Safety Vest, Mask",None
2026-07-26 17:12:25,CCTV Stream,"Helmet, Safety Vest, Mask",None
2026-07-26 17:12:25,CCTV Stream,"Helmet, Safety Vest, Mask",None
2026-07-26 17:12:25,CCTV Stream,"Helmet, Safety Vest, Mask",None
2026-07-26 17:12:25,CCTV Stream,"Helmet, Safety Vest, Mask",None
2026-07-26 17:12:25,CCTV Stream,"Helmet, Safety Vest, Mask",None
2026-07-26 17:12:26,CCTV Stream,"Helmet, Safety Vest, Mask",None
2026-07-26 17:12:26,CCTV Stream,"Helmet, Safety Vest, Mask",None
2026-07-26 17:12:26,CCTV Stream,"Helmet, Safety Vest, Mask",None
2026-07-26 17:12:26,CCTV Stream,"Helmet, Safety Vest, Mask",None
2026-07-26 17:12:26,CCTV Stream,"Helmet, Safety Vest, Mask",None
2026-07-26 17:12:26,CCTV Stream,"Helmet, Safety Vest, Mask",None
2026-07-26 17:12:26,CCTV Stream,"Helmet, Safety Vest, Mask",None
2026-07-26 17:12:26,CCTV Stream,"Helmet, Safety Vest, Mask",None
2026-07-26 17:12:26,CCTV Stream,"Helmet, Safety Vest, Mask",None
2026-07-26 17:12:26,CCTV Stream,"Helmet, Safety Vest, Mask",None
2026-07-26 17:12:26,CCTV Stream,"Helmet, Safety Vest, Mask",None
2026-07-26 17:12:26,CCTV Stream,"Helmet, Safety Vest, Mask",None
2026-07-26 17:12:26,CCTV Stream,"Helmet, Safety Vest, Mask",None
2026-07-26 17:12:26,CCTV Stream,"Helmet, Safety Vest, Mask",None
2026-07-26 17:12:26,CCTV Stream,"Helmet, Safety Vest, Mask",None
2026-07-26 17:12:26,CCTV Stream,"Helmet, Safety Vest, Mask",None
2026-07-26 17:12:26,CCTV Stream,"Helmet, Safety Vest, Mask",None
2026-07-26 17:12:27,CCTV Stream,"Helmet, Safety Vest, Mask",None
2026-07-26 17:12:27,CCTV Stream,"Helmet, Safety Vest, Mask",None
2026-07-26 17:12:27,CCTV Stream,"Helmet, Safety Vest, Mask",None
2026-07-26 17:12:27,CCTV Stream,"Helmet, Safety Vest, Mask",None
2026-07-26 17:12:27,CCTV Stream,"Helmet, Safety Vest, Mask",None
2026-07-26 17:12:27,CCTV Stream,"Helmet, Safety Vest, Mask",None
2026-07-26 17:12:27,CCTV Stream,"Helmet, Safety Vest, Mask",None
2026-07-26 17:12:27,CCTV Stream,"Helmet, Safety Vest, Mask",None
2026-07-26 17:12:27,CCTV Stream,"Helmet, Safety Vest, Mask",None
2026-07-26 17:12:27,CCTV Stream,"Helmet, Safety Vest, Mask",None
2026-07-26 17:12:27,CCTV Stream,"Helmet, Safety Vest, Mask",None
2026-07-26 17:12:27,CCTV Stream,"Helmet, Safety Vest, Mask",None
2026-07-26 17:12:27,CCTV Stream,"Helmet, Safety Vest, Mask",None
2026-07-26 17:12:27,CCTV Stream,"Helmet, Safety Vest, Mask",None
2026-07-26 17:12:27,CCTV Stream,"Helmet, Safety Vest, Mask",None
2026-07-26 17:12:27,CCTV Stream,"Helmet, Safety Vest, Mask",None
2026-07-26 17:12:28,CCTV Stream,"Helmet, Safety Vest, Mask",None
2026-07-26 17:12:28,CCTV Stream,"Helmet, Safety Vest, Mask",None
2026-07-26 17:12:28,CCTV Stream,"Helmet, Safety Vest, Mask",None
2026-07-26 17:12:28,CCTV Stream,"Helmet, Safety Vest, Mask",None
2026-07-26 17:12:28,CCTV Stream,"Helmet, Safety Vest, Mask",None
2026-07-26 17:12:28,CCTV Stream,"Helmet, Safety Vest, Mask",None
2026-07-26 17:12:28,CCTV Stream,"Helmet, Safety Vest, Mask",None
2026-07-26 17:12:28,CCTV Stream,"Helmet, Safety Vest, Mask",None
2026-07-26 17:12:28,CCTV Stream,"Helmet, Safety Vest, Mask",None
2026-07-26 17:12:28,CCTV Stream,"Helmet, Safety Vest, Mask",None
2026-07-26 17:12:28,CCTV Stream,"Helmet, Safety Vest, Mask",None
2026-07-26 17:12:28,CCTV Stream,"Helmet, Safety Vest, Mask",None
2026-07-26 17:12:28,CCTV Stream,"Helmet, Safety Vest, Mask",None
2026-07-26 17:12:28,CCTV Stream,"Helmet, Safety Vest, Mask",None
2026-07-26 17:12:28,CCTV Stream,"Helmet, Safety Vest, Mask",None
2026-07-26 17:12:29,CCTV Stream,"Helmet, Safety Vest, Mask",None
2026-07-26 17:12:29,CCTV Stream,"Helmet, Safety Vest, Mask",None
2026-07-26 17:12:29,CCTV Stream,"Helmet, Safety Vest, Mask",None
2026-07-26 17:12:29,CCTV Stream,"Helmet, Safety Vest, Mask",None
2026-07-26 17:12:29,CCTV Stream,"Helmet, Safety Vest, Mask",None
2026-07-26 17:12:29,CCTV Stream,"Helmet, Safety Vest, Mask",None
2026-07-26 17:12:29,CCTV Stream,"Helmet, Safety Vest, Mask",None
2026-07-26 17:12:29,CCTV Stream,"Helmet, Safety Vest, Mask",None
2026-07-26 17:12:29,CCTV Stream,"Helmet, Safety Vest, Mask",None
2026-07-26 17:12:29,CCTV Stream,"Helmet, Safety Vest, Mask",None
2026-07-26 17:12:29,CCTV Stream,"Helmet, Safety Vest, Mask",None
2026-07-26 17:12:29,CCTV Stream,"Helmet, Safety Vest, Mask",None
2026-07-26 17:12:29,CCTV Stream,"Helmet, Safety Vest, Mask",None
2026-07-26 17:12:29,CCTV Stream,"Helmet, Safety Vest, Mask",None
2026-07-26 17:12:29,CCTV Stream,"Helmet, Safety Vest, Mask",None
2026-07-26 17:12:29,CCTV Stream,"Helmet, Safety Vest, Mask",None
2026-07-26 17:12:29,CCTV Stream,"Helmet, Safety Vest, Mask",None
2026-07-26 17:12:30,CCTV Stream,"Helmet, Safety Vest, Mask",None
2026-07-26 17:12:30,CCTV Stream,"Helmet, Safety Vest, Mask",None
2026-07-26 17:12:30,CCTV Stream,"Helmet, Safety Vest, Mask",None
2026-07-26 17:12:30,CCTV Stream,"Helmet, Safety Vest, Mask",None
2026-07-26 17:12:30,CCTV Stream,"Helmet, Safety Vest, Mask",None
2026-07-26 17:12:30,CCTV Stream,"Helmet, Safety Vest, Mask",None
2026-07-26 17:12:30,CCTV Stream,"Helmet, Safety Vest, Mask",None
2026-07-26 17:12:30,CCTV Stream,"Helmet, Safety Vest, Mask",None
2026-07-26 17:12:30,CCTV Stream,"Helmet, Safety Vest, Mask",None
2026-07-26 17:12:30,CCTV Stream,"Helmet, Safety Vest, Mask",None
2026-07-26 17:12:30,CCTV Stream,"Helmet, Safety Vest, Mask",None
2026-07-26 17:12:30,CCTV Stream,"Helmet, Safety Vest, Mask",None
2026-07-26 17:12:30,CCTV Stream,"Helmet, Safety Vest, Mask",None
2026-07-26 17:12:30,CCTV Stream,"Helmet, Safety Vest, Mask",None
2026-07-26 17:12:30,CCTV Stream,"Helmet, Safety Vest, Mask",None
2026-07-26 17:12:30,CCTV Stream,"Helmet, Safety Vest, Mask",None
2026-07-26 17:12:31,CCTV Stream,"Helmet, Safety Vest, Mask",None
2026-07-26 17:12:31,CCTV Stream,"Helmet, Safety Vest, Mask",None
2026-07-26 17:12:31,CCTV Stream,"Helmet, Safety Vest, Mask",None
2026-07-26 17:12:31,CCTV Stream,"Helmet, Safety Vest, Mask",None
2026-07-26 17:12:31,CCTV Stream,"Helmet, Safety Vest, Mask",None
2026-07-26 17:12:31,CCTV Stream,"Helmet, Safety Vest, Mask",None
2026-07-26 17:12:31,CCTV Stream,"Helmet, Safety Vest, Mask",None
2026-07-26 17:12:31,CCTV Stream,"Helmet, Safety Vest, Mask",None
2026-07-26 17:12:31,CCTV Stream,"Helmet, Safety Vest, Mask",None
2026-07-26 17:12:31,CCTV Stream,"Helmet, Safety Vest, Mask",None
2026-07-26 17:12:31,CCTV Stream,"Helmet, Safety Vest, Mask",None
2026-07-26 17:12:31,CCTV Stream,"Helmet, Safety Vest, Mask",None
2026-07-26 17:12:31,CCTV Stream,"Helmet, Safety Vest, Mask",None
2026-07-26 17:12:31,CCTV Stream,"Helmet, Safety Vest, Mask",None
2026-07-26 17:12:31,CCTV Stream,"Helmet, Safety Vest, Mask",None
2026-07-26 17:12:31,CCTV Stream,"Helmet, Safety Vest, Mask",None
2026-07-26 17:12:32,CCTV Stream,"Helmet, Safety Vest, Mask",None
2026-07-26 17:12:32,CCTV Stream,"Helmet, Safety Vest, Mask",None
2026-07-26 17:12:32,CCTV Stream,"Helmet, Safety Vest, Mask",None
2026-07-26 17:12:32,CCTV Stream,"Helmet, Safety Vest, Mask",None
2026-07-26 17:12:32,CCTV Stream,"Helmet, Safety Vest, Mask",None
2026-07-26 17:12:32,CCTV Stream,"Helmet, Safety Vest, Mask",None
2026-07-26 17:12:32,CCTV Stream,"Helmet, Safety Vest, Mask",None
2026-07-26 17:12:32,CCTV Stream,"Helmet, Safety Vest, Mask",None
2026-07-26 17:12:32,CCTV Stream,"Helmet, Safety Vest, Mask",None
2026-07-26 17:12:32,CCTV Stream,"Helmet, Safety Vest, Mask",None
2026-07-26 17:12:32,CCTV Stream,"Helmet, Safety Vest, Mask",None
2026-07-26 17:12:32,CCTV Stream,"Helmet, Safety Vest, Mask",None
2026-07-26 17:12:32,CCTV Stream,"Helmet, Safety Vest, Mask",None
2026-07-26 17:12:32,CCTV Stream,"Helmet, Safety Vest, Mask",None
2026-07-26 17:12:32,CCTV Stream,"Helmet, Safety Vest, Mask",None
2026-07-26 17:12:33,CCTV Stream,"Helmet, Safety Vest, Mask",None
2026-07-26 17:12:33,CCTV Stream,"Helmet, Safety Vest, Mask",None
2026-07-26 17:12:33,CCTV Stream,"Helmet, Safety Vest, Mask",None
2026-07-26 17:12:33,CCTV Stream,"Helmet, Safety Vest, Mask",None
2026-07-26 17:12:33,CCTV Stream,"Helmet, Safety Vest, Mask",None
2026-07-26 17:12:33,CCTV Stream,"Helmet, Safety Vest, Mask",None
2026-07-26 17:12:33,CCTV Stream,"Helmet, Safety Vest, Mask",None
2026-07-26 17:12:33,CCTV Stream,"Helmet, Safety Vest, Mask",None
2026-07-26 17:12:33,CCTV Stream,"Helmet, Safety Vest, Mask",None
2026-07-26 17:12:33,CCTV Stream,"Helmet, Safety Vest, Mask",None
2026-07-26 17:12:33,CCTV Stream,"Helmet, Safety Vest, Mask",None
2026-07-26 17:12:33,CCTV Stream,"Helmet, Safety Vest, Mask",None
2026-07-26 17:12:33,CCTV Stream,"Helmet, Safety Vest, Mask",None
2026-07-26 17:12:33,CCTV Stream,"Helmet, Safety Vest, Mask",None
2026-07-26 17:12:33,CCTV Stream,"Helmet, Safety Vest, Mask",None
2026-07-26 17:12:33,CCTV Stream,"Helmet, Safety Vest, Mask",None
2026-07-26 17:12:34,CCTV Stream,"Helmet, Safety Vest, Mask",None
2026-07-26 17:12:34,CCTV Stream,"Helmet, Safety Vest, Mask",None
2026-07-26 17:12:34,CCTV Stream,"Helmet, Safety Vest, Mask",None
2026-07-26 17:12:34,CCTV Stream,"Helmet, Safety Vest, Mask",None
2026-07-26 17:12:34,CCTV Stream,"Helmet, Safety Vest, Mask",None
2026-07-26 17:12:34,CCTV Stream,"Helmet, Safety Vest, Mask",None
2026-07-26 17:12:34,CCTV Stream,"Helmet, Safety Vest, Mask",None
2026-07-26 17:12:34,CCTV Stream,"Helmet, Safety Vest, Mask",None
2026-07-26 17:12:34,CCTV Stream,"Helmet, Safety Vest, Mask",None
2026-07-26 17:12:34,CCTV Stream,"Helmet, Safety Vest, Mask",None
2026-07-26 17:12:34,CCTV Stream,"Helmet, Safety Vest, Mask",None
2026-07-26 17:12:34,CCTV Stream,"Helmet, Safety Vest, Mask",None
2026-07-26 17:12:34,CCTV Stream,"Helmet, Safety Vest, Mask",None
2026-07-26 17:12:34,CCTV Stream,"Helmet, Safety Vest, Mask",None
2026-07-26 17:12:34,CCTV Stream,"Helmet, Safety Vest, Mask",None
2026-07-26 17:12:34,CCTV Stream,"Helmet, Safety Vest, Mask",None
2026-07-26 17:12:34,CCTV Stream,"Helmet, Safety Vest, Mask",None
2026-07-26 17:12:35,CCTV Stream,"Helmet, Safety Vest, Mask",None
2026-07-26 17:12:35,CCTV Stream,"Helmet, Safety Vest, Mask",None
2026-07-26 17:12:35,CCTV Stream,"Helmet, Safety Vest, Mask",None
2026-07-26 17:12:35,CCTV Stream,"Helmet, Safety Vest, Mask",None
2026-07-26 17:12:35,CCTV Stream,"Helmet, Safety Vest, Mask",None
2026-07-26 17:12:35,CCTV Stream,"Helmet, Safety Vest, Mask",None
2026-07-26 17:12:35,CCTV Stream,"Helmet, Safety Vest, Mask",None
2026-07-26 17:12:35,CCTV Stream,"Helmet, Safety Vest, Mask",None
2026-07-26 17:12:35,CCTV Stream,"Helmet, Safety Vest, Mask",None
2026-07-26 17:12:35,CCTV Stream,"Helmet, Safety Vest, Mask",None
2026-07-26 17:12:35,CCTV Stream,"Helmet, Safety Vest, Mask",None
2026-07-26 17:12:35,CCTV Stream,"Helmet, Safety Vest, Mask",None
2026-07-26 17:12:35,CCTV Stream,"Helmet, Safety Vest, Mask",None
2026-07-26 17:12:35,CCTV Stream,"Helmet, Safety Vest, Mask",None
2026-07-26 17:12:35,CCTV Stream,"Helmet, Safety Vest, Mask",None
2026-07-26 17:12:35,CCTV Stream,"Helmet, Safety Vest, Mask",None
2026-07-26 17:12:36,CCTV Stream,"Helmet, Safety Vest, Mask",None
2026-07-26 17:12:36,CCTV Stream,"Helmet, Safety Vest, Mask",None
2026-07-26 17:12:36,CCTV Stream,"Helmet, Safety Vest, Mask",None
2026-07-26 17:12:36,CCTV Stream,"Helmet, Safety Vest, Mask",None
2026-07-26 17:12:36,CCTV Stream,"Helmet, Safety Vest, Mask",None
2026-07-26 17:12:36,CCTV Stream,"Helmet, Safety Vest, Mask",None
2026-07-26 17:12:36,CCTV Stream,"Helmet, Safety Vest, Mask",None
2026-07-26 17:12:36,CCTV Stream,"Helmet, Safety Vest, Mask",None
2026-07-26 17:12:36,CCTV Stream,"Helmet, Safety Vest, Mask",None
2026-07-26 17:12:36,CCTV Stream,"Helmet, Safety Vest, Mask",None
2026-07-26 17:12:36,CCTV Stream,"Helmet, Safety Vest, Mask",None
2026-07-26 17:12:36,CCTV Stream,"Helmet, Safety Vest, Mask",None
2026-07-26 17:12:36,CCTV Stream,"Helmet, Safety Vest, Mask",None
2026-07-26 17:12:36,CCTV Stream,"Helmet, Safety Vest, Mask",None
2026-07-26 17:12:36,CCTV Stream,"Helmet, Safety Vest, Mask",None
2026-07-26 17:12:37,CCTV Stream,"Helmet, Safety Vest, Mask",None
2026-07-26 17:12:37,CCTV Stream,"Helmet, Safety Vest, Mask",None
2026-07-26 17:12:37,CCTV Stream,"Helmet, Safety Vest, Mask",None
2026-07-26 17:12:37,CCTV Stream,"Helmet, Safety Vest, Mask",None
2026-07-26 17:12:37,CCTV Stream,"Helmet, Safety Vest, Mask",None
2026-07-26 17:12:37,CCTV Stream,"Helmet, Safety Vest, Mask",None
2026-07-26 17:12:37,CCTV Stream,"Helmet, Safety Vest, Mask",None
2026-07-26 17:12:37,CCTV Stream,"Helmet, Safety Vest, Mask",None
2026-07-26 17:12:37,CCTV Stream,"Helmet, Safety Vest, Mask",None
2026-07-26 17:12:37,CCTV Stream,"Helmet, Safety Vest, Mask",None
2026-07-26 17:12:37,CCTV Stream,"Helmet, Safety Vest, Mask",None
2026-07-26 17:12:37,CCTV Stream,"Helmet, Safety Vest, Mask",None
2026-07-26 17:12:37,CCTV Stream,"Helmet, Safety Vest, Mask",None
2026-07-26 17:12:37,CCTV Stream,"Helmet, Safety Vest, Mask",None
2026-07-26 17:12:37,CCTV Stream,"Helmet, Safety Vest, Mask",None
2026-07-26 17:12:37,CCTV Stream,"Helmet, Safety Vest, Mask",None
2026-07-26 17:12:38,CCTV Stream,"Helmet, Safety Vest, Mask",None
2026-07-26 17:12:38,CCTV Stream,"Helmet, Safety Vest, Mask",None
2026-07-26 17:12:38,CCTV Stream,"Helmet, Safety Vest, Mask",None
2026-07-26 17:12:38,CCTV Stream,"Helmet, Safety Vest, Mask",None
2026-07-26 17:12:38,CCTV Stream,"Helmet, Safety Vest, Mask",None
2026-07-26 17:12:38,CCTV Stream,"Helmet, Safety Vest, Mask",None
2026-07-26 17:12:38,CCTV Stream,"Helmet, Safety Vest, Mask",None
2026-07-26 17:12:38,CCTV Stream,"Helmet, Safety Vest, Mask",None
2026-07-26 17:12:38,CCTV Stream,"Helmet, Safety Vest, Mask",None
2026-07-26 17:12:38,CCTV Stream,"Helmet, Safety Vest, Mask",None
2026-07-26 17:12:38,CCTV Stream,"Helmet, Safety Vest, Mask",None
2026-07-26 17:12:38,CCTV Stream,"Helmet, Safety Vest, Mask",None
2026-07-26 17:12:38,CCTV Stream,"Helmet, Safety Vest, Mask",None
2026-07-26 17:12:38,CCTV Stream,"Helmet, Safety Vest, Mask",None
2026-07-26 17:12:38,CCTV Stream,"Helmet, Safety Vest, Mask",None
2026-07-26 17:12:38,CCTV Stream,"Helmet, Safety Vest, Mask",None
2026-07-26 17:12:38,CCTV Stream,"Helmet, Safety Vest, Mask",None
2026-07-26 17:12:39,CCTV Stream,"Helmet, Safety Vest, Mask",None
2026-07-26 17:12:39,CCTV Stream,"Helmet, Safety Vest, Mask",None
2026-07-26 17:12:39,CCTV Stream,"Helmet, Safety Vest, Mask",None
2026-07-26 17:12:39,CCTV Stream,"Helmet, Safety Vest, Mask",None
2026-07-26 17:12:39,CCTV Stream,"Helmet, Safety Vest, Mask",None
2026-07-26 17:12:39,CCTV Stream,"Helmet, Safety Vest, Mask",None
2026-07-26 17:12:39,CCTV Stream,"Helmet, Safety Vest, Mask",None
2026-07-26 17:12:39,CCTV Stream,"Helmet, Safety Vest, Mask",None
2026-07-26 17:12:39,CCTV Stream,"Helmet, Safety Vest, Mask",None
2026-07-26 17:12:39,CCTV Stream,"Helmet, Safety Vest, Mask",None
2026-07-26 17:12:39,CCTV Stream,"Helmet, Safety Vest, Mask",None
2026-07-26 17:12:39,CCTV Stream,"Helmet, Safety Vest, Mask",None
2026-07-26 17:12:39,CCTV Stream,"Helmet, Safety Vest, Mask",None
2026-07-26 17:12:39,CCTV Stream,"Helmet, Safety Vest, Mask",None
2026-07-26 17:12:40,CCTV Stream,"Helmet, Safety Vest, Mask",None
2026-07-26 17:12:40,CCTV Stream,"Helmet, Safety Vest, Mask",None
2026-07-26 17:12:40,CCTV Stream,"Helmet, Safety Vest, Mask",None
2026-07-26 17:12:40,CCTV Stream,"Helmet, Safety Vest, Mask",None
2026-07-26 17:12:40,CCTV Stream,"Helmet, Safety Vest, Mask",None
2026-07-26 17:12:40,CCTV Stream,"Helmet, Safety Vest, Mask",None
2026-07-26 17:12:40,CCTV Stream,"Helmet, Safety Vest, Mask",None
2026-07-26 17:12:40,CCTV Stream,"Helmet, Safety Vest, Mask",None
2026-07-26 17:12:40,CCTV Stream,"Helmet, Safety Vest, Mask",None
2026-07-26 17:12:40,CCTV Stream,"Helmet, Safety Vest, Mask",None
2026-07-26 17:12:40,CCTV Stream,"Helmet, Safety Vest, Mask",None
2026-07-26 17:12:40,CCTV Stream,"Helmet, Safety Vest, Mask",None
2026-07-26 17:12:40,CCTV Stream,"Helmet, Safety Vest, Mask",None
2026-07-26 17:12:40,CCTV Stream,"Helmet, Safety Vest, Mask",None
2026-07-26 17:12:40,CCTV Stream,"Helmet, Safety Vest, Mask",None
2026-07-26 17:12:41,CCTV Stream,"Helmet, Safety Vest, Mask",None
2026-07-26 17:12:41,CCTV Stream,"Helmet, Safety Vest, Mask",None
2026-07-26 17:12:41,CCTV Stream,"Helmet, Safety Vest, Mask",None
2026-07-26 17:12:41,CCTV Stream,"Helmet, Safety Vest, Mask",None
2026-07-26 17:12:41,CCTV Stream,"Helmet, Safety Vest, Mask",None
2026-07-26 17:12:41,CCTV Stream,"Helmet, Safety Vest, Mask",None
2026-07-26 17:12:41,CCTV Stream,"Helmet, Safety Vest, Mask",None
2026-07-26 17:12:41,CCTV Stream,"Helmet, Safety Vest, Mask",None
2026-07-26 17:12:41,CCTV Stream,"Helmet, Safety Vest, Mask",None
2026-07-26 17:12:41,CCTV Stream,"Helmet, Safety Vest, Mask",None
2026-07-26 17:12:41,CCTV Stream,"Helmet, Safety Vest, Mask",None
2026-07-26 17:12:41,CCTV Stream,"Helmet, Safety Vest, Mask",None
2026-07-26 17:12:41,CCTV Stream,"Helmet, Safety Vest, Mask",None
2026-07-26 17:12:41,CCTV Stream,"Helmet, Safety Vest, Mask",None
2026-07-26 17:12:41,CCTV Stream,"Helmet, Safety Vest, Mask",None
2026-07-26 17:12:41,CCTV Stream,"Helmet, Safety Vest, Mask",None
2026-07-26 17:12:42,CCTV Stream,"Helmet, Safety Vest, Mask",None
2026-07-26 17:12:42,CCTV Stream,"Helmet, Safety Vest, Mask",None
2026-07-26 17:12:42,CCTV Stream,"Helmet, Safety Vest, Mask",None
2026-07-26 17:12:42,CCTV Stream,"Helmet, Safety Vest, Mask",None
2026-07-26 17:12:42,CCTV Stream,"Helmet, Safety Vest, Mask",None
2026-07-26 17:12:42,CCTV Stream,"Helmet, Safety Vest, Mask",None
2026-07-26 17:12:42,CCTV Stream,"Helmet, Safety Vest, Mask",None
2026-07-26 17:12:42,CCTV Stream,"Helmet, Safety Vest, Mask",None
2026-07-26 17:12:42,CCTV Stream,"Helmet, Safety Vest, Mask",None
2026-07-26 17:12:42,CCTV Stream,"Helmet, Safety Vest, Mask",None
2026-07-26 17:12:42,CCTV Stream,"Helmet, Safety Vest, Mask",None
2026-07-26 17:12:42,CCTV Stream,"Helmet, Safety Vest, Mask",None
2026-07-26 17:12:42,CCTV Stream,"Helmet, Safety Vest, Mask",None
2026-07-26 17:12:42,CCTV Stream,"Helmet, Safety Vest, Mask",None
2026-07-26 17:12:42,CCTV Stream,"Helmet, Safety Vest, Mask",None
2026-07-26 17:12:43,CCTV Stream,"Helmet, Safety Vest, Mask",None
2026-07-26 17:12:43,CCTV Stream,"Helmet, Safety Vest, Mask",None
2026-07-26 17:12:43,CCTV Stream,"Helmet, Safety Vest, Mask",None
2026-07-26 17:12:43,CCTV Stream,"Helmet, Safety Vest, Mask",None
2026-07-26 17:12:43,CCTV Stream,"Helmet, Safety Vest, Mask",None
2026-07-26 17:12:43,CCTV Stream,"Helmet, Safety Vest, Mask",None
2026-07-26 17:12:43,CCTV Stream,"Helmet, Safety Vest, Mask",None
2026-07-26 17:12:43,CCTV Stream,"Helmet, Safety Vest, Mask",None
2026-07-26 17:12:43,CCTV Stream,"Helmet, Safety Vest, Mask",None
2026-07-26 17:12:43,CCTV Stream,"Helmet, Safety Vest, Mask",None
2026-07-26 17:12:43,CCTV Stream,"Helmet, Safety Vest, Mask",None
2026-07-26 17:12:43,CCTV Stream,"Helmet, Safety Vest, Mask",None
2026-07-26 17:12:43,CCTV Stream,"Helmet, Safety Vest, Mask",None
2026-07-26 17:12:43,CCTV Stream,"Helmet, Safety Vest, Mask",None
2026-07-26 17:12:43,CCTV Stream,"Helmet, Safety Vest, Mask",None
2026-07-26 17:12:43,CCTV Stream,"Helmet, Safety Vest, Mask",None
2026-07-26 17:12:44,CCTV Stream,"Helmet, Safety Vest, Mask",None
2026-07-26 17:12:44,CCTV Stream,"Helmet, Safety Vest, Mask",None
2026-07-26 17:12:44,CCTV Stream,"Helmet, Safety Vest, Mask",None
2026-07-26 17:12:44,CCTV Stream,"Helmet, Safety Vest, Mask",None
2026-07-26 17:12:44,CCTV Stream,"Helmet, Safety Vest, Mask",None
2026-07-26 17:12:44,CCTV Stream,"Helmet, Safety Vest, Mask",None
2026-07-26 17:12:44,CCTV Stream,"Helmet, Safety Vest, Mask",None
2026-07-26 17:12:44,CCTV Stream,"Helmet, Safety Vest, Mask",None
2026-07-26 17:12:44,CCTV Stream,"Helmet, Safety Vest, Mask",None
2026-07-26 17:12:44,CCTV Stream,"Helmet, Safety Vest, Mask",None
2026-07-26 17:12:44,CCTV Stream,"Helmet, Safety Vest, Mask",None
2026-07-26 17:12:44,CCTV Stream,"Helmet, Safety Vest, Mask",None
2026-07-26 17:12:44,CCTV Stream,"Helmet, Safety Vest, Mask",None
2026-07-26 17:12:44,CCTV Stream,"Helmet, Safety Vest, Mask",None
2026-07-26 17:12:44,CCTV Stream,"Helmet, Safety Vest, Mask",None
2026-07-26 17:12:45,CCTV Stream,"Helmet, Safety Vest, Mask",None
2026-07-26 17:12:45,CCTV Stream,"Helmet, Safety Vest, Mask",None
2026-07-26 17:12:45,CCTV Stream,"Helmet, Safety Vest, Mask",None
2026-07-26 17:12:45,CCTV Stream,"Helmet, Safety Vest, Mask",None
2026-07-26 17:12:45,CCTV Stream,"Helmet, Safety Vest, Mask",None
2026-07-26 17:12:45,CCTV Stream,"Helmet, Safety Vest, Mask",None
2026-07-26 17:12:45,CCTV Stream,"Helmet, Safety Vest, Mask",None
2026-07-26 17:12:45,CCTV Stream,"Helmet, Safety Vest, Mask",None
2026-07-26 17:12:45,CCTV Stream,"Helmet, Safety Vest, Mask",None
2026-07-26 17:12:45,CCTV Stream,"Helmet, Safety Vest, Mask",None
2026-07-26 17:12:45,CCTV Stream,"Helmet, Safety Vest, Mask",None
2026-07-26 17:12:45,CCTV Stream,"Helmet, Safety Vest, Mask",None
2026-07-26 17:12:45,CCTV Stream,"Helmet, Safety Vest, Mask",None
2026-07-26 17:12:45,CCTV Stream,"Helmet, Safety Vest, Mask",None
2026-07-26 17:12:45,CCTV Stream,"Helmet, Safety Vest, Mask",None
2026-07-26 17:12:45,CCTV Stream,"Helmet, Safety Vest, Mask",None
2026-07-26 17:12:46,CCTV Stream,"Helmet, Safety Vest, Mask",None
2026-07-26 17:12:46,CCTV Stream,"Helmet, Safety Vest, Mask",None
2026-07-26 17:12:46,CCTV Stream,"Helmet, Safety Vest, Mask",None
2026-07-26 17:12:46,CCTV Stream,"Helmet, Safety Vest, Mask",None
2026-07-26 17:12:46,CCTV Stream,"Helmet, Safety Vest, Mask",None
2026-07-26 17:12:46,CCTV Stream,"Helmet, Safety Vest, Mask",None
2026-07-26 17:12:46,CCTV Stream,"Helmet, Safety Vest, Mask",None
2026-07-26 17:12:46,CCTV Stream,"Helmet, Safety Vest, Mask",None
2026-07-26 17:12:46,CCTV Stream,"Helmet, Safety Vest, Mask",None
2026-07-26 17:12:46,CCTV Stream,"Helmet, Safety Vest, Mask",None
2026-07-26 17:12:46,CCTV Stream,"Helmet, Safety Vest, Mask",None
2026-07-26 17:12:46,CCTV Stream,"Helmet, Safety Vest, Mask",None
2026-07-26 17:12:46,CCTV Stream,"Helmet, Safety Vest, Mask",None
2026-07-26 17:12:46,CCTV Stream,"Helmet, Safety Vest, Mask",None
2026-07-26 17:12:46,CCTV Stream,"Helmet, Safety Vest, Mask",None
2026-07-26 17:12:47,CCTV Stream,"Helmet, Safety Vest, Mask",None
2026-07-26 17:12:47,CCTV Stream,"Helmet, Safety Vest, Mask",None
2026-07-26 17:12:47,CCTV Stream,"Helmet, Safety Vest, Mask",None
2026-07-26 17:12:47,CCTV Stream,"Helmet, Safety Vest, Mask",None
2026-07-26 17:12:47,CCTV Stream,"Helmet, Safety Vest, Mask",None
2026-07-26 17:12:47,CCTV Stream,"Helmet, Safety Vest, Mask",None
2026-07-26 17:12:47,CCTV Stream,"Helmet, Safety Vest, Mask",None
2026-07-26 17:12:47,CCTV Stream,"Helmet, Safety Vest, Mask",None
2026-07-26 17:12:47,CCTV Stream,"Helmet, Safety Vest, Mask",None
2026-07-26 17:12:47,CCTV Stream,"Helmet, Safety Vest, Mask",None
2026-07-26 17:12:47,CCTV Stream,"Helmet, Safety Vest, Mask",None
2026-07-26 17:12:47,CCTV Stream,"Helmet, Safety Vest, Mask",None
2026-07-26 17:12:47,CCTV Stream,"Helmet, Safety Vest, Mask",None
2026-07-26 17:12:47,CCTV Stream,"Helmet, Safety Vest, Mask",None
2026-07-26 17:12:47,CCTV Stream,"Helmet, Safety Vest, Mask",None
2026-07-26 17:12:48,CCTV Stream,"Helmet, Safety Vest, Mask",None
2026-07-26 17:12:48,CCTV Stream,"Helmet, Safety Vest, Mask",None
2026-07-26 17:12:48,CCTV Stream,"Helmet, Safety Vest, Mask",None
2026-07-26 17:12:48,CCTV Stream,"Helmet, Safety Vest, Mask",None
2026-07-26 17:12:48,CCTV Stream,"Helmet, Safety Vest, Mask",None
2026-07-26 17:12:48,CCTV Stream,"Helmet, Safety Vest, Mask",None
2026-07-26 17:12:48,CCTV Stream,"Helmet, Safety Vest, Mask",None
2026-07-26 17:12:48,CCTV Stream,"Helmet, Safety Vest, Mask",None
2026-07-26 17:12:48,CCTV Stream,"Helmet, Safety Vest, Mask",None
2026-07-26 17:12:48,CCTV Stream,"Helmet, Safety Vest, Mask",None
2026-07-26 17:12:48,CCTV Stream,"Helmet, Safety Vest, Mask",None
2026-07-26 17:12:48,CCTV Stream,"Helmet, Safety Vest, Mask",None
2026-07-26 17:12:48,CCTV Stream,"Helmet, Safety Vest, Mask",None
2026-07-26 17:12:48,CCTV Stream,"Helmet, Safety Vest, Mask",None
2026-07-26 17:12:48,CCTV Stream,"Helmet, Safety Vest, Mask",None
2026-07-26 17:12:48,CCTV Stream,"Helmet, Safety Vest, Mask",None
2026-07-26 17:12:49,CCTV Stream,"Helmet, Safety Vest, Mask",None
2026-07-26 17:12:49,CCTV Stream,"Helmet, Safety Vest, Mask",None
2026-07-26 17:12:49,CCTV Stream,"Helmet, Safety Vest, Mask",None
2026-07-26 17:12:49,CCTV Stream,"Helmet, Safety Vest, Mask",None
2026-07-26 17:12:49,CCTV Stream,"Helmet, Safety Vest, Mask",None
2026-07-26 17:12:49,CCTV Stream,"Helmet, Safety Vest, Mask",None
2026-07-26 17:12:49,CCTV Stream,"Helmet, Safety Vest, Mask",None
2026-07-26 17:12:49,CCTV Stream,"Helmet, Safety Vest, Mask",None
2026-07-26 17:12:49,CCTV Stream,"Helmet, Safety Vest, Mask",None
2026-07-26 17:12:49,CCTV Stream,"Helmet, Safety Vest, Mask",None
2026-07-26 17:12:49,CCTV Stream,"Helmet, Safety Vest, Mask",None
2026-07-26 17:12:49,CCTV Stream,"Helmet, Safety Vest, Mask",None
2026-07-26 17:12:49,CCTV Stream,"Helmet, Safety Vest, Mask",None
2026-07-26 17:12:49,CCTV Stream,"Helmet, Safety Vest, Mask",None
2026-07-26 17:12:49,CCTV Stream,"Helmet, Safety Vest, Mask",None
2026-07-26 17:12:49,CCTV Stream,"Helmet, Safety Vest, Mask",None
2026-07-26 17:12:50,CCTV Stream,"Helmet, Safety Vest, Mask",None
2026-07-26 17:12:50,CCTV Stream,"Helmet, Safety Vest, Mask",None
2026-07-26 17:12:50,CCTV Stream,"Helmet, Safety Vest, Mask",None
2026-07-26 17:12:50,CCTV Stream,"Helmet, Safety Vest, Mask",None
2026-07-26 17:12:50,CCTV Stream,"Helmet, Safety Vest, Mask",None
2026-07-26 17:12:50,CCTV Stream,"Helmet, Safety Vest, Mask",None
2026-07-26 17:12:50,CCTV Stream,"Helmet, Safety Vest, Mask",None
2026-07-26 17:12:50,CCTV Stream,"Helmet, Safety Vest, Mask",None
2026-07-26 17:12:50,CCTV Stream,"Helmet, Safety Vest, Mask",None
2026-07-26 17:12:50,CCTV Stream,"Helmet, Safety Vest, Mask",None
2026-07-26 17:12:50,CCTV Stream,"Helmet, Safety Vest, Mask",None
2026-07-26 17:12:50,CCTV Stream,"Helmet, Safety Vest, Mask",None
2026-07-26 17:12:50,CCTV Stream,"Helmet, Safety Vest, Mask",None
2026-07-26 17:12:50,CCTV Stream,"Helmet, Safety Vest, Mask",None
2026-07-26 17:12:50,CCTV Stream,"Helmet, Safety Vest, Mask",None
2026-07-26 17:12:50,CCTV Stream,"Helmet, Safety Vest, Mask",None
2026-07-26 17:12:51,CCTV Stream,"Helmet, Safety Vest, Mask",None
2026-07-26 17:12:51,CCTV Stream,"Helmet, Safety Vest, Mask",None
2026-07-26 17:12:51,CCTV Stream,"Helmet, Safety Vest, Mask",None
2026-07-26 17:12:51,CCTV Stream,"Helmet, Safety Vest, Mask",None
2026-07-26 17:12:51,CCTV Stream,"Helmet, Safety Vest, Mask",None
2026-07-26 17:12:51,CCTV Stream,"Helmet, Safety Vest, Mask",None
2026-07-26 17:12:51,CCTV Stream,"Helmet, Safety Vest, Mask",None
2026-07-26 17:12:51,CCTV Stream,"Helmet, Safety Vest, Mask",None
2026-07-26 17:12:51,CCTV Stream,"Helmet, Safety Vest, Mask",None
2026-07-26 17:12:51,CCTV Stream,"Helmet, Safety Vest, Mask",None
2026-07-26 17:12:51,CCTV Stream,"Helmet, Safety Vest, Mask",None
2026-07-26 17:12:51,CCTV Stream,"Helmet, Safety Vest, Mask",None
2026-07-26 17:12:51,CCTV Stream,"Helmet, Safety Vest, Mask",None
2026-07-26 17:12:51,CCTV Stream,"Helmet, Safety Vest, Mask",None
2026-07-26 17:12:51,CCTV Stream,"Helmet, Safety Vest, Mask",None
2026-07-26 17:12:51,CCTV Stream,"Helmet, Safety Vest, Mask",None
2026-07-26 17:12:51,CCTV Stream,"Helmet, Safety Vest, Mask",None
2026-07-26 17:12:52,CCTV Stream,"Helmet, Safety Vest, Mask",None
2026-07-26 17:12:52,CCTV Stream,"Helmet, Safety Vest, Mask",None
2026-07-26 17:12:52,CCTV Stream,"Helmet, Safety Vest, Mask",None
2026-07-26 17:12:52,CCTV Stream,"Helmet, Safety Vest, Mask",None
2026-07-26 17:12:52,CCTV Stream,"Helmet, Safety Vest, Mask",None
2026-07-26 17:12:52,CCTV Stream,"Helmet, Safety Vest, Mask",None
2026-07-26 17:12:52,CCTV Stream,"Helmet, Safety Vest, Mask",None
2026-07-26 17:12:52,CCTV Stream,"Helmet, Safety Vest, Mask",None
2026-07-26 17:12:52,CCTV Stream,"Helmet, Safety Vest, Mask",None
2026-07-26 17:12:52,CCTV Stream,"Helmet, Safety Vest, Mask",None
2026-07-26 17:12:52,CCTV Stream,"Helmet, Safety Vest, Mask",None
2026-07-26 17:12:52,CCTV Stream,"Helmet, Safety Vest, Mask",None
2026-07-26 17:12:52,CCTV Stream,"Helmet, Safety Vest, Mask",None
2026-07-26 17:12:52,CCTV Stream,"Helmet, Safety Vest, Mask",None
2026-07-26 17:12:52,CCTV Stream,"Helmet, Safety Vest, Mask",None
2026-07-26 17:12:52,CCTV Stream,"Helmet, Safety Vest, Mask",None
2026-07-26 17:12:53,CCTV Stream,"Helmet, Safety Vest, Mask",None
2026-07-26 17:12:53,CCTV Stream,"Helmet, Safety Vest, Mask",None
2026-07-26 17:12:53,CCTV Stream,"Helmet, Safety Vest, Mask",None
2026-07-26 17:12:53,CCTV Stream,"Helmet, Safety Vest, Mask",None
2026-07-26 17:12:53,CCTV Stream,"Helmet, Safety Vest, Mask",None
2026-07-26 17:12:53,CCTV Stream,"Helmet, Safety Vest, Mask",None
2026-07-26 17:12:53,CCTV Stream,"Helmet, Safety Vest, Mask",None
2026-07-26 17:12:53,CCTV Stream,"Helmet, Safety Vest, Mask",None
2026-07-26 17:12:53,CCTV Stream,"Helmet, Safety Vest, Mask",None
2026-07-26 17:12:53,CCTV Stream,"Helmet, Safety Vest, Mask",None
2026-07-26 17:12:53,CCTV Stream,"Helmet, Safety Vest, Mask",None
2026-07-26 17:12:53,CCTV Stream,"Helmet, Safety Vest, Mask",None
2026-07-26 17:12:53,CCTV Stream,"Helmet, Safety Vest, Mask",None
2026-07-26 17:12:53,CCTV Stream,"Helmet, Safety Vest, Mask",None
2026-07-26 17:12:53,CCTV Stream,"Helmet, Safety Vest, Mask",None
2026-07-26 17:12:53,CCTV Stream,"Helmet, Safety Vest, Mask",None
2026-07-26 17:12:53,CCTV Stream,"Helmet, Safety Vest, Mask",None
2026-07-26 17:12:54,CCTV Stream,"Helmet, Safety Vest, Mask",None
2026-07-26 17:12:54,CCTV Stream,"Helmet, Safety Vest, Mask",None
2026-07-26 17:12:54,CCTV Stream,"Helmet, Safety Vest, Mask",None
2026-07-26 17:12:54,CCTV Stream,"Helmet, Safety Vest, Mask",None
2026-07-26 17:12:54,CCTV Stream,"Helmet, Safety Vest, Mask",None
2026-07-26 17:12:54,CCTV Stream,"Helmet, Safety Vest, Mask",None
2026-07-26 17:12:54,CCTV Stream,"Helmet, Safety Vest, Mask",None
2026-07-26 17:12:54,CCTV Stream,"Helmet, Safety Vest, Mask",None
2026-07-26 17:12:54,CCTV Stream,"Helmet, Safety Vest, Mask",None
2026-07-26 17:12:54,CCTV Stream,"Helmet, Safety Vest, Mask",None
2026-07-26 17:12:54,CCTV Stream,"Helmet, Safety Vest, Mask",None
2026-07-26 17:12:54,CCTV Stream,"Helmet, Safety Vest, Mask",None
2026-07-26 17:12:54,CCTV Stream,"Helmet, Safety Vest, Mask",None
2026-07-26 17:12:54,CCTV Stream,"Helmet, Safety Vest, Mask",None
2026-07-26 17:12:54,CCTV Stream,"Helmet, Safety Vest, Mask",None
2026-07-26 17:12:55,CCTV Stream,"Helmet, Safety Vest, Mask",None
2026-07-26 17:12:55,CCTV Stream,"Helmet, Safety Vest, Mask",None
2026-07-26 17:12:55,CCTV Stream,"Helmet, Safety Vest, Mask",None
2026-07-26 17:12:55,CCTV Stream,"Helmet, Safety Vest, Mask",None
2026-07-26 17:12:55,CCTV Stream,"Helmet, Safety Vest, Mask",None
2026-07-26 17:12:55,CCTV Stream,"Helmet, Safety Vest, Mask",None
2026-07-26 17:12:55,CCTV Stream,"Helmet, Safety Vest, Mask",None
2026-07-26 17:12:55,CCTV Stream,"Helmet, Safety Vest, Mask",None
2026-07-26 17:12:55,CCTV Stream,"Helmet, Safety Vest, Mask",None
2026-07-26 17:12:55,CCTV Stream,"Helmet, Safety Vest, Mask",None
2026-07-26 17:12:55,CCTV Stream,"Helmet, Safety Vest, Mask",None
2026-07-26 17:12:55,CCTV Stream,"Helmet, Safety Vest, Mask",None
2026-07-26 17:12:55,CCTV Stream,"Helmet, Safety Vest, Mask",None
2026-07-26 17:12:55,CCTV Stream,"Helmet, Safety Vest, Mask",None
2026-07-26 17:12:55,CCTV Stream,"Helmet, Safety Vest, Mask",None
2026-07-26 17:12:55,CCTV Stream,"Helmet, Safety Vest, Mask",None
2026-07-26 17:12:55,CCTV Stream,"Helmet, Safety Vest, Mask",None
2026-07-26 17:12:56,CCTV Stream,"Helmet, Safety Vest, Mask",None
2026-07-26 17:12:56,CCTV Stream,"Helmet, Safety Vest, Mask",None
2026-07-26 17:12:56,CCTV Stream,"Helmet, Safety Vest, Mask",None
2026-07-26 17:12:56,CCTV Stream,"Helmet, Safety Vest, Mask",None
2026-07-26 17:12:56,CCTV Stream,"Helmet, Safety Vest, Mask",None
2026-07-26 17:12:56,CCTV Stream,"Helmet, Safety Vest, Mask",None
2026-07-26 17:12:56,CCTV Stream,"Helmet, Safety Vest, Mask",None
2026-07-26 17:12:56,CCTV Stream,"Helmet, Safety Vest, Mask",None
2026-07-26 17:12:56,CCTV Stream,"Helmet, Safety Vest, Mask",None
2026-07-26 17:12:56,CCTV Stream,"Helmet, Safety Vest, Mask",None
2026-07-26 17:12:56,CCTV Stream,"Helmet, Safety Vest, Mask",None
2026-07-26 17:12:56,CCTV Stream,"Helmet, Safety Vest, Mask",None
2026-07-26 17:12:56,CCTV Stream,"Helmet, Safety Vest, Mask",None
2026-07-26 17:12:56,CCTV Stream,"Helmet, Safety Vest, Mask",None
2026-07-26 17:12:56,CCTV Stream,"Helmet, Safety Vest, Mask",None
2026-07-26 17:12:56,CCTV Stream,"Helmet, Safety Vest, Mask",None
2026-07-26 17:12:57,CCTV Stream,"Helmet, Safety Vest, Mask",None
2026-07-26 17:12:57,CCTV Stream,"Helmet, Safety Vest, Mask",None
2026-07-26 17:12:57,CCTV Stream,"Helmet, Safety Vest, Mask",None
2026-07-26 17:12:57,CCTV Stream,"Helmet, Safety Vest, Mask",None
2026-07-26 17:12:57,CCTV Stream,"Helmet, Safety Vest, Mask",None
2026-07-26 17:12:57,CCTV Stream,"Helmet, Safety Vest, Mask",None
2026-07-26 17:12:57,CCTV Stream,"Helmet, Safety Vest, Mask",None
2026-07-26 17:12:57,CCTV Stream,"Helmet, Safety Vest, Mask",None
2026-07-26 17:12:57,CCTV Stream,"Helmet, Safety Vest, Mask",None
2026-07-26 17:12:57,CCTV Stream,"Helmet, Safety Vest, Mask",None
2026-07-26 17:12:57,CCTV Stream,"Helmet, Safety Vest, Mask",None
2026-07-26 17:12:57,CCTV Stream,"Helmet, Safety Vest, Mask",None
2026-07-26 17:12:57,CCTV Stream,"Helmet, Safety Vest, Mask",None
2026-07-26 17:12:57,CCTV Stream,"Helmet, Safety Vest, Mask",None
2026-07-26 17:12:57,CCTV Stream,"Helmet, Safety Vest, Mask",None
2026-07-26 17:12:57,CCTV Stream,"Helmet, Safety Vest, Mask",None
2026-07-26 17:12:58,CCTV Stream,"Helmet, Safety Vest, Mask",None
2026-07-26 17:12:58,CCTV Stream,"Helmet, Safety Vest, Mask",None
2026-07-26 17:12:58,CCTV Stream,"Helmet, Safety Vest, Mask",None
2026-07-26 17:12:58,CCTV Stream,"Helmet, Safety Vest, Mask",None
2026-07-26 17:12:58,CCTV Stream,"Helmet, Safety Vest, Mask",None
2026-07-26 17:12:58,CCTV Stream,"Helmet, Safety Vest, Mask",None
2026-07-26 17:12:58,CCTV Stream,"Helmet, Safety Vest, Mask",None
2026-07-26 17:12:58,CCTV Stream,"Helmet, Safety Vest, Mask",None
2026-07-26 17:12:58,CCTV Stream,"Helmet, Safety Vest, Mask",None
2026-07-26 17:12:58,CCTV Stream,"Helmet, Safety Vest, Mask",None
2026-07-26 17:12:58,CCTV Stream,"Helmet, Safety Vest, Mask",None
2026-07-26 17:12:58,CCTV Stream,"Helmet, Safety Vest, Mask",None
2026-07-26 17:12:58,CCTV Stream,"Helmet, Safety Vest, Mask",None
2026-07-26 17:12:58,CCTV Stream,"Helmet, Safety Vest, Mask",None
2026-07-26 17:12:58,CCTV Stream,"Helmet, Safety Vest, Mask",None
2026-07-26 17:12:58,CCTV Stream,"Helmet, Safety Vest, Mask",None
2026-07-26 17:12:59,CCTV Stream,"Helmet, Safety Vest, Mask",None
2026-07-26 17:12:59,CCTV Stream,"Helmet, Safety Vest, Mask",None
2026-07-26 17:12:59,CCTV Stream,"Helmet, Safety Vest, Mask",None
2026-07-26 17:12:59,CCTV Stream,"Helmet, Safety Vest, Mask",None
2026-07-26 17:12:59,CCTV Stream,"Helmet, Safety Vest, Mask",None
2026-07-26 17:12:59,CCTV Stream,"Helmet, Safety Vest, Mask",None
2026-07-26 17:12:59,CCTV Stream,"Helmet, Safety Vest, Mask",None
2026-07-26 17:12:59,CCTV Stream,"Helmet, Safety Vest, Mask",None
2026-07-26 17:12:59,CCTV Stream,"Helmet, Safety Vest, Mask",None
2026-07-26 17:12:59,CCTV Stream,"Helmet, Safety Vest, Mask",None
2026-07-26 17:12:59,CCTV Stream,"Helmet, Safety Vest, Mask",None
2026-07-26 17:12:59,CCTV Stream,"Helmet, Safety Vest, Mask",None
2026-07-26 17:12:59,CCTV Stream,"Helmet, Safety Vest, Mask",None
2026-07-26 17:12:59,CCTV Stream,"Helmet, Safety Vest, Mask",None
2026-07-26 17:12:59,CCTV Stream,"Helmet, Safety Vest, Mask",None
2026-07-26 17:12:59,CCTV Stream,"Helmet, Safety Vest, Mask",None
2026-07-26 17:13:00,CCTV Stream,"Helmet, Safety Vest, Mask",None
2026-07-26 17:13:00,CCTV Stream,"Helmet, Safety Vest, Mask",None
2026-07-26 17:13:00,CCTV Stream,"Helmet, Safety Vest, Mask",None
2026-07-26 17:13:00,CCTV Stream,"Helmet, Safety Vest, Mask",None
2026-07-26 17:13:00,CCTV Stream,"Helmet, Safety Vest, Mask",None
2026-07-26 17:13:00,CCTV Stream,"Helmet, Safety Vest, Mask",None
2026-07-26 17:13:00,CCTV Stream,"Helmet, Safety Vest, Mask",None
2026-07-26 17:13:00,CCTV Stream,"Helmet, Safety Vest, Mask",None
2026-07-26 17:13:00,CCTV Stream,"Helmet, Safety Vest, Mask",None
2026-07-26 17:13:00,CCTV Stream,"Helmet, Safety Vest, Mask",None
2026-07-26 17:13:00,CCTV Stream,"Helmet, Safety Vest, Mask",None
2026-07-26 17:13:00,CCTV Stream,"Helmet, Safety Vest, Mask",None
2026-07-26 17:13:00,CCTV Stream,"Helmet, Safety Vest, Mask",None
2026-07-26 17:13:00,CCTV Stream,"Helmet, Safety Vest, Mask",None
2026-07-26 17:13:00,CCTV Stream,"Helmet, Safety Vest, Mask",None
2026-07-26 17:13:00,CCTV Stream,"Helmet, Safety Vest, Mask",None
2026-07-26 17:13:01,CCTV Stream,"Helmet, Safety Vest, Mask",None
2026-07-26 17:13:01,CCTV Stream,"Helmet, Safety Vest, Mask",None
2026-07-26 17:13:01,CCTV Stream,"Helmet, Safety Vest, Mask",None
2026-07-26 17:13:01,CCTV Stream,"Helmet, Safety Vest, Mask",None
2026-07-26 17:13:01,CCTV Stream,"Helmet, Safety Vest, Mask",None
2026-07-26 17:13:01,CCTV Stream,"Helmet, Safety Vest, Mask",None
2026-07-26 17:13:01,CCTV Stream,"Helmet, Safety Vest, Mask",None
2026-07-26 17:13:01,CCTV Stream,"Helmet, Safety Vest, Mask",None
2026-07-26 17:13:01,CCTV Stream,"Helmet, Safety Vest, Mask",None
2026-07-26 17:13:01,CCTV Stream,"Helmet, Safety Vest, Mask",None
2026-07-26 17:13:01,CCTV Stream,"Helmet, Safety Vest, Mask",None
2026-07-26 17:13:01,CCTV Stream,"Helmet, Safety Vest, Mask",None
2026-07-26 17:13:01,CCTV Stream,"Helmet, Safety Vest, Mask",None
2026-07-26 17:13:01,CCTV Stream,"Helmet, Safety Vest, Mask",None
2026-07-26 17:13:01,CCTV Stream,"Helmet, Safety Vest, Mask",None
2026-07-26 17:13:01,CCTV Stream,"Helmet, Safety Vest, Mask",None
2026-07-26 17:13:02,CCTV Stream,"Helmet, Safety Vest, Mask",None
2026-07-26 17:13:02,CCTV Stream,"Helmet, Safety Vest, Mask",None
2026-07-26 17:13:02,CCTV Stream,"Helmet, Safety Vest, Mask",None
2026-07-26 17:13:02,CCTV Stream,"Helmet, Safety Vest, Mask",None
2026-07-26 17:13:02,CCTV Stream,"Helmet, Safety Vest, Mask",None
2026-07-26 17:13:02,CCTV Stream,"Helmet, Safety Vest, Mask",None
2026-07-26 17:13:02,CCTV Stream,"Helmet, Safety Vest, Mask",None
2026-07-26 17:13:02,CCTV Stream,"Helmet, Safety Vest, Mask",None
2026-07-26 17:13:02,CCTV Stream,"Helmet, Safety Vest, Mask",None
2026-07-26 17:13:02,CCTV Stream,"Helmet, Safety Vest, Mask",None
2026-07-26 17:13:02,CCTV Stream,"Helmet, Safety Vest, Mask",None
2026-07-26 17:13:02,CCTV Stream,"Helmet, Safety Vest, Mask",None
2026-07-26 17:13:02,CCTV Stream,"Helmet, Safety Vest, Mask",None
2026-07-26 17:13:02,CCTV Stream,"Helmet, Safety Vest, Mask",None
2026-07-26 17:13:02,CCTV Stream,"Helmet, Safety Vest, Mask",None
2026-07-26 17:13:02,CCTV Stream,"Helmet, Safety Vest, Mask",None
2026-07-26 17:13:03,CCTV Stream,"Helmet, Safety Vest, Mask",None
2026-07-26 17:13:03,CCTV Stream,"Helmet, Safety Vest, Mask",None
2026-07-26 17:13:03,CCTV Stream,"Helmet, Safety Vest, Mask",None
2026-07-26 17:13:03,CCTV Stream,"Helmet, Safety Vest, Mask",None
2026-07-26 17:13:03,CCTV Stream,"Helmet, Safety Vest, Mask",None
2026-07-26 17:13:03,CCTV Stream,"Helmet, Safety Vest, Mask",None
2026-07-26 17:13:03,CCTV Stream,"Helmet, Safety Vest, Mask",None
2026-07-26 17:13:03,CCTV Stream,"Helmet, Safety Vest, Mask",None
2026-07-26 17:13:03,CCTV Stream,"Helmet, Safety Vest, Mask",None
2026-07-26 17:13:03,CCTV Stream,"Helmet, Safety Vest, Mask",None
2026-07-26 17:13:03,CCTV Stream,"Helmet, Safety Vest, Mask",None
2026-07-26 17:13:03,CCTV Stream,"Helmet, Safety Vest, Mask",None
2026-07-26 17:13:03,CCTV Stream,"Helmet, Safety Vest, Mask",None
2026-07-26 17:13:03,CCTV Stream,"Helmet, Safety Vest, Mask",None
2026-07-26 17:13:03,CCTV Stream,"Helmet, Safety Vest, Mask",None
2026-07-26 17:13:03,CCTV Stream,"Helmet, Safety Vest, Mask",None
2026-07-26 17:13:03,CCTV Stream,"Helmet, Safety Vest, Mask",None
2026-07-26 17:13:04,CCTV Stream,"Helmet, Safety Vest, Mask",None
2026-07-26 17:13:04,CCTV Stream,"Helmet, Safety Vest, Mask",None
2026-07-26 17:13:04,CCTV Stream,"Helmet, Safety Vest, Mask",None
2026-07-26 17:13:04,CCTV Stream,"Helmet, Safety Vest, Mask",None
2026-07-26 17:13:04,CCTV Stream,"Helmet, Safety Vest, Mask",None
2026-07-26 17:13:04,CCTV Stream,"Helmet, Safety Vest, Mask",None
2026-07-26 17:13:04,CCTV Stream,"Helmet, Safety Vest, Mask",None
2026-07-26 17:13:04,CCTV Stream,"Helmet, Safety Vest, Mask",None
2026-07-26 17:13:04,CCTV Stream,"Helmet, Safety Vest, Mask",None
2026-07-26 17:13:04,CCTV Stream,"Helmet, Safety Vest, Mask",None
2026-07-26 17:13:04,CCTV Stream,"Helmet, Safety Vest, Mask",None
2026-07-26 17:13:04,CCTV Stream,"Helmet, Safety Vest, Mask",None
2026-07-26 17:13:04,CCTV Stream,"Helmet, Safety Vest, Mask",None
2026-07-26 17:13:04,CCTV Stream,"Helmet, Safety Vest, Mask",None
2026-07-26 17:13:04,CCTV Stream,"Helmet, Safety Vest, Mask",None
2026-07-26 17:13:04,CCTV Stream,"Helmet, Safety Vest, Mask",None
2026-07-26 17:13:05,CCTV Stream,"Helmet, Safety Vest, Mask",None
2026-07-26 17:13:05,CCTV Stream,"Helmet, Safety Vest, Mask",None
2026-07-26 17:13:05,CCTV Stream,"Helmet, Safety Vest, Mask",None
2026-07-26 17:13:05,CCTV Stream,"Helmet, Safety Vest, Mask",None
2026-07-26 17:13:05,CCTV Stream,"Helmet, Safety Vest, Mask",None
2026-07-26 17:13:05,CCTV Stream,"Helmet, Safety Vest, Mask",None
2026-07-26 17:13:05,CCTV Stream,"Helmet, Safety Vest, Mask",None
2026-07-26 17:13:05,CCTV Stream,"Helmet, Safety Vest, Mask",None
2026-07-26 17:13:05,CCTV Stream,"Helmet, Safety Vest, Mask",None
2026-07-26 17:13:05,CCTV Stream,"Helmet, Safety Vest, Mask",None
2026-07-26 17:13:05,CCTV Stream,"Helmet, Safety Vest, Mask",None
2026-07-26 17:13:05,CCTV Stream,"Helmet, Safety Vest, Mask",None
2026-07-26 17:13:05,CCTV Stream,"Helmet, Safety Vest, Mask",None
2026-07-26 17:13:05,CCTV Stream,"Helmet, Safety Vest, Mask",None
2026-07-26 17:13:05,CCTV Stream,"Helmet, Safety Vest, Mask",None
2026-07-26 17:13:05,CCTV Stream,"Helmet, Safety Vest, Mask",None
2026-07-26 17:13:05,CCTV Stream,"Helmet, Safety Vest, Mask",None
2026-07-26 17:13:06,CCTV Stream,"Helmet, Safety Vest, Mask",None
2026-07-26 17:13:06,CCTV Stream,"Helmet, Safety Vest, Mask",None
2026-07-26 17:13:06,CCTV Stream,"Helmet, Safety Vest, Mask",None
2026-07-26 17:13:06,CCTV Stream,"Helmet, Safety Vest, Mask",None
2026-07-26 17:13:06,CCTV Stream,"Helmet, Safety Vest, Mask",None
2026-07-26 17:13:06,CCTV Stream,"Helmet, Safety Vest, Mask",None
2026-07-26 17:13:06,CCTV Stream,"Helmet, Safety Vest, Mask",None
2026-07-26 17:13:06,CCTV Stream,"Helmet, Safety Vest, Mask",None
2026-07-26 17:13:06,CCTV Stream,"Helmet, Safety Vest, Mask",None
2026-07-26 17:13:06,CCTV Stream,"Helmet, Safety Vest, Mask",None
2026-07-26 17:13:06,CCTV Stream,"Helmet, Safety Vest, Mask",None
2026-07-26 17:13:06,CCTV Stream,"Helmet, Safety Vest, Mask",None
2026-07-26 17:13:06,CCTV Stream,"Helmet, Safety Vest, Mask",None
2026-07-26 17:13:06,CCTV Stream,"Helmet, Safety Vest, Mask",None
2026-07-26 17:13:06,CCTV Stream,"Helmet, Safety Vest, Mask",None
2026-07-26 17:13:06,CCTV Stream,"Helmet, Safety Vest, Mask",None
2026-07-26 17:13:07,CCTV Stream,"Helmet, Safety Vest, Mask",None
2026-07-26 17:13:07,CCTV Stream,"Helmet, Safety Vest, Mask",None
2026-07-26 17:13:07,CCTV Stream,"Helmet, Safety Vest, Mask",None
2026-07-26 17:13:07,CCTV Stream,"Helmet, Safety Vest, Mask",None
2026-07-26 17:13:07,CCTV Stream,"Helmet, Safety Vest, Mask",None
2026-07-26 17:13:07,CCTV Stream,"Helmet, Safety Vest, Mask",None
2026-07-26 17:13:07,CCTV Stream,"Helmet, Safety Vest, Mask",None
2026-07-26 17:13:07,CCTV Stream,"Helmet, Safety Vest, Mask",None
2026-07-26 17:13:07,CCTV Stream,"Helmet, Safety Vest, Mask",None
2026-07-26 17:13:07,CCTV Stream,"Helmet, Safety Vest, Mask",None
2026-07-26 17:13:07,CCTV Stream,"Helmet, Safety Vest, Mask",None
2026-07-26 17:13:07,CCTV Stream,"Helmet, Safety Vest, Mask",None
2026-07-26 17:13:07,CCTV Stream,"Helmet, Safety Vest, Mask",None
2026-07-26 17:13:07,CCTV Stream,"Helmet, Safety Vest, Mask",None
2026-07-26 17:13:07,CCTV Stream,"Helmet, Safety Vest, Mask",None
2026-07-26 17:13:07,CCTV Stream,"Helmet, Safety Vest, Mask",None
2026-07-26 17:13:08,CCTV Stream,"Helmet, Safety Vest, Mask",None
2026-07-26 17:13:08,CCTV Stream,"Helmet, Safety Vest, Mask",None
2026-07-26 17:13:08,CCTV Stream,"Helmet, Safety Vest, Mask",None
2026-07-26 17:13:08,CCTV Stream,"Helmet, Safety Vest, Mask",None
2026-07-26 17:13:08,CCTV Stream,"Helmet, Safety Vest, Mask",None
2026-07-26 17:13:08,CCTV Stream,"Helmet, Safety Vest, Mask",None
2026-07-26 17:13:08,CCTV Stream,"Helmet, Safety Vest, Mask",None
2026-07-26 17:13:08,CCTV Stream,"Helmet, Safety Vest, Mask",None
2026-07-26 17:13:08,CCTV Stream,"Helmet, Safety Vest, Mask",None
2026-07-26 17:13:08,CCTV Stream,"Helmet, Safety Vest, Mask",None
2026-07-26 17:13:08,CCTV Stream,"Helmet, Safety Vest, Mask",None
2026-07-26 17:13:08,CCTV Stream,"Helmet, Safety Vest, Mask",None
2026-07-26 17:13:08,CCTV Stream,"Helmet, Safety Vest, Mask",None
2026-07-26 17:13:08,CCTV Stream,"Helmet, Safety Vest, Mask",None
2026-07-26 17:13:08,CCTV Stream,"Helmet, Safety Vest, Mask",None
2026-07-26 17:13:09,CCTV Stream,"Helmet, Safety Vest, Mask",None
2026-07-26 17:13:09,CCTV Stream,"Helmet, Safety Vest, Mask",None
2026-07-26 17:13:09,CCTV Stream,"Helmet, Safety Vest, Mask",None
2026-07-26 17:13:09,CCTV Stream,"Helmet, Safety Vest, Mask",None
2026-07-26 17:13:09,CCTV Stream,"Helmet, Safety Vest, Mask",None
2026-07-26 17:13:09,CCTV Stream,"Helmet, Safety Vest, Mask",None
2026-07-26 17:13:09,CCTV Stream,"Helmet, Safety Vest, Mask",None
2026-07-26 17:13:09,CCTV Stream,"Helmet, Safety Vest, Mask",None
2026-07-26 17:13:09,CCTV Stream,"Helmet, Safety Vest, Mask",None
2026-07-26 17:13:09,CCTV Stream,"Helmet, Safety Vest, Mask",None
2026-07-26 17:13:09,CCTV Stream,"Helmet, Safety Vest, Mask",None
2026-07-26 17:13:09,CCTV Stream,"Helmet, Safety Vest, Mask",None
2026-07-26 17:13:09,CCTV Stream,"Helmet, Safety Vest, Mask",None
2026-07-26 17:13:09,CCTV Stream,"Helmet, Safety Vest, Mask",None
2026-07-26 17:13:09,CCTV Stream,"Helmet, Safety Vest, Mask",None
2026-07-26 17:13:09,CCTV Stream,"Helmet, Safety Vest, Mask",None
2026-07-26 17:13:10,CCTV Stream,"Helmet, Safety Vest, Mask",None
2026-07-26 17:13:10,CCTV Stream,"Helmet, Safety Vest, Mask",None
2026-07-26 17:13:10,CCTV Stream,"Helmet, Safety Vest, Mask",None
2026-07-26 17:13:10,CCTV Stream,"Helmet, Safety Vest, Mask",None
2026-07-26 17:13:10,CCTV Stream,"Helmet, Safety Vest, Mask",None
2026-07-26 17:13:10,CCTV Stream,"Helmet, Safety Vest, Mask",None
2026-07-26 17:13:10,CCTV Stream,"Helmet, Safety Vest, Mask",None
2026-07-26 17:13:10,CCTV Stream,"Helmet, Safety Vest, Mask",None
2026-07-26 17:13:10,CCTV Stream,"Helmet, Safety Vest, Mask",None
2026-07-26 17:13:10,CCTV Stream,"Helmet, Safety Vest, Mask",None
2026-07-26 17:13:10,CCTV Stream,"Helmet, Safety Vest, Mask",None
2026-07-26 17:13:10,CCTV Stream,"Helmet, Safety Vest, Mask",None
2026-07-26 17:13:10,CCTV Stream,"Helmet, Safety Vest, Mask",None
2026-07-26 17:13:10,CCTV Stream,"Helmet, Safety Vest, Mask",None
2026-07-26 17:13:10,CCTV Stream,"Helmet, Safety Vest, Mask",None
2026-07-26 17:13:10,CCTV Stream,"Helmet, Safety Vest, Mask",None
2026-07-26 17:13:10,CCTV Stream,"Helmet, Safety Vest, Mask",None
2026-07-26 17:13:11,CCTV Stream,"Helmet, Safety Vest, Mask",None
2026-07-26 17:13:11,CCTV Stream,"Helmet, Safety Vest, Mask",None
2026-07-26 17:13:11,CCTV Stream,"Helmet, Safety Vest, Mask",None
2026-07-26 17:13:11,CCTV Stream,"Helmet, Safety Vest, Mask",None
2026-07-26 17:13:11,CCTV Stream,"Helmet, Safety Vest, Mask",None
2026-07-26 17:13:11,CCTV Stream,"Helmet, Safety Vest, Mask",None
2026-07-26 17:13:11,CCTV Stream,"Helmet, Safety Vest, Mask",None
2026-07-26 17:13:11,CCTV Stream,"Helmet, Safety Vest, Mask",None
2026-07-26 17:13:11,CCTV Stream,"Helmet, Safety Vest, Mask",None
2026-07-26 17:13:11,CCTV Stream,"Helmet, Safety Vest, Mask",None
2026-07-26 17:13:11,CCTV Stream,"Helmet, Safety Vest, Mask",None
2026-07-26 17:13:11,CCTV Stream,"Helmet, Safety Vest, Mask",None
2026-07-26 17:13:11,CCTV Stream,"Helmet, Safety Vest, Mask",None
2026-07-26 17:13:11,CCTV Stream,"Helmet, Safety Vest, Mask",None
2026-07-26 17:13:11,CCTV Stream,"Helmet, Safety Vest, Mask",None
2026-07-26 17:13:11,CCTV Stream,"Helmet, Safety Vest, Mask",None
2026-07-26 17:13:12,CCTV Stream,"Helmet, Safety Vest, Mask",None
2026-07-26 17:13:12,CCTV Stream,"Helmet, Safety Vest, Mask",None
2026-07-26 17:13:12,CCTV Stream,"Helmet, Safety Vest, Mask",None
2026-07-26 17:13:12,CCTV Stream,"Helmet, Safety Vest, Mask",None
2026-07-26 17:13:12,CCTV Stream,"Helmet, Safety Vest, Mask",None
2026-07-26 17:13:12,CCTV Stream,"Helmet, Safety Vest, Mask",None
2026-07-26 17:13:12,CCTV Stream,"Helmet, Safety Vest, Mask",None
2026-07-26 17:13:12,CCTV Stream,"Helmet, Safety Vest, Mask",None
2026-07-26 17:13:12,CCTV Stream,"Helmet, Safety Vest, Mask",None
2026-07-26 17:13:12,CCTV Stream,"Helmet, Safety Vest, Mask",None
2026-07-26 17:13:12,CCTV Stream,"Helmet, Safety Vest, Mask",None
2026-07-26 17:13:12,CCTV Stream,"Helmet, Safety Vest, Mask",None
2026-07-26 17:13:12,CCTV Stream,"Helmet, Safety Vest, Mask",None
2026-07-26 17:13:12,CCTV Stream,"Helmet, Safety Vest, Mask",None
2026-07-26 17:13:12,CCTV Stream,"Helmet, Safety Vest, Mask",None
2026-07-26 17:13:13,CCTV Stream,"Helmet, Safety Vest, Mask",None
2026-07-26 17:13:13,CCTV Stream,"Helmet, Safety Vest, Mask",None
2026-07-26 17:13:13,CCTV Stream,"Helmet, Safety Vest, Mask",None
2026-07-26 17:13:13,CCTV Stream,"Helmet, Safety Vest, Mask",None
2026-07-26 17:13:13,CCTV Stream,"Helmet, Safety Vest, Mask",None
2026-07-26 17:13:13,CCTV Stream,"Helmet, Safety Vest, Mask",None
2026-07-26 17:13:13,CCTV Stream,"Helmet, Safety Vest, Mask",None
2026-07-26 17:13:13,CCTV Stream,"Helmet, Safety Vest, Mask",None
2026-07-26 17:13:13,CCTV Stream,"Helmet, Safety Vest, Mask",None
2026-07-26 17:13:13,CCTV Stream,"Helmet, Safety Vest, Mask",None
2026-07-26 17:13:13,CCTV Stream,"Helmet, Safety Vest, Mask",None
2026-07-26 17:13:13,CCTV Stream,"Helmet, Safety Vest, Mask",None
2026-07-26 17:13:13,CCTV Stream,"Helmet, Safety Vest, Mask",None
2026-07-26 17:13:13,CCTV Stream,"Helmet, Safety Vest, Mask",None
2026-07-26 17:13:13,CCTV Stream,"Helmet, Safety Vest, Mask",None
2026-07-26 17:13:13,CCTV Stream,"Helmet, Safety Vest, Mask",None
2026-07-26 17:13:13,CCTV Stream,"Helmet, Safety Vest, Mask",None
2026-07-26 17:13:14,CCTV Stream,"Helmet, Safety Vest, Mask",None
2026-07-26 17:13:14,CCTV Stream,"Helmet, Safety Vest, Mask",None
2026-07-26 17:13:14,CCTV Stream,"Helmet, Safety Vest, Mask",None
2026-07-26 17:13:14,CCTV Stream,"Helmet, Safety Vest, Mask",None
2026-07-26 17:13:14,CCTV Stream,"Helmet, Safety Vest, Mask",None
2026-07-26 17:13:14,CCTV Stream,"Helmet, Safety Vest, Mask",None
2026-07-26 17:13:14,CCTV Stream,"Helmet, Safety Vest, Mask",None
2026-07-26 17:13:14,CCTV Stream,"Helmet, Safety Vest, Mask",None
2026-07-26 17:13:14,CCTV Stream,"Helmet, Safety Vest, Mask",None
2026-07-26 17:13:14,CCTV Stream,"Helmet, Safety Vest, Mask",None
2026-07-26 17:13:14,CCTV Stream,"Helmet, Safety Vest, Mask",None
2026-07-26 17:13:14,CCTV Stream,"Helmet, Safety Vest, Mask",None
2026-07-26 17:13:14,CCTV Stream,"Helmet, Safety Vest, Mask",None
2026-07-26 17:13:14,CCTV Stream,"Helmet, Safety Vest, Mask",None
2026-07-26 17:13:14,CCTV Stream,"Helmet, Safety Vest, Mask",None
2026-07-26 17:13:14,CCTV Stream,"Helmet, Safety Vest, Mask",None
2026-07-26 17:13:15,CCTV Stream,"Helmet, Safety Vest, Mask",None
2026-07-26 17:13:15,CCTV Stream,"Helmet, Safety Vest, Mask",None
2026-07-26 17:13:15,CCTV Stream,"Helmet, Safety Vest, Mask",None
2026-07-26 17:13:15,CCTV Stream,"Helmet, Safety Vest, Mask",None
2026-07-26 17:13:15,CCTV Stream,"Helmet, Safety Vest, Mask",None
2026-07-26 17:13:15,CCTV Stream,"Helmet, Safety Vest, Mask",None
2026-07-26 17:13:15,CCTV Stream,"Helmet, Safety Vest, Mask",None
2026-07-26 17:13:15,CCTV Stream,"Helmet, Safety Vest, Mask",None
2026-07-26 17:13:15,CCTV Stream,"Helmet, Safety Vest, Mask",None
2026-07-26 17:13:15,CCTV Stream,"Helmet, Safety Vest, Mask",None
2026-07-26 17:13:15,CCTV Stream,"Helmet, Safety Vest, Mask",None
2026-07-26 17:13:15,CCTV Stream,"Helmet, Safety Vest, Mask",None
2026-07-26 17:13:15,CCTV Stream,"Helmet, Safety Vest, Mask",None
2026-07-26 17:13:15,CCTV Stream,"Helmet, Safety Vest, Mask",None
2026-07-26 17:13:15,CCTV Stream,"Helmet, Safety Vest, Mask",None
2026-07-26 17:13:15,CCTV Stream,"Helmet, Safety Vest, Mask",None
2026-07-26 17:13:16,CCTV Stream,"Helmet, Safety Vest, Mask",None
2026-07-26 17:13:16,CCTV Stream,"Helmet, Safety Vest, Mask",None
2026-07-26 17:13:16,CCTV Stream,"Helmet, Safety Vest, Mask",None
2026-07-26 17:13:16,CCTV Stream,"Helmet, Safety Vest, Mask",None
2026-07-26 17:13:16,CCTV Stream,"Helmet, Safety Vest, Mask",None
2026-07-26 17:13:16,CCTV Stream,"Helmet, Safety Vest, Mask",None
2026-07-26 17:13:16,CCTV Stream,"Helmet, Safety Vest, Mask",None
2026-07-26 17:13:16,CCTV Stream,"Helmet, Safety Vest, Mask",None
2026-07-26 17:13:16,CCTV Stream,"Helmet, Safety Vest, Mask",None
2026-07-26 17:13:16,CCTV Stream,"Helmet, Safety Vest, Mask",None
2026-07-26 17:13:16,CCTV Stream,"Helmet, Safety Vest, Mask",None
2026-07-26 17:13:16,CCTV Stream,"Helmet, Safety Vest, Mask",None
2026-07-26 17:13:16,CCTV Stream,"Helmet, Safety Vest, Mask",None
2026-07-26 17:13:16,CCTV Stream,"Helmet, Safety Vest, Mask",None
2026-07-26 17:13:16,CCTV Stream,"Helmet, Safety Vest, Mask",None
2026-07-26 17:13:17,CCTV Stream,"Helmet, Safety Vest, Mask",None
2026-07-26 17:13:17,CCTV Stream,"Helmet, Safety Vest, Mask",None
2026-07-26 17:13:17,CCTV Stream,"Helmet, Safety Vest, Mask",None
2026-07-26 17:13:17,CCTV Stream,"Helmet, Safety Vest, Mask",None
2026-07-26 17:13:17,CCTV Stream,"Helmet, Safety Vest, Mask",None
2026-07-26 17:13:17,CCTV Stream,"Helmet, Safety Vest, Mask",None
2026-07-26 17:13:17,CCTV Stream,"Helmet, Safety Vest, Mask",None
2026-07-26 17:13:17,CCTV Stream,"Helmet, Safety Vest, Mask",None
2026-07-26 17:13:17,CCTV Stream,"Helmet, Safety Vest, Mask",None
2026-07-26 17:13:17,CCTV Stream,"Helmet, Safety Vest, Mask",None
2026-07-26 17:13:17,CCTV Stream,"Helmet, Safety Vest, Mask",None
2026-07-26 17:13:17,CCTV Stream,"Helmet, Safety Vest, Mask",None
2026-07-26 17:13:17,CCTV Stream,"Helmet, Safety Vest, Mask",None
2026-07-26 17:13:17,CCTV Stream,"Helmet, Safety Vest, Mask",None
2026-07-26 17:13:17,CCTV Stream,"Helmet, Safety Vest, Mask",None
2026-07-26 17:13:17,CCTV Stream,"Helmet, Safety Vest, Mask",None
2026-07-26 17:13:18,CCTV Stream,"Helmet, Safety Vest, Mask",None
2026-07-26 17:13:18,CCTV Stream,"Helmet, Safety Vest, Mask",None
2026-07-26 17:13:18,CCTV Stream,"Helmet, Safety Vest, Mask",None
2026-07-26 17:13:18,CCTV Stream,"Helmet, Safety Vest, Mask",None
2026-07-26 17:13:18,CCTV Stream,"Helmet, Safety Vest, Mask",None
2026-07-26 17:13:18,CCTV Stream,"Helmet, Safety Vest, Mask",None
2026-07-26 17:13:18,CCTV Stream,"Helmet, Safety Vest, Mask",None
2026-07-26 17:13:18,CCTV Stream,"Helmet, Safety Vest, Mask",None
2026-07-26 17:13:18,CCTV Stream,"Helmet, Safety Vest, Mask",None
2026-07-26 17:13:18,CCTV Stream,"Helmet, Safety Vest, Mask",None
2026-07-26 17:13:18,CCTV Stream,"Helmet, Safety Vest, Mask",None
2026-07-26 17:13:18,CCTV Stream,"Helmet, Safety Vest, Mask",None
2026-07-26 17:13:18,CCTV Stream,"Helmet, Safety Vest, Mask",None
2026-07-26 17:13:18,CCTV Stream,"Helmet, Safety Vest, Mask",None
2026-07-26 17:13:18,CCTV Stream,"Helmet, Safety Vest, Mask",None
2026-07-26 17:13:18,CCTV Stream,"Helmet, Safety Vest, Mask",None
2026-07-26 17:13:18,CCTV Stream,"Helmet, Safety Vest, Mask",None
2026-07-26 17:13:19,CCTV Stream,"Helmet, Safety Vest, Mask",None
2026-07-26 17:13:19,CCTV Stream,"Helmet, Safety Vest, Mask",None
2026-07-26 17:13:19,CCTV Stream,"Helmet, Safety Vest, Mask",None
2026-07-26 17:13:19,CCTV Stream,"Helmet, Safety Vest, Mask",None
2026-07-26 17:13:19,CCTV Stream,"Helmet, Safety Vest, Mask",None
2026-07-26 17:13:19,CCTV Stream,"Helmet, Safety Vest, Mask",None
2026-07-26 17:13:19,CCTV Stream,"Helmet, Safety Vest, Mask",None
2026-07-26 17:13:19,CCTV Stream,"Helmet, Safety Vest, Mask",None
2026-07-26 17:13:19,CCTV Stream,"Helmet, Safety Vest, Mask",None
2026-07-26 17:13:19,CCTV Stream,"Helmet, Safety Vest, Mask",None
2026-07-26 17:13:19,CCTV Stream,"Helmet, Safety Vest, Mask",None
2026-07-26 17:13:19,CCTV Stream,"Helmet, Safety Vest, Mask",None
2026-07-26 17:13:19,CCTV Stream,"Helmet, Safety Vest, Mask",None
2026-07-26 17:13:19,CCTV Stream,"Helmet, Safety Vest, Mask",None
2026-07-26 17:13:19,CCTV Stream,"Helmet, Safety Vest, Mask",None
2026-07-26 17:13:19,CCTV Stream,"Helmet, Safety Vest, Mask",None
2026-07-26 17:13:20,CCTV Stream,"Helmet, Safety Vest, Mask",None
2026-07-26 17:13:20,CCTV Stream,"Helmet, Safety Vest, Mask",None
2026-07-26 17:13:20,CCTV Stream,"Helmet, Safety Vest, Mask",None
2026-07-26 17:13:20,CCTV Stream,"Helmet, Safety Vest, Mask",None
2026-07-26 17:13:20,CCTV Stream,"Helmet, Safety Vest, Mask",None
2026-07-26 17:13:20,CCTV Stream,"Helmet, Safety Vest, Mask",None
2026-07-26 17:13:20,CCTV Stream,"Helmet, Safety Vest, Mask",None
2026-07-26 17:13:20,CCTV Stream,"Helmet, Safety Vest, Mask",None
2026-07-26 17:13:20,CCTV Stream,"Helmet, Safety Vest, Mask",None
2026-07-26 17:13:20,CCTV Stream,"Helmet, Safety Vest, Mask",None
2026-07-26 17:13:20,CCTV Stream,"Helmet, Safety Vest, Mask",None
2026-07-26 17:13:20,CCTV Stream,"Helmet, Safety Vest, Mask",None
2026-07-26 17:13:20,CCTV Stream,"Helmet, Safety Vest, Mask",None
2026-07-26 17:13:20,CCTV Stream,"Helmet, Safety Vest, Mask",None
2026-07-26 17:13:20,CCTV Stream,"Helmet, Safety Vest, Mask",None
2026-07-26 17:13:20,CCTV Stream,"Helmet, Safety Vest, Mask",None
2026-07-26 17:13:20,CCTV Stream,"Helmet, Safety Vest, Mask",None
2026-07-26 17:13:21,CCTV Stream,"Helmet, Safety Vest, Mask",None
2026-07-26 17:13:21,CCTV Stream,"Helmet, Safety Vest, Mask",None
2026-07-26 17:13:21,CCTV Stream,"Helmet, Safety Vest, Mask",None
2026-07-26 17:13:21,CCTV Stream,"Helmet, Safety Vest, Mask",None
2026-07-26 17:13:21,CCTV Stream,"Helmet, Safety Vest, Mask",None
2026-07-26 17:13:21,CCTV Stream,"Helmet, Safety Vest, Mask",None
2026-07-26 17:13:21,CCTV Stream,"Helmet, Safety Vest, Mask",None
2026-07-26 17:13:21,CCTV Stream,"Helmet, Safety Vest, Mask",None
2026-07-26 17:13:21,CCTV Stream,"Helmet, Safety Vest, Mask",None
2026-07-26 17:13:21,CCTV Stream,"Helmet, Safety Vest, Mask",None
2026-07-26 17:13:21,CCTV Stream,"Helmet, Safety Vest, Mask",None
2026-07-26 17:13:21,CCTV Stream,"Helmet, Safety Vest, Mask",None
2026-07-26 17:13:21,CCTV Stream,"Helmet, Safety Vest, Mask",None
2026-07-26 17:13:21,CCTV Stream,"Helmet, Safety Vest, Mask",None
2026-07-26 17:13:21,CCTV Stream,"Helmet, Safety Vest, Mask",None
2026-07-26 17:13:21,CCTV Stream,"Helmet, Safety Vest, Mask",None
2026-07-26 17:13:22,CCTV Stream,"Helmet, Safety Vest, Mask",None
2026-07-26 17:13:22,CCTV Stream,"Helmet, Safety Vest, Mask",None
2026-07-26 17:13:22,CCTV Stream,"Helmet, Safety Vest, Mask",None
2026-07-26 17:13:22,CCTV Stream,"Helmet, Safety Vest, Mask",None
2026-07-26 17:13:22,CCTV Stream,"Helmet, Safety Vest, Mask",None
2026-07-26 17:13:22,CCTV Stream,"Helmet, Safety Vest, Mask",None
2026-07-26 17:13:22,CCTV Stream,"Helmet, Safety Vest, Mask",None
2026-07-26 17:13:22,CCTV Stream,"Helmet, Safety Vest, Mask",None
2026-07-26 17:13:22,CCTV Stream,"Helmet, Safety Vest, Mask",None
2026-07-26 17:13:22,CCTV Stream,"Helmet, Safety Vest, Mask",None
2026-07-26 17:13:22,CCTV Stream,"Helmet, Safety Vest, Mask",None
2026-07-26 17:13:22,CCTV Stream,"Helmet, Safety Vest, Mask",None
2026-07-26 17:13:22,CCTV Stream,"Helmet, Safety Vest, Mask",None
2026-07-26 17:13:22,CCTV Stream,"Helmet, Safety Vest, Mask",None
2026-07-26 17:13:22,CCTV Stream,"Helmet, Safety Vest, Mask",None
2026-07-26 17:13:22,CCTV Stream,"Helmet, Safety Vest, Mask",None
2026-07-26 17:13:23,CCTV Stream,"Helmet, Safety Vest, Mask",None
2026-07-26 17:13:23,CCTV Stream,"Helmet, Safety Vest, Mask",None
2026-07-26 17:13:23,CCTV Stream,"Helmet, Safety Vest, Mask",None
2026-07-26 17:13:23,CCTV Stream,"Helmet, Safety Vest, Mask",None
2026-07-26 17:13:23,CCTV Stream,"Helmet, Safety Vest, Mask",None
2026-07-26 17:13:23,CCTV Stream,"Helmet, Safety Vest, Mask",None
2026-07-26 17:13:23,CCTV Stream,"Helmet, Safety Vest, Mask",None
2026-07-26 17:13:23,CCTV Stream,"Helmet, Safety Vest, Mask",None
2026-07-26 17:13:23,CCTV Stream,"Helmet, Safety Vest, Mask",None
2026-07-26 17:13:23,CCTV Stream,"Helmet, Safety Vest, Mask",None
2026-07-26 17:13:23,CCTV Stream,"Helmet, Safety Vest, Mask",None
2026-07-26 17:13:23,CCTV Stream,"Helmet, Safety Vest, Mask",None
2026-07-26 17:13:23,CCTV Stream,"Helmet, Safety Vest, Mask",None
2026-07-26 17:13:23,CCTV Stream,"Helmet, Safety Vest, Mask",None
2026-07-26 17:13:23,CCTV Stream,"Helmet, Safety Vest, Mask",None
2026-07-26 17:13:23,CCTV Stream,"Helmet, Safety Vest, Mask",None
2026-07-26 17:13:24,CCTV Stream,"Helmet, Safety Vest, Mask",None
2026-07-26 17:13:24,CCTV Stream,"Helmet, Safety Vest, Mask",None
2026-07-26 17:13:24,CCTV Stream,"Helmet, Safety Vest, Mask",None
2026-07-26 17:13:24,CCTV Stream,"Helmet, Safety Vest, Mask",None
2026-07-26 17:13:24,CCTV Stream,"Helmet, Safety Vest, Mask",None
2026-07-26 17:13:24,CCTV Stream,"Helmet, Safety Vest, Mask",None
2026-07-26 17:13:24,CCTV Stream,"Helmet, Safety Vest, Mask",None
2026-07-26 17:13:24,CCTV Stream,"Helmet, Safety Vest, Mask",None
2026-07-26 17:13:24,CCTV Stream,"Helmet, Safety Vest, Mask",None
2026-07-26 17:13:24,CCTV Stream,"Helmet, Safety Vest, Mask",None
2026-07-26 17:13:24,CCTV Stream,"Helmet, Safety Vest, Mask",None
2026-07-26 17:13:24,CCTV Stream,"Helmet, Safety Vest, Mask",None
2026-07-26 17:13:24,CCTV Stream,"Helmet, Safety Vest, Mask",None
2026-07-26 17:13:24,CCTV Stream,"Helmet, Safety Vest, Mask",None
2026-07-26 17:13:24,CCTV Stream,"Helmet, Safety Vest, Mask",None
2026-07-26 17:13:24,CCTV Stream,"Helmet, Safety Vest, Mask",None
2026-07-26 17:13:25,CCTV Stream,"Helmet, Safety Vest, Mask",None
2026-07-26 17:13:25,CCTV Stream,"Helmet, Safety Vest, Mask",None
2026-07-26 17:13:25,CCTV Stream,"Helmet, Safety Vest, Mask",None
2026-07-26 17:13:25,CCTV Stream,"Helmet, Safety Vest, Mask",None
2026-07-26 17:13:25,CCTV Stream,"Helmet, Safety Vest, Mask",None
2026-07-26 17:13:25,CCTV Stream,"Helmet, Safety Vest, Mask",None
2026-07-26 17:13:25,CCTV Stream,"Helmet, Safety Vest, Mask",None
2026-07-26 17:13:25,CCTV Stream,"Helmet, Safety Vest, Mask",None
2026-07-26 17:13:25,CCTV Stream,"Helmet, Safety Vest, Mask",None
2026-07-26 17:13:25,CCTV Stream,"Helmet, Safety Vest, Mask",None
2026-07-26 17:13:25,CCTV Stream,"Helmet, Safety Vest, Mask",None
2026-07-26 17:13:25,CCTV Stream,"Helmet, Safety Vest, Mask",None
2026-07-26 17:13:25,CCTV Stream,"Helmet, Safety Vest, Mask",None
2026-07-26 17:13:25,CCTV Stream,"Helmet, Safety Vest, Mask",None
2026-07-26 17:13:25,CCTV Stream,"Helmet, Safety Vest, Mask",None
2026-07-26 17:13:25,CCTV Stream,"Helmet, Safety Vest, Mask",None
2026-07-26 17:13:25,CCTV Stream,"Helmet, Safety Vest, Mask",None
2026-07-26 17:13:26,CCTV Stream,"Helmet, Safety Vest, Mask",None
2026-07-26 17:13:26,CCTV Stream,"Helmet, Safety Vest, Mask",None
2026-07-26 17:13:26,CCTV Stream,"Helmet, Safety Vest, Mask",None
2026-07-26 17:13:26,CCTV Stream,"Helmet, Safety Vest, Mask",None
2026-07-26 17:13:26,CCTV Stream,"Helmet, Safety Vest, Mask",None
2026-07-26 17:13:26,CCTV Stream,"Helmet, Safety Vest, Mask",None
2026-07-26 17:13:26,CCTV Stream,"Helmet, Safety Vest, Mask",None
2026-07-26 17:13:26,CCTV Stream,"Helmet, Safety Vest, Mask",None
2026-07-26 17:13:26,CCTV Stream,"Helmet, Safety Vest, Mask",None
2026-07-26 17:13:26,CCTV Stream,"Helmet, Safety Vest, Mask",None
2026-07-26 17:13:26,CCTV Stream,"Helmet, Safety Vest, Mask",None
2026-07-26 17:13:26,CCTV Stream,"Helmet, Safety Vest, Mask",None
2026-07-26 17:13:26,CCTV Stream,"Helmet, Safety Vest, Mask",None
2026-07-26 17:13:26,CCTV Stream,"Helmet, Safety Vest, Mask",None
2026-07-26 17:13:26,CCTV Stream,"Helmet, Safety Vest, Mask",None
2026-07-26 17:13:27,CCTV Stream,"Helmet, Safety Vest, Mask",None
2026-07-26 17:13:27,CCTV Stream,"Helmet, Safety Vest, Mask",None
2026-07-26 17:13:27,CCTV Stream,"Helmet, Safety Vest, Mask",None
2026-07-26 17:13:27,CCTV Stream,"Helmet, Safety Vest, Mask",None
2026-07-26 17:13:27,CCTV Stream,"Helmet, Safety Vest, Mask",None
2026-07-26 17:13:27,CCTV Stream,"Helmet, Safety Vest, Mask",None
2026-07-26 17:13:27,CCTV Stream,"Helmet, Safety Vest, Mask",None
2026-07-26 17:13:27,CCTV Stream,"Helmet, Safety Vest, Mask",None
2026-07-26 17:13:27,CCTV Stream,"Helmet, Safety Vest, Mask",None
2026-07-26 17:13:27,CCTV Stream,"Helmet, Safety Vest, Mask",None
2026-07-26 17:13:27,CCTV Stream,"Helmet, Safety Vest, Mask",None
2026-07-26 17:13:27,CCTV Stream,"Helmet, Safety Vest, Mask",None
2026-07-26 17:13:27,CCTV Stream,"Helmet, Safety Vest, Mask",None
2026-07-26 17:13:27,CCTV Stream,"Helmet, Safety Vest, Mask",None
2026-07-26 17:13:27,CCTV Stream,"Helmet, Safety Vest, Mask",None
2026-07-26 17:13:27,CCTV Stream,"Helmet, Safety Vest, Mask",None
2026-07-26 17:13:27,CCTV Stream,"Helmet, Safety Vest, Mask",None
2026-07-26 17:13:28,CCTV Stream,"Helmet, Safety Vest, Mask",None
2026-07-26 17:13:28,CCTV Stream,"Helmet, Safety Vest, Mask",None
2026-07-26 17:13:28,CCTV Stream,"Helmet, Safety Vest, Mask",None
2026-07-26 17:13:28,CCTV Stream,"Helmet, Safety Vest, Mask",None
2026-07-26 17:13:28,CCTV Stream,"Helmet, Safety Vest, Mask",None
2026-07-26 17:13:28,CCTV Stream,"Helmet, Safety Vest, Mask",None
2026-07-26 17:13:28,CCTV Stream,"Helmet, Safety Vest, Mask",None
2026-07-26 17:13:28,CCTV Stream,"Helmet, Safety Vest, Mask",None
2026-07-26 17:13:28,CCTV Stream,"Helmet, Safety Vest, Mask",None
2026-07-26 17:13:28,CCTV Stream,"Helmet, Safety Vest, Mask",None
2026-07-26 17:13:28,CCTV Stream,"Helmet, Safety Vest, Mask",None
2026-07-26 17:13:28,CCTV Stream,"Helmet, Safety Vest, Mask",None
2026-07-26 17:13:28,CCTV Stream,"Helmet, Safety Vest, Mask",None
2026-07-26 17:13:28,CCTV Stream,"Helmet, Safety Vest, Mask",None
2026-07-26 17:13:28,CCTV Stream,"Helmet, Safety Vest, Mask",None
2026-07-26 17:13:28,CCTV Stream,"Helmet, Safety Vest, Mask",None
2026-07-26 17:13:29,CCTV Stream,"Helmet, Safety Vest, Mask",None
2026-07-26 17:13:29,CCTV Stream,"Helmet, Safety Vest, Mask",None
2026-07-26 17:13:29,CCTV Stream,"Helmet, Safety Vest, Mask",None
2026-07-26 17:13:29,CCTV Stream,"Helmet, Safety Vest, Mask",None
2026-07-26 17:13:29,CCTV Stream,"Helmet, Safety Vest, Mask",None
2026-07-26 17:13:29,CCTV Stream,"Helmet, Safety Vest, Mask",None
2026-07-26 17:13:29,CCTV Stream,"Helmet, Safety Vest, Mask",None
2026-07-26 17:13:29,CCTV Stream,"Helmet, Safety Vest, Mask",None
2026-07-26 17:13:29,CCTV Stream,"Helmet, Safety Vest, Mask",None
2026-07-26 17:13:29,CCTV Stream,"Helmet, Safety Vest, Mask",None
2026-07-26 17:13:29,CCTV Stream,"Helmet, Safety Vest, Mask",None
2026-07-26 17:13:29,CCTV Stream,"Helmet, Safety Vest, Mask",None
2026-07-26 17:13:29,CCTV Stream,"Helmet, Safety Vest, Mask",None
2026-07-26 17:13:29,CCTV Stream,"Helmet, Safety Vest, Mask",None
2026-07-26 17:13:29,CCTV Stream,"Helmet, Safety Vest, Mask",None
2026-07-26 17:13:30,CCTV Stream,"Helmet, Safety Vest, Mask",None
2026-07-26 17:13:30,CCTV Stream,"Helmet, Safety Vest, Mask",None
2026-07-26 17:13:30,CCTV Stream,"Helmet, Safety Vest, Mask",None
2026-07-26 17:13:30,CCTV Stream,"Helmet, Safety Vest, Mask",None
2026-07-26 17:13:30,CCTV Stream,"Helmet, Safety Vest, Mask",None
2026-07-26 17:13:30,CCTV Stream,"Helmet, Safety Vest, Mask",None
2026-07-26 17:13:30,CCTV Stream,"Helmet, Safety Vest, Mask",None
2026-07-26 17:13:30,CCTV Stream,"Helmet, Safety Vest, Mask",None
2026-07-26 17:13:30,CCTV Stream,"Helmet, Safety Vest, Mask",None
2026-07-26 17:13:30,CCTV Stream,"Helmet, Safety Vest, Mask",None
2026-07-26 17:13:30,CCTV Stream,"Helmet, Safety Vest, Mask",None
2026-07-26 17:13:30,CCTV Stream,"Helmet, Safety Vest, Mask",None
2026-07-26 17:13:30,CCTV Stream,"Helmet, Safety Vest, Mask",None
2026-07-26 17:13:30,CCTV Stream,"Helmet, Safety Vest, Mask",None
2026-07-26 17:13:30,CCTV Stream,"Helmet, Safety Vest, Mask",None
2026-07-26 17:13:30,CCTV Stream,"Helmet, Safety Vest, Mask",None
2026-07-26 17:13:31,CCTV Stream,"Helmet, Safety Vest, Mask",None
2026-07-26 17:13:31,CCTV Stream,"Helmet, Safety Vest, Mask",None
2026-07-26 17:13:31,CCTV Stream,"Helmet, Safety Vest, Mask",None
2026-07-26 17:13:31,CCTV Stream,"Helmet, Safety Vest, Mask",None
2026-07-26 17:13:31,CCTV Stream,"Helmet, Safety Vest, Mask",None
2026-07-26 17:13:31,CCTV Stream,"Helmet, Safety Vest, Mask",None
2026-07-26 17:13:31,CCTV Stream,"Helmet, Safety Vest, Mask",None
2026-07-26 17:13:31,CCTV Stream,"Helmet, Safety Vest, Mask",None
2026-07-26 17:13:31,CCTV Stream,"Helmet, Safety Vest, Mask",None
2026-07-26 17:13:31,CCTV Stream,"Helmet, Safety Vest, Mask",None
2026-07-26 17:13:31,CCTV Stream,"Helmet, Safety Vest, Mask",None
2026-07-26 17:13:31,CCTV Stream,"Helmet, Safety Vest, Mask",None
2026-07-26 17:13:31,CCTV Stream,"Helmet, Safety Vest, Mask",None
2026-07-26 17:13:31,CCTV Stream,"Helmet, Safety Vest, Mask",None
2026-07-26 17:13:31,CCTV Stream,"Helmet, Safety Vest, Mask",None
2026-07-26 17:13:31,CCTV Stream,"Helmet, Safety Vest, Mask",None
2026-07-26 17:13:32,CCTV Stream,"Helmet, Safety Vest, Mask",None
2026-07-26 17:13:32,CCTV Stream,"Helmet, Safety Vest, Mask",None
2026-07-26 17:13:32,CCTV Stream,"Helmet, Safety Vest, Mask",None
2026-07-26 17:13:32,CCTV Stream,"Helmet, Safety Vest, Mask",None
2026-07-26 17:13:32,CCTV Stream,"Helmet, Safety Vest, Mask",None
2026-07-26 17:13:32,CCTV Stream,"Helmet, Safety Vest, Mask",None
2026-07-26 17:13:32,CCTV Stream,"Helmet, Safety Vest, Mask",None
2026-07-26 17:13:32,CCTV Stream,"Helmet, Safety Vest, Mask",None
2026-07-26 17:13:32,CCTV Stream,"Helmet, Safety Vest, Mask",None
2026-07-26 17:13:32,CCTV Stream,"Helmet, Safety Vest, Mask",None
2026-07-26 17:13:32,CCTV Stream,"Helmet, Safety Vest, Mask",None
2026-07-26 17:13:32,CCTV Stream,"Helmet, Safety Vest, Mask",None
2026-07-26 17:13:32,CCTV Stream,"Helmet, Safety Vest, Mask",None
2026-07-26 17:13:32,CCTV Stream,"Helmet, Safety Vest, Mask",None
2026-07-26 17:13:32,CCTV Stream,"Helmet, Safety Vest, Mask",None
2026-07-26 17:13:32,CCTV Stream,"Helmet, Safety Vest, Mask",None
2026-07-26 17:13:33,CCTV Stream,"Helmet, Safety Vest, Mask",None
2026-07-26 17:13:33,CCTV Stream,"Helmet, Safety Vest, Mask",None
2026-07-26 17:13:33,CCTV Stream,"Helmet, Safety Vest, Mask",None
2026-07-26 17:13:33,CCTV Stream,"Helmet, Safety Vest, Mask",None
2026-07-26 17:13:33,CCTV Stream,"Helmet, Safety Vest, Mask",None
2026-07-26 17:13:33,CCTV Stream,"Helmet, Safety Vest, Mask",None
2026-07-26 17:13:33,CCTV Stream,"Helmet, Safety Vest, Mask",None
2026-07-26 17:13:33,CCTV Stream,"Helmet, Safety Vest, Mask",None
2026-07-26 17:13:33,CCTV Stream,"Helmet, Safety Vest, Mask",None
2026-07-26 17:13:33,CCTV Stream,"Helmet, Safety Vest, Mask",None
2026-07-26 17:13:33,CCTV Stream,"Helmet, Safety Vest, Mask",None
2026-07-26 17:13:33,CCTV Stream,"Helmet, Safety Vest, Mask",None
2026-07-26 17:13:33,CCTV Stream,"Helmet, Safety Vest, Mask",None
2026-07-26 17:13:33,CCTV Stream,"Helmet, Safety Vest, Mask",None
2026-07-26 17:13:33,CCTV Stream,"Helmet, Safety Vest, Mask",None
2026-07-26 17:13:33,CCTV Stream,"Helmet, Safety Vest, Mask",None
2026-07-26 17:13:34,CCTV Stream,"Helmet, Safety Vest, Mask",None
2026-07-26 17:13:34,CCTV Stream,"Helmet, Safety Vest, Mask",None
2026-07-26 17:13:34,CCTV Stream,"Helmet, Safety Vest, Mask",None
2026-07-26 17:13:34,CCTV Stream,"Helmet, Safety Vest, Mask",None
2026-07-26 17:13:34,CCTV Stream,"Helmet, Safety Vest, Mask",None
2026-07-26 17:13:34,CCTV Stream,"Helmet, Safety Vest, Mask",None
2026-07-26 17:13:34,CCTV Stream,"Helmet, Safety Vest, Mask",None
2026-07-26 17:13:34,CCTV Stream,"Helmet, Safety Vest, Mask",None
2026-07-26 17:13:34,CCTV Stream,"Helmet, Safety Vest, Mask",None
2026-07-26 17:13:34,CCTV Stream,"Helmet, Safety Vest, Mask",None
2026-07-26 17:13:34,CCTV Stream,"Helmet, Safety Vest, Mask",None
2026-07-26 17:13:34,CCTV Stream,"Helmet, Safety Vest, Mask",None
2026-07-26 17:13:34,CCTV Stream,"Helmet, Safety Vest, Mask",None
2026-07-26 17:13:34,CCTV Stream,"Helmet, Safety Vest, Mask",None
2026-07-26 17:13:34,CCTV Stream,"Helmet, Safety Vest, Mask",None
2026-07-26 17:13:34,CCTV Stream,"Helmet, Safety Vest, Mask",None
2026-07-26 17:13:35,CCTV Stream,"Helmet, Safety Vest, Mask",None
2026-07-26 17:13:35,CCTV Stream,"Helmet, Safety Vest, Mask",None
2026-07-26 17:13:35,CCTV Stream,"Helmet, Safety Vest, Mask",None
2026-07-26 17:13:35,CCTV Stream,"Helmet, Safety Vest, Mask",None
2026-07-26 17:13:35,CCTV Stream,"Helmet, Safety Vest, Mask",None
2026-07-26 17:13:35,CCTV Stream,"Helmet, Safety Vest, Mask",None
2026-07-26 17:13:35,CCTV Stream,"Helmet, Safety Vest, Mask",None
2026-07-26 17:13:35,CCTV Stream,"Helmet, Safety Vest, Mask",None
2026-07-26 17:13:35,CCTV Stream,"Helmet, Safety Vest, Mask",None
2026-07-26 17:13:35,CCTV Stream,"Helmet, Safety Vest, Mask",None
2026-07-26 17:13:35,CCTV Stream,"Helmet, Safety Vest, Mask",None
2026-07-26 17:13:35,CCTV Stream,"Helmet, Safety Vest, Mask",None
2026-07-26 17:13:35,CCTV Stream,"Helmet, Safety Vest, Mask",None
2026-07-26 17:13:35,CCTV Stream,"Helmet, Safety Vest, Mask",None
2026-07-26 17:13:36,CCTV Stream,"Helmet, Safety Vest, Mask",None
2026-07-26 17:13:36,CCTV Stream,"Helmet, Safety Vest, Mask",None
2026-07-26 17:13:36,CCTV Stream,"Helmet, Safety Vest, Mask",None
2026-07-26 17:13:36,CCTV Stream,"Helmet, Safety Vest, Mask",None
2026-07-26 17:13:36,CCTV Stream,"Helmet, Safety Vest, Mask",None
2026-07-26 17:13:36,CCTV Stream,"Helmet, Safety Vest, Mask",None
2026-07-26 17:13:36,CCTV Stream,"Helmet, Safety Vest, Mask",None
2026-07-26 17:13:36,CCTV Stream,"Helmet, Safety Vest, Mask",None
2026-07-26 17:13:36,CCTV Stream,"Helmet, Safety Vest, Mask",None
2026-07-26 17:13:36,CCTV Stream,"Helmet, Safety Vest, Mask",None
2026-07-26 17:13:36,CCTV Stream,"Helmet, Safety Vest, Mask",None
2026-07-26 17:13:36,CCTV Stream,"Helmet, Safety Vest, Mask",None
2026-07-26 17:13:36,CCTV Stream,"Helmet, Safety Vest, Mask",None
2026-07-26 17:13:37,CCTV Stream,"Helmet, Safety Vest, Mask",None
2026-07-26 17:13:37,CCTV Stream,"Helmet, Safety Vest, Mask",None
2026-07-26 17:13:37,CCTV Stream,"Helmet, Safety Vest, Mask",None
2026-07-26 17:13:37,CCTV Stream,"Helmet, Safety Vest, Mask",None
2026-07-26 17:13:37,CCTV Stream,"Helmet, Safety Vest, Mask",None
2026-07-26 17:13:37,CCTV Stream,"Helmet, Safety Vest, Mask",None
2026-07-26 17:13:37,CCTV Stream,"Helmet, Safety Vest, Mask",None
2026-07-26 17:13:37,CCTV Stream,"Helmet, Safety Vest, Mask",None
2026-07-26 17:13:37,CCTV Stream,"Helmet, Safety Vest, Mask",None
2026-07-26 17:13:37,CCTV Stream,"Helmet, Safety Vest, Mask",None
2026-07-26 17:13:37,CCTV Stream,"Helmet, Safety Vest, Mask",None
2026-07-26 17:13:37,CCTV Stream,"Helmet, Safety Vest, Mask",None
2026-07-26 17:13:37,CCTV Stream,"Helmet, Safety Vest, Mask",None
2026-07-26 17:13:37,CCTV Stream,"Helmet, Safety Vest, Mask",None
2026-07-26 17:13:37,CCTV Stream,"Helmet, Safety Vest, Mask",None
2026-07-26 17:13:37,CCTV Stream,"Helmet, Safety Vest, Mask",None
2026-07-26 17:13:37,CCTV Stream,"Helmet, Safety Vest, Mask",None
2026-07-26 17:13:38,CCTV Stream,"Helmet, Safety Vest, Mask",None
2026-07-26 17:13:38,CCTV Stream,"Helmet, Safety Vest, Mask",None
2026-07-26 17:13:38,CCTV Stream,"Helmet, Safety Vest, Mask",None
2026-07-26 17:13:38,CCTV Stream,"Helmet, Safety Vest, Mask",None
2026-07-26 17:13:38,CCTV Stream,"Helmet, Safety Vest, Mask",None
2026-07-26 17:13:38,CCTV Stream,"Helmet, Safety Vest, Mask",None
2026-07-26 17:13:38,CCTV Stream,"Helmet, Safety Vest, Mask",None
2026-07-26 17:13:38,CCTV Stream,"Helmet, Safety Vest, Mask",None
2026-07-26 17:13:38,CCTV Stream,"Helmet, Safety Vest, Mask",None
2026-07-26 17:13:38,CCTV Stream,"Helmet, Safety Vest, Mask",None
2026-07-26 17:13:38,CCTV Stream,"Helmet, Safety Vest, Mask",None
2026-07-26 17:13:38,CCTV Stream,"Helmet, Safety Vest, Mask",None
2026-07-26 17:13:38,CCTV Stream,"Helmet, Safety Vest, Mask",None
2026-07-26 17:13:38,CCTV Stream,"Helmet, Safety Vest, Mask",None
2026-07-26 17:13:39,CCTV Stream,"Helmet, Safety Vest, Mask",None
2026-07-26 17:13:39,CCTV Stream,"Helmet, Safety Vest, Mask",None
2026-07-26 17:13:39,CCTV Stream,"Helmet, Safety Vest, Mask",None
2026-07-26 17:13:39,CCTV Stream,"Helmet, Safety Vest, Mask",None
2026-07-26 17:13:39,CCTV Stream,"Helmet, Safety Vest, Mask",None
2026-07-26 17:13:39,CCTV Stream,"Helmet, Safety Vest, Mask",None
2026-07-26 17:13:39,CCTV Stream,"Helmet, Safety Vest, Mask",None
2026-07-26 17:13:39,CCTV Stream,"Helmet, Safety Vest, Mask",None
2026-07-26 17:13:39,CCTV Stream,"Helmet, Safety Vest, Mask",None
2026-07-26 17:13:39,CCTV Stream,"Helmet, Safety Vest, Mask",None
2026-07-26 17:13:39,CCTV Stream,"Helmet, Safety Vest, Mask",None
2026-07-26 17:13:39,CCTV Stream,"Helmet, Safety Vest, Mask",None
2026-07-26 17:13:39,CCTV Stream,"Helmet, Safety Vest, Mask",None
2026-07-26 17:13:39,CCTV Stream,"Helmet, Safety Vest, Mask",None
2026-07-26 17:13:39,CCTV Stream,"Helmet, Safety Vest, Mask",None
2026-07-26 17:13:40,CCTV Stream,"Helmet, Safety Vest, Mask",None
2026-07-26 17:13:40,CCTV Stream,"Helmet, Safety Vest, Mask",None
2026-07-26 17:13:40,CCTV Stream,"Helmet, Safety Vest, Mask",None
2026-07-26 17:13:40,CCTV Stream,"Helmet, Safety Vest, Mask",None
2026-07-26 17:13:40,CCTV Stream,"Helmet, Safety Vest, Mask",None
2026-07-26 17:13:40,CCTV Stream,"Helmet, Safety Vest, Mask",None
2026-07-26 17:13:40,CCTV Stream,"Helmet, Safety Vest, Mask",None
2026-07-26 17:13:40,CCTV Stream,"Helmet, Safety Vest, Mask",None
2026-07-26 17:13:40,CCTV Stream,"Helmet, Safety Vest, Mask",None
2026-07-26 17:13:40,CCTV Stream,"Helmet, Safety Vest, Mask",None
2026-07-26 17:13:40,CCTV Stream,"Helmet, Safety Vest, Mask",None
2026-07-26 17:13:40,CCTV Stream,"Helmet, Safety Vest, Mask",None
2026-07-26 17:13:40,CCTV Stream,"Helmet, Safety Vest, Mask",None
2026-07-26 17:13:40,CCTV Stream,"Helmet, Safety Vest, Mask",None
2026-07-26 17:13:40,CCTV Stream,"Helmet, Safety Vest, Mask",None
2026-07-26 17:13:41,CCTV Stream,"Helmet, Safety Vest, Mask",None
2026-07-26 17:13:41,CCTV Stream,"Helmet, Safety Vest, Mask",None
2026-07-26 17:13:41,CCTV Stream,"Helmet, Safety Vest, Mask",None
2026-07-26 17:13:41,CCTV Stream,"Helmet, Safety Vest, Mask",None
2026-07-26 17:13:41,CCTV Stream,"Helmet, Safety Vest, Mask",None
2026-07-26 17:13:41,CCTV Stream,"Helmet, Safety Vest, Mask",None
2026-07-26 17:13:41,CCTV Stream,"Helmet, Safety Vest, Mask",None
2026-07-26 17:13:41,CCTV Stream,"Helmet, Safety Vest, Mask",None
2026-07-26 17:13:41,CCTV Stream,"Helmet, Safety Vest, Mask",None
2026-07-26 17:13:41,CCTV Stream,"Helmet, Safety Vest, Mask",None
2026-07-26 17:13:41,CCTV Stream,"Helmet, Safety Vest, Mask",None
2026-07-26 17:13:41,CCTV Stream,"Helmet, Safety Vest, Mask",None
2026-07-26 17:13:41,CCTV Stream,"Helmet, Safety Vest, Mask",None
2026-07-26 17:13:41,CCTV Stream,"Helmet, Safety Vest, Mask",None
2026-07-26 17:13:41,CCTV Stream,"Helmet, Safety Vest, Mask",None
2026-07-26 17:13:42,CCTV Stream,"Helmet, Safety Vest, Mask",None
2026-07-26 17:13:42,CCTV Stream,"Helmet, Safety Vest, Mask",None
2026-07-26 17:13:42,CCTV Stream,"Helmet, Safety Vest, Mask",None
2026-07-26 17:13:42,CCTV Stream,"Helmet, Safety Vest, Mask",None
2026-07-26 17:13:42,CCTV Stream,"Helmet, Safety Vest, Mask",None
2026-07-26 17:13:42,CCTV Stream,"Helmet, Safety Vest, Mask",None
2026-07-26 17:13:42,CCTV Stream,"Helmet, Safety Vest, Mask",None
2026-07-26 17:13:42,CCTV Stream,"Helmet, Safety Vest, Mask",None
2026-07-26 17:13:42,CCTV Stream,"Helmet, Safety Vest, Mask",None
2026-07-26 17:13:42,CCTV Stream,"Helmet, Safety Vest, Mask",None
2026-07-26 17:13:42,CCTV Stream,"Helmet, Safety Vest, Mask",None
2026-07-26 17:13:42,CCTV Stream,"Helmet, Safety Vest, Mask",None
2026-07-26 17:13:42,CCTV Stream,"Helmet, Safety Vest, Mask",None
2026-07-26 17:13:42,CCTV Stream,"Helmet, Safety Vest, Mask",None
2026-07-26 17:13:42,CCTV Stream,"Helmet, Safety Vest, Mask",None
2026-07-26 17:13:42,CCTV Stream,"Helmet, Safety Vest, Mask",None
2026-07-26 17:13:42,CCTV Stream,"Helmet, Safety Vest, Mask",None
2026-07-26 17:13:43,CCTV Stream,"Helmet, Safety Vest, Mask",None
2026-07-26 17:13:43,CCTV Stream,"Helmet, Safety Vest, Mask",None
2026-07-26 17:13:43,CCTV Stream,"Helmet, Safety Vest, Mask",None
2026-07-26 17:13:43,CCTV Stream,"Helmet, Safety Vest, Mask",None
2026-07-26 17:13:43,CCTV Stream,"Helmet, Safety Vest, Mask",None
2026-07-26 17:13:43,CCTV Stream,"Helmet, Safety Vest, Mask",None
2026-07-26 17:13:43,CCTV Stream,"Helmet, Safety Vest, Mask",None
2026-07-26 17:13:43,CCTV Stream,"Helmet, Safety Vest, Mask",None
2026-07-26 17:13:43,CCTV Stream,"Helmet, Safety Vest, Mask",None
2026-07-26 17:13:43,CCTV Stream,"Helmet, Safety Vest, Mask",None
2026-07-26 17:13:43,CCTV Stream,"Helmet, Safety Vest, Mask",None
2026-07-26 17:13:43,CCTV Stream,"Helmet, Safety Vest, Mask",None
2026-07-26 17:13:43,CCTV Stream,"Helmet, Safety Vest, Mask",None
2026-07-26 17:13:44,CCTV Stream,"Helmet, Safety Vest, Mask",None
2026-07-26 17:13:44,CCTV Stream,"Helmet, Safety Vest, Mask",None
2026-07-26 17:13:44,CCTV Stream,"Helmet, Safety Vest, Mask",None
2026-07-26 17:13:44,CCTV Stream,"Helmet, Safety Vest, Mask",None
2026-07-26 17:13:44,CCTV Stream,"Helmet, Safety Vest, Mask",None
2026-07-26 17:13:44,CCTV Stream,"Helmet, Safety Vest, Mask",None
2026-07-26 17:13:44,CCTV Stream,"Helmet, Safety Vest, Mask",None
2026-07-26 17:13:44,CCTV Stream,"Helmet, Safety Vest, Mask",None
2026-07-26 17:13:44,CCTV Stream,"Helmet, Safety Vest, Mask",None
2026-07-26 17:13:45,CCTV Stream,"Helmet, Safety Vest, Mask",None
2026-07-26 17:13:45,CCTV Stream,"Helmet, Safety Vest, Mask",None
2026-07-26 17:13:45,CCTV Stream,"Helmet, Safety Vest, Mask",None
2026-07-26 17:13:45,CCTV Stream,"Helmet, Safety Vest, Mask",None
2026-07-26 17:13:45,CCTV Stream,"Helmet, Safety Vest, Mask",None
2026-07-26 17:13:45,CCTV Stream,"Helmet, Safety Vest, Mask",None
2026-07-26 17:13:45,CCTV Stream,"Helmet, Safety Vest, Mask",None
2026-07-26 17:13:45,CCTV Stream,"Helmet, Safety Vest, Mask",None
2026-07-26 17:13:45,CCTV Stream,"Helmet, Safety Vest, Mask",None
2026-07-26 17:13:45,CCTV Stream,"Helmet, Safety Vest, Mask",None
2026-07-26 17:13:45,CCTV Stream,"Helmet, Safety Vest, Mask",None
2026-07-26 17:13:45,CCTV Stream,"Helmet, Safety Vest, Mask",None
2026-07-26 17:13:45,CCTV Stream,"Helmet, Safety Vest, Mask",None
2026-07-26 17:13:45,CCTV Stream,"Helmet, Safety Vest, Mask",None
2026-07-26 17:13:46,CCTV Stream,"Helmet, Safety Vest, Mask",None
2026-07-26 17:13:46,CCTV Stream,"Helmet, Safety Vest, Mask",None
2026-07-26 17:13:46,CCTV Stream,"Helmet, Safety Vest, Mask",None
2026-07-26 17:13:46,CCTV Stream,"Helmet, Safety Vest, Mask",None
2026-07-26 17:13:46,CCTV Stream,"Helmet, Safety Vest, Mask",None
2026-07-26 17:13:46,CCTV Stream,"Helmet, Safety Vest, Mask",None
2026-07-26 17:13:46,CCTV Stream,"Helmet, Safety Vest, Mask",None
2026-07-26 17:13:46,CCTV Stream,"Helmet, Safety Vest, Mask",None
2026-07-26 17:13:46,CCTV Stream,"Helmet, Safety Vest, Mask",None
2026-07-26 17:13:46,CCTV Stream,"Helmet, Safety Vest, Mask",None
2026-07-26 17:13:46,CCTV Stream,"Helmet, Safety Vest, Mask",None
2026-07-26 17:13:46,CCTV Stream,"Helmet, Safety Vest, Mask",None
2026-07-26 17:13:46,CCTV Stream,"Helmet, Safety Vest, Mask",None
2026-07-26 17:13:47,CCTV Stream,"Helmet, Safety Vest, Mask",None
2026-07-26 17:13:47,CCTV Stream,"Helmet, Safety Vest, Mask",None
2026-07-26 17:13:47,CCTV Stream,"Helmet, Safety Vest, Mask",None
2026-07-26 17:13:47,CCTV Stream,"Helmet, Safety Vest, Mask",None
2026-07-26 17:13:47,CCTV Stream,"Helmet, Safety Vest, Mask",None
2026-07-26 17:13:47,CCTV Stream,"Helmet, Safety Vest, Mask",None
2026-07-26 17:13:47,CCTV Stream,"Helmet, Safety Vest, Mask",None
2026-07-26 17:13:47,CCTV Stream,"Helmet, Safety Vest, Mask",None
2026-07-26 17:13:47,CCTV Stream,"Helmet, Safety Vest, Mask",None
2026-07-26 17:13:47,CCTV Stream,"Helmet, Safety Vest, Mask",None
2026-07-26 17:13:47,CCTV Stream,"Helmet, Safety Vest, Mask",None
2026-07-26 17:13:47,CCTV Stream,"Helmet, Safety Vest, Mask",None
2026-07-26 17:13:47,CCTV Stream,"Helmet, Safety Vest, Mask",None
2026-07-26 17:13:47,CCTV Stream,"Helmet, Safety Vest, Mask",None
2026-07-26 17:13:47,CCTV Stream,"Helmet, Safety Vest, Mask",None
2026-07-26 17:13:47,CCTV Stream,"Helmet, Safety Vest, Mask",None
2026-07-26 17:13:48,CCTV Stream,"Helmet, Safety Vest, Mask",None
2026-07-26 17:13:48,CCTV Stream,"Helmet, Safety Vest, Mask",None
2026-07-26 17:13:48,CCTV Stream,"Helmet, Safety Vest, Mask",None
2026-07-26 17:13:48,CCTV Stream,"Helmet, Safety Vest, Mask",None
2026-07-26 17:13:48,CCTV Stream,"Helmet, Safety Vest, Mask",None
2026-07-26 17:13:48,CCTV Stream,"Helmet, Safety Vest, Mask",None
2026-07-26 17:13:48,CCTV Stream,"Helmet, Safety Vest, Mask",None
2026-07-26 17:13:48,CCTV Stream,"Helmet, Safety Vest, Mask",None
2026-07-26 17:13:48,CCTV Stream,"Helmet, Safety Vest, Mask",None
2026-07-26 17:13:48,CCTV Stream,"Helmet, Safety Vest, Mask",None
2026-07-26 17:13:48,CCTV Stream,"Helmet, Safety Vest, Mask",None
2026-07-26 17:13:48,CCTV Stream,"Helmet, Safety Vest, Mask",None
2026-07-26 17:13:48,CCTV Stream,"Helmet, Safety Vest, Mask",None
2026-07-26 17:13:48,CCTV Stream,"Helmet, Safety Vest, Mask",None
2026-07-26 17:13:49,CCTV Stream,"Helmet, Safety Vest, Mask",None
2026-07-26 17:13:49,CCTV Stream,"Helmet, Safety Vest, Mask",None
2026-07-26 17:13:49,CCTV Stream,"Helmet, Safety Vest, Mask",None
2026-07-26 17:13:49,CCTV Stream,"Helmet, Safety Vest, Mask",None
2026-07-26 17:13:49,CCTV Stream,"Helmet, Safety Vest, Mask",None
2026-07-26 17:13:49,CCTV Stream,"Helmet, Safety Vest, Mask",None
2026-07-26 17:13:49,CCTV Stream,"Helmet, Safety Vest, Mask",None
2026-07-26 17:13:49,CCTV Stream,"Helmet, Safety Vest, Mask",None
2026-07-26 17:13:49,CCTV Stream,"Helmet, Safety Vest, Mask",None
2026-07-26 17:13:49,CCTV Stream,"Helmet, Safety Vest, Mask",None
2026-07-26 17:13:49,CCTV Stream,"Helmet, Safety Vest, Mask",None
2026-07-26 17:13:49,CCTV Stream,"Helmet, Safety Vest, Mask",None
2026-07-26 17:13:49,CCTV Stream,"Helmet, Safety Vest, Mask",None
2026-07-26 17:13:49,CCTV Stream,"Helmet, Safety Vest, Mask",None
2026-07-26 17:13:50,CCTV Stream,"Helmet, Safety Vest, Mask",None
2026-07-26 17:13:50,CCTV Stream,"Helmet, Safety Vest, Mask",None
2026-07-26 17:13:50,CCTV Stream,"Helmet, Safety Vest, Mask",None
2026-07-26 17:13:50,CCTV Stream,"Helmet, Safety Vest, Mask",None
2026-07-26 17:13:50,CCTV Stream,"Helmet, Safety Vest, Mask",None
2026-07-26 17:13:50,CCTV Stream,"Helmet, Safety Vest, Mask",None
2026-07-26 17:13:50,CCTV Stream,"Helmet, Safety Vest, Mask",None
2026-07-26 17:13:50,CCTV Stream,"Helmet, Safety Vest, Mask",None
2026-07-26 17:13:50,CCTV Stream,"Helmet, Safety Vest, Mask",None
2026-07-26 17:13:50,CCTV Stream,"Helmet, Safety Vest, Mask",None
2026-07-26 17:13:50,CCTV Stream,"Helmet, Safety Vest, Mask",None
2026-07-26 17:13:50,CCTV Stream,"Helmet, Safety Vest, Mask",None
2026-07-26 17:13:50,CCTV Stream,"Helmet, Safety Vest, Mask",None
2026-07-26 17:13:50,CCTV Stream,"Helmet, Safety Vest, Mask",None
2026-07-26 17:13:50,CCTV Stream,"Helmet, Safety Vest, Mask",None
2026-07-26 17:13:51,CCTV Stream,"Helmet, Safety Vest, Mask",None
2026-07-26 17:13:51,CCTV Stream,"Helmet, Safety Vest, Mask",None
2026-07-26 17:13:51,CCTV Stream,"Helmet, Safety Vest, Mask",None
2026-07-26 17:13:51,CCTV Stream,"Helmet, Safety Vest, Mask",None
2026-07-26 17:13:51,CCTV Stream,"Helmet, Safety Vest, Mask",None
2026-07-26 17:13:51,CCTV Stream,"Helmet, Safety Vest, Mask",None
2026-07-26 17:13:51,CCTV Stream,"Helmet, Safety Vest, Mask",None
2026-07-26 17:13:51,CCTV Stream,"Helmet, Safety Vest, Mask",None
2026-07-26 17:13:51,CCTV Stream,"Helmet, Safety Vest, Mask",None
2026-07-26 17:13:51,CCTV Stream,"Helmet, Safety Vest, Mask",None
2026-07-26 17:13:51,CCTV Stream,"Helmet, Safety Vest, Mask",None
2026-07-26 17:13:51,CCTV Stream,"Helmet, Safety Vest, Mask",None
2026-07-26 17:13:51,CCTV Stream,"Helmet, Safety Vest, Mask",None
2026-07-26 17:13:51,CCTV Stream,"Helmet, Safety Vest, Mask",None
2026-07-26 17:13:51,CCTV Stream,"Helmet, Safety Vest, Mask",None
2026-07-26 17:13:52,CCTV Stream,"Helmet, Safety Vest, Mask",None
2026-07-26 17:13:52,CCTV Stream,"Helmet, Safety Vest, Mask",None
2026-07-26 17:13:52,CCTV Stream,"Helmet, Safety Vest, Mask",None
2026-07-26 17:13:52,CCTV Stream,"Helmet, Safety Vest, Mask",None
2026-07-26 17:13:52,CCTV Stream,"Helmet, Safety Vest, Mask",None
2026-07-26 17:13:52,CCTV Stream,"Helmet, Safety Vest, Mask",None
2026-07-26 17:13:52,CCTV Stream,"Helmet, Safety Vest, Mask",None
2026-07-26 17:13:52,CCTV Stream,"Helmet, Safety Vest, Mask",None
2026-07-26 17:13:52,CCTV Stream,"Helmet, Safety Vest, Mask",None
2026-07-26 17:13:52,CCTV Stream,"Helmet, Safety Vest, Mask",None
2026-07-26 17:13:52,CCTV Stream,"Helmet, Safety Vest, Mask",None
2026-07-26 17:13:52,CCTV Stream,"Helmet, Safety Vest, Mask",None
2026-07-26 17:13:52,CCTV Stream,"Helmet, Safety Vest, Mask",None
2026-07-26 17:13:52,CCTV Stream,"Helmet, Safety Vest, Mask",None
2026-07-26 17:13:52,CCTV Stream,"Helmet, Safety Vest, Mask",None
2026-07-26 17:13:53,CCTV Stream,"Helmet, Safety Vest, Mask",None
2026-07-26 17:13:53,CCTV Stream,"Helmet, Safety Vest, Mask",None
2026-07-26 17:13:53,CCTV Stream,"Helmet, Safety Vest, Mask",None
2026-07-26 17:13:53,CCTV Stream,"Helmet, Safety Vest, Mask",None
2026-07-26 17:13:53,CCTV Stream,"Helmet, Safety Vest, Mask",None
2026-07-26 17:13:53,CCTV Stream,"Helmet, Safety Vest, Mask",None
2026-07-26 17:13:53,CCTV Stream,"Helmet, Safety Vest, Mask",None
2026-07-26 17:13:53,CCTV Stream,"Helmet, Safety Vest, Mask",None
2026-07-26 17:13:53,CCTV Stream,"Helmet, Safety Vest, Mask",None
2026-07-26 17:13:53,CCTV Stream,"Helmet, Safety Vest, Mask",None
2026-07-26 17:13:53,CCTV Stream,"Helmet, Safety Vest, Mask",None
2026-07-26 17:13:53,CCTV Stream,"Helmet, Safety Vest, Mask",None
2026-07-26 17:13:53,CCTV Stream,"Helmet, Safety Vest, Mask",None
2026-07-26 17:13:54,CCTV Stream,"Helmet, Safety Vest, Mask",None
2026-07-26 17:13:54,CCTV Stream,"Helmet, Safety Vest, Mask",None
2026-07-26 17:13:54,CCTV Stream,"Helmet, Safety Vest, Mask",None
2026-07-26 17:13:54,CCTV Stream,"Helmet, Safety Vest, Mask",None
2026-07-26 17:13:54,CCTV Stream,"Helmet, Safety Vest, Mask",None
2026-07-26 17:13:54,CCTV Stream,"Helmet, Safety Vest, Mask",None
2026-07-26 17:13:54,CCTV Stream,"Helmet, Safety Vest, Mask",None
2026-07-26 17:13:54,CCTV Stream,"Helmet, Safety Vest, Mask",None
2026-07-26 17:13:54,CCTV Stream,"Helmet, Safety Vest, Mask",None
2026-07-26 17:13:54,CCTV Stream,"Helmet, Safety Vest, Mask",None
2026-07-26 17:13:54,CCTV Stream,"Helmet, Safety Vest, Mask",None
2026-07-26 17:13:54,CCTV Stream,"Helmet, Safety Vest, Mask",None
2026-07-26 17:13:55,CCTV Stream,"Helmet, Safety Vest, Mask",None
2026-07-26 17:13:55,CCTV Stream,"Helmet, Safety Vest, Mask",None
2026-07-26 17:13:55,CCTV Stream,"Helmet, Safety Vest, Mask",None
2026-07-26 17:13:55,CCTV Stream,"Helmet, Safety Vest, Mask",None
2026-07-26 17:13:55,CCTV Stream,"Helmet, Safety Vest, Mask",None
2026-07-26 17:13:55,CCTV Stream,"Helmet, Safety Vest, Mask",None
2026-07-26 17:13:55,CCTV Stream,"Helmet, Safety Vest, Mask",None
2026-07-26 17:13:55,CCTV Stream,"Helmet, Safety Vest, Mask",None
2026-07-26 17:13:55,CCTV Stream,"Helmet, Safety Vest, Mask",None
2026-07-26 17:13:55,CCTV Stream,"Helmet, Safety Vest, Mask",None
2026-07-26 17:13:55,CCTV Stream,"Helmet, Safety Vest, Mask",None
2026-07-26 17:13:55,CCTV Stream,"Helmet, Safety Vest, Mask",None
2026-07-26 17:13:55,CCTV Stream,"Helmet, Safety Vest, Mask",None
2026-07-26 17:13:56,CCTV Stream,"Helmet, Safety Vest, Mask",None
2026-07-26 17:13:56,CCTV Stream,"Helmet, Safety Vest, Mask",None
2026-07-26 17:13:56,CCTV Stream,"Helmet, Safety Vest, Mask",None
2026-07-26 17:13:56,CCTV Stream,"Helmet, Safety Vest, Mask",None
2026-07-26 17:13:56,CCTV Stream,"Helmet, Safety Vest, Mask",None
2026-07-26 17:13:56,CCTV Stream,"Helmet, Safety Vest, Mask",None
2026-07-26 17:13:56,CCTV Stream,"Helmet, Safety Vest, Mask",None
2026-07-26 17:13:56,CCTV Stream,"Helmet, Safety Vest, Mask",None
2026-07-26 17:13:56,CCTV Stream,"Helmet, Safety Vest, Mask",None
2026-07-26 17:13:56,CCTV Stream,"Helmet, Safety Vest, Mask",None
2026-07-26 17:13:56,CCTV Stream,"Helmet, Safety Vest, Mask",None
2026-07-26 17:13:56,CCTV Stream,"Helmet, Safety Vest, Mask",None
2026-07-26 17:13:56,CCTV Stream,"Helmet, Safety Vest, Mask",None
2026-07-26 17:13:56,CCTV Stream,"Helmet, Safety Vest, Mask",None
2026-07-26 17:13:56,CCTV Stream,"Helmet, Safety Vest, Mask",None
2026-07-26 17:13:57,CCTV Stream,"Helmet, Safety Vest, Mask",None
2026-07-26 17:13:57,CCTV Stream,"Helmet, Safety Vest, Mask",None
2026-07-26 17:13:57,CCTV Stream,"Helmet, Safety Vest, Mask",None
2026-07-26 17:13:57,CCTV Stream,"Helmet, Safety Vest, Mask",None
2026-07-26 17:13:57,CCTV Stream,"Helmet, Safety Vest, Mask",None
2026-07-26 17:13:57,CCTV Stream,"Helmet, Safety Vest, Mask",None
2026-07-26 17:13:57,CCTV Stream,"Helmet, Safety Vest, Mask",None
2026-07-26 17:13:57,CCTV Stream,"Helmet, Safety Vest, Mask",None
2026-07-26 17:13:57,CCTV Stream,"Helmet, Safety Vest, Mask",None
2026-07-26 17:13:57,CCTV Stream,"Helmet, Safety Vest, Mask",None
2026-07-26 17:13:57,CCTV Stream,"Helmet, Safety Vest, Mask",None
2026-07-26 17:13:57,CCTV Stream,"Helmet, Safety Vest, Mask",None
2026-07-26 17:13:57,CCTV Stream,"Helmet, Safety Vest, Mask",None
2026-07-26 17:13:57,CCTV Stream,"Helmet, Safety Vest, Mask",None
2026-07-26 17:13:58,CCTV Stream,"Helmet, Safety Vest, Mask",None
2026-07-26 17:13:58,CCTV Stream,"Helmet, Safety Vest, Mask",None
2026-07-26 17:13:58,CCTV Stream,"Helmet, Safety Vest, Mask",None
2026-07-26 17:13:58,CCTV Stream,"Helmet, Safety Vest, Mask",None
2026-07-26 17:13:58,CCTV Stream,"Helmet, Safety Vest, Mask",None
2026-07-26 17:13:58,CCTV Stream,"Helmet, Safety Vest, Mask",None
2026-07-26 17:13:58,CCTV Stream,"Helmet, Safety Vest, Mask",None
2026-07-26 17:13:58,CCTV Stream,"Helmet, Safety Vest, Mask",None
2026-07-26 17:13:58,CCTV Stream,"Helmet, Safety Vest, Mask",None
2026-07-26 17:13:58,CCTV Stream,"Helmet, Safety Vest, Mask",None
2026-07-26 17:13:58,CCTV Stream,"Helmet, Safety Vest, Mask",None
2026-07-26 17:13:58,CCTV Stream,"Helmet, Safety Vest, Mask",None
2026-07-26 17:13:58,CCTV Stream,"Helmet, Safety Vest, Mask",None
2026-07-26 17:13:58,CCTV Stream,"Helmet, Safety Vest, Mask",None
2026-07-26 17:13:58,CCTV Stream,"Helmet, Safety Vest, Mask",None
2026-07-26 17:13:59,CCTV Stream,"Helmet, Safety Vest, Mask",None
2026-07-26 17:13:59,CCTV Stream,"Helmet, Safety Vest, Mask",None
2026-07-26 17:13:59,CCTV Stream,"Helmet, Safety Vest, Mask",None
2026-07-26 17:13:59,CCTV Stream,"Helmet, Safety Vest, Mask",None
2026-07-26 17:13:59,CCTV Stream,"Helmet, Safety Vest, Mask",None
2026-07-26 17:13:59,CCTV Stream,"Helmet, Safety Vest, Mask",None
2026-07-26 17:13:59,CCTV Stream,"Helmet, Safety Vest, Mask",None
2026-07-26 17:13:59,CCTV Stream,"Helmet, Safety Vest, Mask",None
2026-07-26 17:13:59,CCTV Stream,"Helmet, Safety Vest, Mask",None
2026-07-26 17:13:59,CCTV Stream,"Helmet, Safety Vest, Mask",None
2026-07-26 17:13:59,CCTV Stream,"Helmet, Safety Vest, Mask",None
2026-07-26 17:13:59,CCTV Stream,"Helmet, Safety Vest, Mask",None
2026-07-26 17:13:59,CCTV Stream,"Helmet, Safety Vest, Mask",None
2026-07-26 17:14:00,CCTV Stream,"Helmet, Safety Vest, Mask",None
2026-07-26 17:14:00,CCTV Stream,"Helmet, Safety Vest, Mask",None
2026-07-26 17:14:00,CCTV Stream,"Helmet, Safety Vest, Mask",None
2026-07-26 17:14:00,CCTV Stream,"Helmet, Safety Vest, Mask",None
2026-07-26 17:14:00,CCTV Stream,"Helmet, Safety Vest, Mask",None
2026-07-26 17:14:00,CCTV Stream,"Helmet, Safety Vest, Mask",None
2026-07-26 17:14:00,CCTV Stream,"Helmet, Safety Vest, Mask",None
2026-07-26 17:14:00,CCTV Stream,"Helmet, Safety Vest, Mask",None
2026-07-26 17:14:00,CCTV Stream,"Helmet, Safety Vest, Mask",None
2026-07-26 17:14:00,CCTV Stream,"Helmet, Safety Vest, Mask",None
2026-07-26 17:14:00,CCTV Stream,"Helmet, Safety Vest, Mask",None
2026-07-26 17:14:00,CCTV Stream,"Helmet, Safety Vest, Mask",None
2026-07-26 17:14:00,CCTV Stream,"Helmet, Safety Vest, Mask",None
2026-07-26 17:14:00,CCTV Stream,"Helmet, Safety Vest, Mask",None
2026-07-26 17:14:01,CCTV Stream,"Helmet, Safety Vest, Mask",None
2026-07-26 17:14:01,CCTV Stream,"Helmet, Safety Vest, Mask",None
2026-07-26 17:14:01,CCTV Stream,"Helmet, Safety Vest, Mask",None
2026-07-26 17:14:01,CCTV Stream,"Helmet, Safety Vest, Mask",None
2026-07-26 17:14:01,CCTV Stream,"Helmet, Safety Vest, Mask",None
2026-07-26 17:14:01,CCTV Stream,"Helmet, Safety Vest, Mask",None
2026-07-26 17:14:01,CCTV Stream,"Helmet, Safety Vest, Mask",None
2026-07-26 17:14:01,CCTV Stream,"Helmet, Safety Vest, Mask",None
2026-07-26 17:14:01,CCTV Stream,"Helmet, Safety Vest, Mask",None
2026-07-26 17:14:01,CCTV Stream,"Helmet, Safety Vest, Mask",None
2026-07-26 17:14:01,CCTV Stream,"Helmet, Safety Vest, Mask",None
2026-07-26 17:14:01,CCTV Stream,"Helmet, Safety Vest, Mask",None
2026-07-26 17:14:01,CCTV Stream,"Helmet, Safety Vest, Mask",None
2026-07-26 17:14:02,CCTV Stream,"Helmet, Safety Vest, Mask",None
2026-07-26 17:14:02,CCTV Stream,"Helmet, Safety Vest, Mask",None
2026-07-26 17:14:02,CCTV Stream,"Helmet, Safety Vest, Mask",None
2026-07-26 17:14:02,CCTV Stream,"Helmet, Safety Vest, Mask",None
2026-07-26 17:14:02,CCTV Stream,"Helmet, Safety Vest, Mask",None
2026-07-26 17:14:02,CCTV Stream,"Helmet, Safety Vest, Mask",None
2026-07-26 17:14:02,CCTV Stream,"Helmet, Safety Vest, Mask",None
2026-07-26 17:14:02,CCTV Stream,"Helmet, Safety Vest, Mask",None
2026-07-26 17:14:02,CCTV Stream,"Helmet, Safety Vest, Mask",None
2026-07-26 17:14:03,CCTV Stream,"Helmet, Safety Vest, Mask",None
2026-07-26 17:14:03,CCTV Stream,"Helmet, Safety Vest, Mask",None
2026-07-26 17:14:03,CCTV Stream,"Helmet, Safety Vest, Mask",None
2026-07-26 17:14:03,CCTV Stream,"Helmet, Safety Vest, Mask",None
2026-07-26 17:14:03,CCTV Stream,"Helmet, Safety Vest, Mask",None
2026-07-26 17:14:03,CCTV Stream,"Helmet, Safety Vest, Mask",None
2026-07-26 17:14:03,CCTV Stream,"Helmet, Safety Vest, Mask",None
2026-07-26 17:14:03,CCTV Stream,"Helmet, Safety Vest, Mask",None
2026-07-26 17:14:03,CCTV Stream,"Helmet, Safety Vest, Mask",None
2026-07-26 17:14:03,CCTV Stream,"Helmet, Safety Vest, Mask",None
2026-07-26 17:14:03,CCTV Stream,"Helmet, Safety Vest, Mask",None
2026-07-26 17:14:04,CCTV Stream,"Helmet, Safety Vest, Mask",None
2026-07-26 17:14:04,CCTV Stream,"Helmet, Safety Vest, Mask",None
2026-07-26 17:14:04,CCTV Stream,"Helmet, Safety Vest, Mask",None
2026-07-26 17:14:04,CCTV Stream,"Helmet, Safety Vest, Mask",None
2026-07-26 17:14:04,CCTV Stream,"Helmet, Safety Vest, Mask",None
2026-07-26 17:14:04,CCTV Stream,"Helmet, Safety Vest, Mask",None
2026-07-26 17:14:04,CCTV Stream,"Helmet, Safety Vest, Mask",None
2026-07-26 17:14:04,CCTV Stream,"Helmet, Safety Vest, Mask",None
2026-07-26 17:14:04,CCTV Stream,"Helmet, Safety Vest, Mask",None
2026-07-26 17:14:04,CCTV Stream,"Helmet, Safety Vest, Mask",None
2026-07-26 17:14:05,CCTV Stream,"Helmet, Safety Vest, Mask",None
2026-07-26 17:14:05,CCTV Stream,"Helmet, Safety Vest, Mask",None
2026-07-26 17:14:05,CCTV Stream,"Helmet, Safety Vest, Mask",None
2026-07-26 17:14:05,CCTV Stream,"Helmet, Safety Vest, Mask",None
2026-07-26 17:14:05,CCTV Stream,"Helmet, Safety Vest, Mask",None
2026-07-26 17:14:05,CCTV Stream,"Helmet, Safety Vest, Mask",None
2026-07-26 17:14:05,CCTV Stream,"Helmet, Safety Vest, Mask",None
2026-07-26 17:14:05,CCTV Stream,"Helmet, Safety Vest, Mask",None
2026-07-26 17:14:05,CCTV Stream,"Helmet, Safety Vest, Mask",None
2026-07-26 17:14:05,CCTV Stream,"Helmet, Safety Vest, Mask",None
2026-07-26 17:14:06,CCTV Stream,"Helmet, Safety Vest, Mask",None
2026-07-26 17:14:06,CCTV Stream,"Helmet, Safety Vest, Mask",None
2026-07-26 17:14:06,CCTV Stream,"Helmet, Safety Vest, Mask",None
2026-07-26 17:14:06,CCTV Stream,"Helmet, Safety Vest, Mask",None
2026-07-26 17:14:06,CCTV Stream,"Helmet, Safety Vest, Mask",None
2026-07-26 17:14:06,CCTV Stream,"Helmet, Safety Vest, Mask",None
2026-07-26 17:14:06,CCTV Stream,"Helmet, Safety Vest, Mask",None
2026-07-26 17:14:06,CCTV Stream,"Helmet, Safety Vest, Mask",None
2026-07-26 17:14:06,CCTV Stream,"Helmet, Safety Vest, Mask",None
2026-07-26 17:14:06,CCTV Stream,"Helmet, Safety Vest, Mask",None
2026-07-26 17:14:06,CCTV Stream,"Helmet, Safety Vest, Mask",None
2026-07-26 17:14:06,CCTV Stream,"Helmet, Safety Vest, Mask",None
2026-07-26 17:14:07,CCTV Stream,"Helmet, Safety Vest, Mask",None
2026-07-26 17:14:07,CCTV Stream,"Helmet, Safety Vest, Mask",None
2026-07-26 17:14:07,CCTV Stream,"Helmet, Safety Vest, Mask",None
2026-07-26 17:14:07,CCTV Stream,"Helmet, Safety Vest, Mask",None
2026-07-26 17:14:07,CCTV Stream,"Helmet, Safety Vest, Mask",None
2026-07-26 17:14:07,CCTV Stream,"Helmet, Safety Vest, Mask",None
2026-07-26 17:14:07,CCTV Stream,"Helmet, Safety Vest, Mask",None
2026-07-26 17:14:07,CCTV Stream,"Helmet, Safety Vest, Mask",None
2026-07-26 17:14:07,CCTV Stream,"Helmet, Safety Vest, Mask",None
2026-07-26 17:14:08,CCTV Stream,"Helmet, Safety Vest, Mask",None
2026-07-26 17:14:08,CCTV Stream,"Helmet, Safety Vest, Mask",None
2026-07-26 17:14:08,CCTV Stream,"Helmet, Safety Vest, Mask",None
2026-07-26 17:14:08,CCTV Stream,"Helmet, Safety Vest, Mask",None
2026-07-26 17:14:08,CCTV Stream,"Helmet, Safety Vest, Mask",None
2026-07-26 17:14:08,CCTV Stream,"Helmet, Safety Vest, Mask",None
2026-07-26 17:14:08,CCTV Stream,"Helmet, Safety Vest, Mask",None
2026-07-26 17:14:08,CCTV Stream,"Helmet, Safety Vest, Mask",None
2026-07-26 17:14:08,CCTV Stream,"Helmet, Safety Vest, Mask",None
2026-07-26 17:14:08,CCTV Stream,"Helmet, Safety Vest, Mask",None
2026-07-26 17:14:09,CCTV Stream,"Helmet, Safety Vest, Mask",None
2026-07-26 17:14:09,CCTV Stream,"Helmet, Safety Vest, Mask",None
2026-07-26 17:14:09,CCTV Stream,"Helmet, Safety Vest, Mask",None
2026-07-26 17:14:09,CCTV Stream,"Helmet, Safety Vest, Mask",None
2026-07-26 17:14:09,CCTV Stream,"Helmet, Safety Vest, Mask",None
2026-07-26 17:14:09,CCTV Stream,"Helmet, Safety Vest, Mask",None
2026-07-26 17:14:09,CCTV Stream,"Helmet, Safety Vest, Mask",None
2026-07-26 17:14:09,CCTV Stream,"Helmet, Safety Vest, Mask",None
2026-07-26 17:14:09,CCTV Stream,"Helmet, Safety Vest, Mask",None
2026-07-26 17:14:09,CCTV Stream,"Helmet, Safety Vest, Mask",None
2026-07-26 17:14:09,CCTV Stream,"Helmet, Safety Vest, Mask",None
2026-07-26 17:14:09,CCTV Stream,"Helmet, Safety Vest, Mask",None
2026-07-26 17:14:10,CCTV Stream,"Helmet, Safety Vest, Mask",None
2026-07-26 17:14:10,CCTV Stream,"Helmet, Safety Vest, Mask",None
2026-07-26 17:14:10,CCTV Stream,"Helmet, Safety Vest, Mask",None
2026-07-26 17:14:10,CCTV Stream,"Helmet, Safety Vest, Mask",None
2026-07-26 17:14:10,CCTV Stream,"Helmet, Safety Vest, Mask",None
2026-07-26 17:14:10,CCTV Stream,"Helmet, Safety Vest, Mask",None
2026-07-26 17:14:10,CCTV Stream,"Helmet, Safety Vest, Mask",None
2026-07-26 17:14:10,CCTV Stream,"Helmet, Safety Vest, Mask",None
2026-07-26 17:14:10,CCTV Stream,"Helmet, Safety Vest, Mask",None
2026-07-26 17:14:10,CCTV Stream,"Helmet, Safety Vest, Mask",None
2026-07-26 17:14:10,CCTV Stream,"Helmet, Safety Vest, Mask",None
2026-07-26 17:14:10,CCTV Stream,"Helmet, Safety Vest, Mask",None
2026-07-26 17:14:10,CCTV Stream,"Helmet, Safety Vest, Mask",None
2026-07-26 17:14:10,CCTV Stream,"Helmet, Safety Vest, Mask",None
2026-07-26 17:14:11,CCTV Stream,"Helmet, Safety Vest, Mask",None
2026-07-26 17:14:11,CCTV Stream,"Helmet, Safety Vest, Mask",None
2026-07-26 17:14:11,CCTV Stream,"Helmet, Safety Vest, Mask",None
2026-07-26 17:14:11,CCTV Stream,"Helmet, Safety Vest, Mask",None
2026-07-26 17:14:11,CCTV Stream,"Helmet, Safety Vest, Mask",None
2026-07-26 17:14:11,CCTV Stream,"Helmet, Safety Vest, Mask",None
2026-07-26 17:14:11,CCTV Stream,"Helmet, Safety Vest, Mask",None
2026-07-26 17:14:11,CCTV Stream,"Helmet, Safety Vest, Mask",None
2026-07-26 17:14:11,CCTV Stream,"Helmet, Safety Vest, Mask",None
2026-07-26 17:14:11,CCTV Stream,"Helmet, Safety Vest, Mask",None
2026-07-26 17:14:11,CCTV Stream,"Helmet, Safety Vest, Mask",None
2026-07-26 17:14:11,CCTV Stream,"Helmet, Safety Vest, Mask",None
2026-07-26 17:14:11,CCTV Stream,"Helmet, Safety Vest, Mask",None
2026-07-26 17:14:12,CCTV Stream,"Helmet, Safety Vest, Mask",None
2026-07-26 17:14:12,CCTV Stream,"Helmet, Safety Vest, Mask",None
2026-07-26 17:14:12,CCTV Stream,"Helmet, Safety Vest, Mask",None
2026-07-26 17:14:12,CCTV Stream,"Helmet, Safety Vest, Mask",None
2026-07-26 17:14:12,CCTV Stream,"Helmet, Safety Vest, Mask",None
2026-07-26 17:14:12,CCTV Stream,"Helmet, Safety Vest, Mask",None
2026-07-26 17:14:12,CCTV Stream,"Helmet, Safety Vest, Mask",None
2026-07-26 17:14:12,CCTV Stream,"Helmet, Safety Vest, Mask",None
2026-07-26 17:14:12,CCTV Stream,"Helmet, Safety Vest, Mask",None
2026-07-26 17:14:12,CCTV Stream,"Helmet, Safety Vest, Mask",None
2026-07-26 17:14:12,CCTV Stream,"Helmet, Safety Vest, Mask",None
2026-07-26 17:14:12,CCTV Stream,"Helmet, Safety Vest, Mask",None
2026-07-26 17:14:12,CCTV Stream,"Helmet, Safety Vest, Mask",None
2026-07-26 17:14:13,CCTV Stream,"Helmet, Safety Vest, Mask",None
2026-07-26 17:14:13,CCTV Stream,"Helmet, Safety Vest, Mask",None
2026-07-26 17:14:13,CCTV Stream,"Helmet, Safety Vest, Mask",None
2026-07-26 17:14:13,CCTV Stream,"Helmet, Safety Vest, Mask",None
2026-07-26 17:14:13,CCTV Stream,"Helmet, Safety Vest, Mask",None
2026-07-26 17:14:13,CCTV Stream,"Helmet, Safety Vest, Mask",None
2026-07-26 17:14:13,CCTV Stream,"Helmet, Safety Vest, Mask",None
2026-07-26 17:14:13,CCTV Stream,"Helmet, Safety Vest, Mask",None
2026-07-26 17:14:13,CCTV Stream,"Helmet, Safety Vest, Mask",None
2026-07-26 17:14:13,CCTV Stream,"Helmet, Safety Vest, Mask",None
2026-07-26 17:14:13,CCTV Stream,"Helmet, Safety Vest, Mask",None
2026-07-26 17:14:13,CCTV Stream,"Helmet, Safety Vest, Mask",None
2026-07-26 17:14:14,CCTV Stream,"Helmet, Safety Vest, Mask",None
2026-07-26 17:14:14,CCTV Stream,"Helmet, Safety Vest, Mask",None
2026-07-26 17:14:14,CCTV Stream,"Helmet, Safety Vest, Mask",None
2026-07-26 17:14:14,CCTV Stream,"Helmet, Safety Vest, Mask",None
2026-07-26 17:14:14,CCTV Stream,"Helmet, Safety Vest, Mask",None
2026-07-26 17:14:14,CCTV Stream,"Helmet, Safety Vest, Mask",None
2026-07-26 17:14:14,CCTV Stream,"Helmet, Safety Vest, Mask",None
2026-07-26 17:14:14,CCTV Stream,"Helmet, Safety Vest, Mask",None
2026-07-26 17:14:14,CCTV Stream,"Helmet, Safety Vest, Mask",None
2026-07-26 17:14:14,CCTV Stream,"Helmet, Safety Vest, Mask",None
2026-07-26 17:14:15,CCTV Stream,"Helmet, Safety Vest, Mask",None
2026-07-26 17:14:15,CCTV Stream,"Helmet, Safety Vest, Mask",None
2026-07-26 17:14:15,CCTV Stream,"Helmet, Safety Vest, Mask",None
2026-07-26 17:14:15,CCTV Stream,"Helmet, Safety Vest, Mask",None
2026-07-26 17:14:15,CCTV Stream,"Helmet, Safety Vest, Mask",None
2026-07-26 17:14:15,CCTV Stream,"Helmet, Safety Vest, Mask",None
2026-07-26 17:14:15,CCTV Stream,"Helmet, Safety Vest, Mask",None
2026-07-26 17:14:15,CCTV Stream,"Helmet, Safety Vest, Mask",None
2026-07-26 17:14:15,CCTV Stream,"Helmet, Safety Vest, Mask",None
2026-07-26 17:14:15,CCTV Stream,"Helmet, Safety Vest, Mask",None
2026-07-26 17:14:15,CCTV Stream,"Helmet, Safety Vest, Mask",None
2026-07-26 17:14:15,CCTV Stream,"Helmet, Safety Vest, Mask",None
2026-07-26 17:14:15,CCTV Stream,"Helmet, Safety Vest, Mask",None
2026-07-26 17:14:15,CCTV Stream,"Helmet, Safety Vest, Mask",None
2026-07-26 17:14:16,CCTV Stream,"Helmet, Safety Vest, Mask",None
2026-07-26 17:14:16,CCTV Stream,"Helmet, Safety Vest, Mask",None
2026-07-26 17:14:16,CCTV Stream,"Helmet, Safety Vest, Mask",None
2026-07-26 17:14:16,CCTV Stream,"Helmet, Safety Vest, Mask",None
2026-07-26 17:14:16,CCTV Stream,"Helmet, Safety Vest, Mask",None
2026-07-26 17:14:16,CCTV Stream,"Helmet, Safety Vest, Mask",None
2026-07-26 17:14:16,CCTV Stream,"Helmet, Safety Vest, Mask",None
2026-07-26 17:14:16,CCTV Stream,"Helmet, Safety Vest, Mask",None
2026-07-26 17:14:16,CCTV Stream,"Helmet, Safety Vest, Mask",None
2026-07-26 17:14:16,CCTV Stream,"Helmet, Safety Vest, Mask",None
2026-07-26 17:14:16,CCTV Stream,"Helmet, Safety Vest, Mask",None
2026-07-26 17:14:16,CCTV Stream,"Helmet, Safety Vest, Mask",None
2026-07-26 17:14:16,CCTV Stream,"Helmet, Safety Vest, Mask",None
2026-07-26 17:14:17,CCTV Stream,"Helmet, Safety Vest, Mask",None
2026-07-26 17:14:17,CCTV Stream,"Helmet, Safety Vest, Mask",None
2026-07-26 17:14:17,CCTV Stream,"Helmet, Safety Vest, Mask",None
2026-07-26 17:14:17,CCTV Stream,"Helmet, Safety Vest, Mask",None
2026-07-26 17:14:17,CCTV Stream,"Helmet, Safety Vest, Mask",None
2026-07-26 17:14:17,CCTV Stream,"Helmet, Safety Vest, Mask",None
2026-07-26 17:14:17,CCTV Stream,"Helmet, Safety Vest, Mask",None
2026-07-26 17:14:17,CCTV Stream,"Helmet, Safety Vest, Mask",None
2026-07-26 17:14:17,CCTV Stream,"Helmet, Safety Vest, Mask",None
2026-07-26 17:14:17,CCTV Stream,"Helmet, Safety Vest, Mask",None
2026-07-26 17:14:17,CCTV Stream,"Helmet, Safety Vest, Mask",None
2026-07-26 17:14:17,CCTV Stream,"Helmet, Safety Vest, Mask",None
2026-07-26 17:14:17,CCTV Stream,"Helmet, Safety Vest, Mask",None
2026-07-26 17:14:17,CCTV Stream,"Helmet, Safety Vest, Mask",None
2026-07-26 17:14:18,CCTV Stream,"Helmet, Safety Vest, Mask",None
2026-07-26 17:14:18,CCTV Stream,"Helmet, Safety Vest, Mask",None
2026-07-26 17:14:18,CCTV Stream,"Helmet, Safety Vest, Mask",None
2026-07-26 17:14:18,CCTV Stream,"Helmet, Safety Vest, Mask",None
2026-07-26 17:14:18,CCTV Stream,"Helmet, Safety Vest, Mask",None
2026-07-26 17:14:18,CCTV Stream,"Helmet, Safety Vest, Mask",None
2026-07-26 17:14:18,CCTV Stream,"Helmet, Safety Vest, Mask",None
2026-07-26 17:14:18,CCTV Stream,"Helmet, Safety Vest, Mask",None
2026-07-26 17:14:18,CCTV Stream,"Helmet, Safety Vest, Mask",None
2026-07-26 17:14:18,CCTV Stream,"Helmet, Safety Vest, Mask",None
2026-07-26 17:14:18,CCTV Stream,"Helmet, Safety Vest, Mask",None
2026-07-26 17:14:18,CCTV Stream,"Helmet, Safety Vest, Mask",None
2026-07-26 17:14:18,CCTV Stream,"Helmet, Safety Vest, Mask",None
2026-07-26 17:14:18,CCTV Stream,"Helmet, Safety Vest, Mask",None
2026-07-26 17:14:18,CCTV Stream,"Helmet, Safety Vest, Mask",None
2026-07-26 17:14:19,CCTV Stream,"Helmet, Safety Vest, Mask",None
2026-07-26 17:14:19,CCTV Stream,"Helmet, Safety Vest, Mask",None
2026-07-26 17:14:19,CCTV Stream,"Helmet, Safety Vest, Mask",None
2026-07-26 17:14:19,CCTV Stream,"Helmet, Safety Vest, Mask",None
2026-07-26 17:14:19,CCTV Stream,"Helmet, Safety Vest, Mask",None
2026-07-26 17:14:19,CCTV Stream,"Helmet, Safety Vest, Mask",None
2026-07-26 17:14:19,CCTV Stream,"Helmet, Safety Vest, Mask",None
2026-07-26 17:14:19,CCTV Stream,"Helmet, Safety Vest, Mask",None
2026-07-26 17:14:19,CCTV Stream,"Helmet, Safety Vest, Mask",None
2026-07-26 17:14:19,CCTV Stream,"Helmet, Safety Vest, Mask",None
2026-07-26 17:14:19,CCTV Stream,"Helmet, Safety Vest, Mask",None
2026-07-26 17:14:19,CCTV Stream,"Helmet, Safety Vest, Mask",None
2026-07-26 17:14:19,CCTV Stream,"Helmet, Safety Vest, Mask",None
2026-07-26 17:14:19,CCTV Stream,"Helmet, Safety Vest, Mask",None
2026-07-26 17:14:19,CCTV Stream,"Helmet, Safety Vest, Mask",None
2026-07-26 17:14:20,CCTV Stream,"Helmet, Safety Vest, Mask",None
2026-07-26 17:14:20,CCTV Stream,"Helmet, Safety Vest, Mask",None
2026-07-26 17:14:20,CCTV Stream,"Helmet, Safety Vest, Mask",None
2026-07-26 17:14:20,CCTV Stream,"Helmet, Safety Vest, Mask",None
2026-07-26 17:14:20,CCTV Stream,"Helmet, Safety Vest, Mask",None
2026-07-26 17:14:20,CCTV Stream,"Helmet, Safety Vest, Mask",None
2026-07-26 17:14:20,CCTV Stream,"Helmet, Safety Vest, Mask",None
2026-07-26 17:14:20,CCTV Stream,"Helmet, Safety Vest, Mask",None
2026-07-26 17:14:20,CCTV Stream,"Helmet, Safety Vest, Mask",None
2026-07-26 17:14:20,CCTV Stream,"Helmet, Safety Vest, Mask",None
2026-07-26 17:14:20,CCTV Stream,"Helmet, Safety Vest, Mask",None
2026-07-26 17:14:20,CCTV Stream,"Helmet, Safety Vest, Mask",None
2026-07-26 17:14:20,CCTV Stream,"Helmet, Safety Vest, Mask",None
2026-07-26 17:14:20,CCTV Stream,"Helmet, Safety Vest, Mask",None
2026-07-26 17:14:20,CCTV Stream,"Helmet, Safety Vest, Mask",None
2026-07-26 17:14:21,CCTV Stream,"Helmet, Safety Vest, Mask",None
2026-07-26 17:14:21,CCTV Stream,"Helmet, Safety Vest, Mask",None
2026-07-26 17:14:21,CCTV Stream,"Helmet, Safety Vest, Mask",None
2026-07-26 17:14:21,CCTV Stream,"Helmet, Safety Vest, Mask",None
2026-07-26 17:14:21,CCTV Stream,"Helmet, Safety Vest, Mask",None
2026-07-26 17:14:21,CCTV Stream,"Helmet, Safety Vest, Mask",None
2026-07-26 17:14:21,CCTV Stream,"Helmet, Safety Vest, Mask",None
2026-07-26 17:14:21,CCTV Stream,"Helmet, Safety Vest, Mask",None
2026-07-26 17:14:21,CCTV Stream,"Helmet, Safety Vest, Mask",None
2026-07-26 17:14:21,CCTV Stream,"Helmet, Safety Vest, Mask",None
2026-07-26 17:14:21,CCTV Stream,"Helmet, Safety Vest, Mask",None
2026-07-26 17:14:21,CCTV Stream,"Helmet, Safety Vest, Mask",None
2026-07-26 17:14:21,CCTV Stream,"Helmet, Safety Vest, Mask",None
2026-07-26 17:14:22,CCTV Stream,"Helmet, Safety Vest, Mask",None
2026-07-26 17:14:22,CCTV Stream,"Helmet, Safety Vest, Mask",None
2026-07-26 17:14:22,CCTV Stream,"Helmet, Safety Vest, Mask",None
2026-07-26 17:14:22,CCTV Stream,"Helmet, Safety Vest, Mask",None
2026-07-26 17:14:22,CCTV Stream,"Helmet, Safety Vest, Mask",None
2026-07-26 17:14:22,CCTV Stream,"Helmet, Safety Vest, Mask",None
2026-07-26 17:14:22,CCTV Stream,"Helmet, Safety Vest, Mask",None
2026-07-26 17:14:22,CCTV Stream,"Helmet, Safety Vest, Mask",None
2026-07-26 17:14:22,CCTV Stream,"Helmet, Safety Vest, Mask",None
2026-07-26 17:14:22,CCTV Stream,"Helmet, Safety Vest, Mask",None
2026-07-26 17:14:22,CCTV Stream,"Helmet, Safety Vest, Mask",None
2026-07-26 17:14:22,CCTV Stream,"Helmet, Safety Vest, Mask",None
2026-07-26 17:14:22,CCTV Stream,"Helmet, Safety Vest, Mask",None
2026-07-26 17:14:22,CCTV Stream,"Helmet, Safety Vest, Mask",None
2026-07-26 17:14:22,CCTV Stream,"Helmet, Safety Vest, Mask",None
2026-07-26 17:14:23,CCTV Stream,"Helmet, Safety Vest, Mask",None
2026-07-26 17:14:23,CCTV Stream,"Helmet, Safety Vest, Mask",None
2026-07-26 17:14:23,CCTV Stream,"Helmet, Safety Vest, Mask",None
2026-07-26 17:14:23,CCTV Stream,"Helmet, Safety Vest, Mask",None
2026-07-26 17:14:23,CCTV Stream,"Helmet, Safety Vest, Mask",None
2026-07-26 17:14:23,CCTV Stream,"Helmet, Safety Vest, Mask",None
2026-07-26 17:14:23,CCTV Stream,"Helmet, Safety Vest, Mask",None
2026-07-26 17:14:23,CCTV Stream,"Helmet, Safety Vest, Mask",None
2026-07-26 17:14:23,CCTV Stream,"Helmet, Safety Vest, Mask",None
2026-07-26 17:14:23,CCTV Stream,"Helmet, Safety Vest, Mask",None
2026-07-26 17:14:23,CCTV Stream,"Helmet, Safety Vest, Mask",None
2026-07-26 17:14:23,CCTV Stream,"Helmet, Safety Vest, Mask",None
2026-07-26 17:14:23,CCTV Stream,"Helmet, Safety Vest, Mask",None
2026-07-26 17:14:23,CCTV Stream,"Helmet, Safety Vest, Mask",None
2026-07-26 17:14:23,CCTV Stream,"Helmet, Safety Vest, Mask",None
2026-07-26 17:14:24,CCTV Stream,"Helmet, Safety Vest, Mask",None
2026-07-26 17:14:24,CCTV Stream,"Helmet, Safety Vest, Mask",None
2026-07-26 17:14:24,CCTV Stream,"Helmet, Safety Vest, Mask",None
2026-07-26 17:14:24,CCTV Stream,"Helmet, Safety Vest, Mask",None
2026-07-26 17:14:24,CCTV Stream,"Helmet, Safety Vest, Mask",None
2026-07-26 17:14:24,CCTV Stream,"Helmet, Safety Vest, Mask",None
2026-07-26 17:14:24,CCTV Stream,"Helmet, Safety Vest, Mask",None
2026-07-26 17:14:24,CCTV Stream,"Helmet, Safety Vest, Mask",None
2026-07-26 17:14:24,CCTV Stream,"Helmet, Safety Vest, Mask",None
2026-07-26 17:14:24,CCTV Stream,"Helmet, Safety Vest, Mask",None
2026-07-26 17:14:24,CCTV Stream,"Helmet, Safety Vest, Mask",None
2026-07-26 17:14:24,CCTV Stream,"Helmet, Safety Vest, Mask",None
2026-07-26 17:14:24,CCTV Stream,"Helmet, Safety Vest, Mask",None
2026-07-26 17:14:24,CCTV Stream,"Helmet, Safety Vest, Mask",None
2026-07-26 17:14:24,CCTV Stream,"Helmet, Safety Vest, Mask",None
2026-07-26 17:14:24,CCTV Stream,"Helmet, Safety Vest, Mask",None
2026-07-26 17:14:24,CCTV Stream,"Helmet, Safety Vest, Mask",None
2026-07-26 17:14:25,CCTV Stream,"Helmet, Safety Vest, Mask",None
2026-07-26 17:14:25,CCTV Stream,"Helmet, Safety Vest, Mask",None
2026-07-26 17:14:25,CCTV Stream,"Helmet, Safety Vest, Mask",None
2026-07-26 17:14:25,CCTV Stream,"Helmet, Safety Vest, Mask",None
2026-07-26 17:14:25,CCTV Stream,"Helmet, Safety Vest, Mask",None
2026-07-26 17:14:25,CCTV Stream,"Helmet, Safety Vest, Mask",None
2026-07-26 17:14:25,CCTV Stream,"Helmet, Safety Vest, Mask",None
2026-07-26 17:14:25,CCTV Stream,"Helmet, Safety Vest, Mask",None
2026-07-26 17:14:25,CCTV Stream,"Helmet, Safety Vest, Mask",None
2026-07-26 17:14:25,CCTV Stream,"Helmet, Safety Vest, Mask",None
2026-07-26 17:14:25,CCTV Stream,"Helmet, Safety Vest, Mask",None
2026-07-26 17:14:25,CCTV Stream,"Helmet, Safety Vest, Mask",None
2026-07-26 17:14:25,CCTV Stream,"Helmet, Safety Vest, Mask",None
2026-07-26 17:14:25,CCTV Stream,"Helmet, Safety Vest, Mask",None
2026-07-26 17:14:25,CCTV Stream,"Helmet, Safety Vest, Mask",None
2026-07-26 17:14:25,CCTV Stream,"Helmet, Safety Vest, Mask",None
2026-07-26 17:14:25,CCTV Stream,"Helmet, Safety Vest, Mask",None
2026-07-26 17:14:26,CCTV Stream,"Helmet, Safety Vest, Mask",None
2026-07-26 17:14:26,CCTV Stream,"Helmet, Safety Vest, Mask",None
2026-07-26 17:14:26,CCTV Stream,"Helmet, Safety Vest, Mask",None
2026-07-26 17:14:26,CCTV Stream,"Helmet, Safety Vest, Mask",None
2026-07-26 17:14:26,CCTV Stream,"Helmet, Safety Vest, Mask",None
2026-07-26 17:14:26,CCTV Stream,"Helmet, Safety Vest, Mask",None
2026-07-26 17:14:26,CCTV Stream,"Helmet, Safety Vest, Mask",None
2026-07-26 17:14:26,CCTV Stream,"Helmet, Safety Vest, Mask",None
2026-07-26 17:14:26,CCTV Stream,"Helmet, Safety Vest, Mask",None
2026-07-26 17:14:26,CCTV Stream,"Helmet, Safety Vest, Mask",None
2026-07-26 17:14:26,CCTV Stream,"Helmet, Safety Vest, Mask",None
2026-07-26 17:14:26,CCTV Stream,"Helmet, Safety Vest, Mask",None
2026-07-26 17:14:26,CCTV Stream,"Helmet, Safety Vest, Mask",None
2026-07-26 17:14:26,CCTV Stream,"Helmet, Safety Vest, Mask",None
2026-07-26 17:14:26,CCTV Stream,"Helmet, Safety Vest, Mask",None
2026-07-26 17:14:26,CCTV Stream,"Helmet, Safety Vest, Mask",None
2026-07-26 17:14:27,CCTV Stream,"Helmet, Safety Vest, Mask",None
2026-07-26 17:14:27,CCTV Stream,"Helmet, Safety Vest, Mask",None
2026-07-26 17:14:27,CCTV Stream,"Helmet, Safety Vest, Mask",None
2026-07-26 17:14:27,CCTV Stream,"Helmet, Safety Vest, Mask",None
2026-07-26 17:14:27,CCTV Stream,"Helmet, Safety Vest, Mask",None
2026-07-26 17:14:27,CCTV Stream,"Helmet, Safety Vest, Mask",None
2026-07-26 17:14:27,CCTV Stream,"Helmet, Safety Vest, Mask",None
2026-07-26 17:14:27,CCTV Stream,"Helmet, Safety Vest, Mask",None
2026-07-26 17:14:27,CCTV Stream,"Helmet, Safety Vest, Mask",None
2026-07-26 17:14:27,CCTV Stream,"Helmet, Safety Vest, Mask",None
2026-07-26 17:14:27,CCTV Stream,"Helmet, Safety Vest, Mask",None
2026-07-26 17:14:27,CCTV Stream,"Helmet, Safety Vest, Mask",None
2026-07-26 17:14:27,CCTV Stream,"Helmet, Safety Vest, Mask",None
2026-07-26 17:14:27,CCTV Stream,"Helmet, Safety Vest, Mask",None
2026-07-26 17:14:27,CCTV Stream,"Helmet, Safety Vest, Mask",None
2026-07-26 17:14:27,CCTV Stream,"Helmet, Safety Vest, Mask",None
2026-07-26 17:14:27,CCTV Stream,"Helmet, Safety Vest, Mask",None
2026-07-26 17:14:28,CCTV Stream,"Helmet, Safety Vest, Mask",None
2026-07-26 17:14:28,CCTV Stream,"Helmet, Safety Vest, Mask",None
2026-07-26 17:14:28,CCTV Stream,"Helmet, Safety Vest, Mask",None
2026-07-26 17:14:28,CCTV Stream,"Helmet, Safety Vest, Mask",None
2026-07-26 17:14:28,CCTV Stream,"Helmet, Safety Vest, Mask",None
2026-07-26 17:14:28,CCTV Stream,"Helmet, Safety Vest, Mask",None
2026-07-26 17:14:28,CCTV Stream,"Helmet, Safety Vest, Mask",None
2026-07-26 17:14:28,CCTV Stream,"Helmet, Safety Vest, Mask",None
2026-07-26 17:14:28,CCTV Stream,"Helmet, Safety Vest, Mask",None
2026-07-26 17:14:28,CCTV Stream,"Helmet, Safety Vest, Mask",None
2026-07-26 17:14:28,CCTV Stream,"Helmet, Safety Vest, Mask",None
2026-07-26 17:14:28,CCTV Stream,"Helmet, Safety Vest, Mask",None
2026-07-26 17:14:28,CCTV Stream,"Helmet, Safety Vest, Mask",None
2026-07-26 17:14:28,CCTV Stream,"Helmet, Safety Vest, Mask",None
2026-07-26 17:14:28,CCTV Stream,"Helmet, Safety Vest, Mask",None
2026-07-26 17:14:28,CCTV Stream,"Helmet, Safety Vest, Mask",None
2026-07-26 17:14:29,CCTV Stream,"Helmet, Safety Vest, Mask",None
2026-07-26 17:14:29,CCTV Stream,"Helmet, Safety Vest, Mask",None
2026-07-26 17:14:29,CCTV Stream,"Helmet, Safety Vest, Mask",None
2026-07-26 17:14:29,CCTV Stream,"Helmet, Safety Vest, Mask",None
2026-07-26 17:14:29,CCTV Stream,"Helmet, Safety Vest, Mask",None
2026-07-26 17:14:29,CCTV Stream,"Helmet, Safety Vest, Mask",None
2026-07-26 17:14:29,CCTV Stream,"Helmet, Safety Vest, Mask",None
2026-07-26 17:14:29,CCTV Stream,"Helmet, Safety Vest, Mask",None
2026-07-26 17:14:29,CCTV Stream,"Helmet, Safety Vest, Mask",None
2026-07-26 17:14:29,CCTV Stream,"Helmet, Safety Vest, Mask",None
2026-07-26 17:14:29,CCTV Stream,"Helmet, Safety Vest, Mask",None
2026-07-26 17:14:29,CCTV Stream,"Helmet, Safety Vest, Mask",None
2026-07-26 17:14:29,CCTV Stream,"Helmet, Safety Vest, Mask",None
2026-07-26 17:14:29,CCTV Stream,"Helmet, Safety Vest, Mask",None
2026-07-26 17:14:29,CCTV Stream,"Helmet, Safety Vest, Mask",None
2026-07-26 17:14:30,CCTV Stream,"Helmet, Safety Vest, Mask",None
2026-07-26 17:14:30,CCTV Stream,"Helmet, Safety Vest, Mask",None
2026-07-26 17:14:30,CCTV Stream,"Helmet, Safety Vest, Mask",None
2026-07-26 17:14:30,CCTV Stream,"Helmet, Safety Vest, Mask",None
2026-07-26 17:14:30,CCTV Stream,"Helmet, Safety Vest, Mask",None
2026-07-26 17:14:30,CCTV Stream,"Helmet, Safety Vest, Mask",None
2026-07-26 17:14:30,CCTV Stream,"Helmet, Safety Vest, Mask",None
2026-07-26 17:14:30,CCTV Stream,"Helmet, Safety Vest, Mask",None
2026-07-26 17:14:30,CCTV Stream,"Helmet, Safety Vest, Mask",None
2026-07-26 17:14:30,CCTV Stream,"Helmet, Safety Vest, Mask",None
2026-07-26 17:14:30,CCTV Stream,"Helmet, Safety Vest, Mask",None
2026-07-26 17:14:30,CCTV Stream,"Helmet, Safety Vest, Mask",None
2026-07-26 17:14:30,CCTV Stream,"Helmet, Safety Vest, Mask",None
2026-07-26 17:14:30,CCTV Stream,"Helmet, Safety Vest, Mask",None
2026-07-26 17:14:30,CCTV Stream,"Helmet, Safety Vest, Mask",None
2026-07-26 17:14:30,CCTV Stream,"Helmet, Safety Vest, Mask",None
2026-07-26 17:14:31,CCTV Stream,"Helmet, Safety Vest, Mask",None
2026-07-26 17:14:31,CCTV Stream,"Helmet, Safety Vest, Mask",None
2026-07-26 17:14:31,CCTV Stream,"Helmet, Safety Vest, Mask",None
2026-07-26 17:14:31,CCTV Stream,"Helmet, Safety Vest, Mask",None
2026-07-26 17:14:31,CCTV Stream,"Helmet, Safety Vest, Mask",None
2026-07-26 17:14:31,CCTV Stream,"Helmet, Safety Vest, Mask",None
2026-07-26 17:14:31,CCTV Stream,"Helmet, Safety Vest, Mask",None
2026-07-26 17:14:31,CCTV Stream,"Helmet, Safety Vest, Mask",None
2026-07-26 17:14:31,CCTV Stream,"Helmet, Safety Vest, Mask",None
2026-07-26 17:14:31,CCTV Stream,"Helmet, Safety Vest, Mask",None
2026-07-26 17:14:31,CCTV Stream,"Helmet, Safety Vest, Mask",None
2026-07-26 17:14:31,CCTV Stream,"Helmet, Safety Vest, Mask",None
2026-07-26 17:14:31,CCTV Stream,"Helmet, Safety Vest, Mask",None
2026-07-26 17:14:31,CCTV Stream,"Helmet, Safety Vest, Mask",None
2026-07-26 17:14:31,CCTV Stream,"Helmet, Safety Vest, Mask",None
2026-07-26 17:14:32,CCTV Stream,"Helmet, Safety Vest, Mask",None
2026-07-26 17:14:32,CCTV Stream,"Helmet, Safety Vest, Mask",None
2026-07-26 17:14:32,CCTV Stream,"Helmet, Safety Vest, Mask",None
2026-07-26 17:14:32,CCTV Stream,"Helmet, Safety Vest, Mask",None
2026-07-26 17:14:32,CCTV Stream,"Helmet, Safety Vest, Mask",None
2026-07-26 17:14:32,CCTV Stream,"Helmet, Safety Vest, Mask",None
2026-07-26 17:14:32,CCTV Stream,"Helmet, Safety Vest, Mask",None
2026-07-26 17:14:32,CCTV Stream,"Helmet, Safety Vest, Mask",None
2026-07-26 17:14:32,CCTV Stream,"Helmet, Safety Vest, Mask",None
2026-07-26 17:14:32,CCTV Stream,"Helmet, Safety Vest, Mask",None
2026-07-26 17:14:32,CCTV Stream,"Helmet, Safety Vest, Mask",None
2026-07-26 17:14:32,CCTV Stream,"Helmet, Safety Vest, Mask",None
2026-07-26 17:14:32,CCTV Stream,"Helmet, Safety Vest, Mask",None
2026-07-26 17:14:32,CCTV Stream,"Helmet, Safety Vest, Mask",None
2026-07-26 17:14:32,CCTV Stream,"Helmet, Safety Vest, Mask",None
2026-07-26 17:14:32,CCTV Stream,"Helmet, Safety Vest, Mask",None
2026-07-26 17:14:33,CCTV Stream,"Helmet, Safety Vest, Mask",None
2026-07-26 17:14:33,CCTV Stream,"Helmet, Safety Vest, Mask",None
2026-07-26 17:14:33,CCTV Stream,"Helmet, Safety Vest, Mask",None
2026-07-26 17:14:33,CCTV Stream,"Helmet, Safety Vest, Mask",None
2026-07-26 17:14:33,CCTV Stream,"Helmet, Safety Vest, Mask",None
2026-07-26 17:14:33,CCTV Stream,"Helmet, Safety Vest, Mask",None
2026-07-26 17:14:33,CCTV Stream,"Helmet, Safety Vest, Mask",None
2026-07-26 17:14:33,CCTV Stream,"Helmet, Safety Vest, Mask",None
2026-07-26 17:14:33,CCTV Stream,"Helmet, Safety Vest, Mask",None
2026-07-26 17:14:33,CCTV Stream,"Helmet, Safety Vest, Mask",None
2026-07-26 17:14:33,CCTV Stream,"Helmet, Safety Vest, Mask",None
2026-07-26 17:14:33,CCTV Stream,"Helmet, Safety Vest, Mask",None
2026-07-26 17:14:33,CCTV Stream,"Helmet, Safety Vest, Mask",None
2026-07-26 17:14:33,CCTV Stream,"Helmet, Safety Vest, Mask",None
2026-07-26 17:14:33,CCTV Stream,"Helmet, Safety Vest, Mask",None
2026-07-26 17:14:33,CCTV Stream,"Helmet, Safety Vest, Mask",None
2026-07-26 17:14:34,CCTV Stream,"Helmet, Safety Vest, Mask",None
2026-07-26 17:14:34,CCTV Stream,"Helmet, Safety Vest, Mask",None
2026-07-26 17:14:34,CCTV Stream,"Helmet, Safety Vest, Mask",None
2026-07-26 17:14:34,CCTV Stream,"Helmet, Safety Vest, Mask",None
2026-07-26 17:14:34,CCTV Stream,"Helmet, Safety Vest, Mask",None
2026-07-26 17:14:34,CCTV Stream,"Helmet, Safety Vest, Mask",None
2026-07-26 17:14:34,CCTV Stream,"Helmet, Safety Vest, Mask",None
2026-07-26 17:14:34,CCTV Stream,"Helmet, Safety Vest, Mask",None
2026-07-26 17:14:34,CCTV Stream,"Helmet, Safety Vest, Mask",None
2026-07-26 17:14:34,CCTV Stream,"Helmet, Safety Vest, Mask",None
2026-07-26 17:14:34,CCTV Stream,"Helmet, Safety Vest, Mask",None
2026-07-26 17:14:34,CCTV Stream,"Helmet, Safety Vest, Mask",None
2026-07-26 17:14:34,CCTV Stream,"Helmet, Safety Vest, Mask",None
2026-07-26 17:14:34,CCTV Stream,"Helmet, Safety Vest, Mask",None
2026-07-26 17:14:34,CCTV Stream,"Helmet, Safety Vest, Mask",None
2026-07-26 17:14:34,CCTV Stream,"Helmet, Safety Vest, Mask",None
2026-07-26 17:14:34,CCTV Stream,"Helmet, Safety Vest, Mask",None
2026-07-26 17:14:34,CCTV Stream,"Helmet, Safety Vest, Mask",None
2026-07-26 17:14:35,CCTV Stream,"Helmet, Safety Vest, Mask",None
2026-07-26 17:14:35,CCTV Stream,"Helmet, Safety Vest, Mask",None
2026-07-26 17:14:35,CCTV Stream,"Helmet, Safety Vest, Mask",None
2026-07-26 17:14:35,CCTV Stream,"Helmet, Safety Vest, Mask",None
2026-07-26 17:14:35,CCTV Stream,"Helmet, Safety Vest, Mask",None
2026-07-26 17:14:35,CCTV Stream,"Helmet, Safety Vest, Mask",None
2026-07-26 17:14:35,CCTV Stream,"Helmet, Safety Vest, Mask",None
2026-07-26 17:14:35,CCTV Stream,"Helmet, Safety Vest, Mask",None
2026-07-26 17:14:35,CCTV Stream,"Helmet, Safety Vest, Mask",None
2026-07-26 17:14:35,CCTV Stream,"Helmet, Safety Vest, Mask",None
2026-07-26 17:14:35,CCTV Stream,"Helmet, Safety Vest, Mask",None
2026-07-26 17:14:35,CCTV Stream,"Helmet, Safety Vest, Mask",None
2026-07-26 17:14:35,CCTV Stream,"Helmet, Safety Vest, Mask",None
2026-07-26 17:14:35,CCTV Stream,"Helmet, Safety Vest, Mask",None
2026-07-26 17:14:35,CCTV Stream,"Helmet, Safety Vest, Mask",None
2026-07-26 17:14:35,CCTV Stream,"Helmet, Safety Vest, Mask",None
2026-07-26 17:14:36,CCTV Stream,"Helmet, Safety Vest, Mask",None
2026-07-26 17:14:36,CCTV Stream,"Helmet, Safety Vest, Mask",None
2026-07-26 17:14:36,CCTV Stream,"Helmet, Safety Vest, Mask",None
2026-07-26 17:14:36,CCTV Stream,"Helmet, Safety Vest, Mask",None
2026-07-26 17:14:36,CCTV Stream,"Helmet, Safety Vest, Mask",None
2026-07-26 17:14:36,CCTV Stream,"Helmet, Safety Vest, Mask",None
2026-07-26 17:14:36,CCTV Stream,"Helmet, Safety Vest, Mask",None
2026-07-26 17:14:36,CCTV Stream,"Helmet, Safety Vest, Mask",None
2026-07-26 17:14:36,CCTV Stream,"Helmet, Safety Vest, Mask",None
2026-07-26 17:14:36,CCTV Stream,"Helmet, Safety Vest, Mask",None
2026-07-26 17:14:36,CCTV Stream,"Helmet, Safety Vest, Mask",None
2026-07-26 17:14:36,CCTV Stream,"Helmet, Safety Vest, Mask",None
2026-07-26 17:14:36,CCTV Stream,"Helmet, Safety Vest, Mask",None
2026-07-26 17:14:36,CCTV Stream,"Helmet, Safety Vest, Mask",None
2026-07-26 17:14:36,CCTV Stream,"Helmet, Safety Vest, Mask",None
2026-07-26 17:14:37,CCTV Stream,"Helmet, Safety Vest, Mask",None
2026-07-26 17:14:37,CCTV Stream,"Helmet, Safety Vest, Mask",None
2026-07-26 17:14:37,CCTV Stream,"Helmet, Safety Vest, Mask",None
2026-07-26 17:14:37,CCTV Stream,"Helmet, Safety Vest, Mask",None
2026-07-26 17:14:37,CCTV Stream,"Helmet, Safety Vest, Mask",None
2026-07-26 17:14:37,CCTV Stream,"Helmet, Safety Vest, Mask",None
2026-07-26 17:14:37,CCTV Stream,"Helmet, Safety Vest, Mask",None
2026-07-26 17:14:37,CCTV Stream,"Helmet, Safety Vest, Mask",None
2026-07-26 17:14:37,CCTV Stream,"Helmet, Safety Vest, Mask",None
2026-07-26 17:14:37,CCTV Stream,"Helmet, Safety Vest, Mask",None
2026-07-26 17:14:37,CCTV Stream,"Helmet, Safety Vest, Mask",None
2026-07-26 17:14:37,CCTV Stream,"Helmet, Safety Vest, Mask",None
2026-07-26 17:14:37,CCTV Stream,"Helmet, Safety Vest, Mask",None
2026-07-26 17:14:37,CCTV Stream,"Helmet, Safety Vest, Mask",None
2026-07-26 17:14:37,CCTV Stream,"Helmet, Safety Vest, Mask",None
2026-07-26 17:14:37,CCTV Stream,"Helmet, Safety Vest, Mask",None
2026-07-26 17:14:38,CCTV Stream,"Helmet, Safety Vest, Mask",None
2026-07-26 17:14:38,CCTV Stream,"Helmet, Safety Vest, Mask",None
2026-07-26 17:14:38,CCTV Stream,"Helmet, Safety Vest, Mask",None
2026-07-26 17:14:38,CCTV Stream,"Helmet, Safety Vest, Mask",None
2026-07-26 17:14:38,CCTV Stream,"Helmet, Safety Vest, Mask",None
2026-07-26 17:14:38,CCTV Stream,"Helmet, Safety Vest, Mask",None
2026-07-26 17:14:38,CCTV Stream,"Helmet, Safety Vest, Mask",None
2026-07-26 17:14:38,CCTV Stream,"Helmet, Safety Vest, Mask",None
2026-07-26 17:14:38,CCTV Stream,"Helmet, Safety Vest, Mask",None
2026-07-26 17:14:38,CCTV Stream,"Helmet, Safety Vest, Mask",None
2026-07-26 17:14:38,CCTV Stream,"Helmet, Safety Vest, Mask",None
2026-07-26 17:14:38,CCTV Stream,"Helmet, Safety Vest, Mask",None
2026-07-26 17:14:38,CCTV Stream,"Helmet, Safety Vest, Mask",None
2026-07-26 17:14:38,CCTV Stream,"Helmet, Safety Vest, Mask",None
2026-07-26 17:14:38,CCTV Stream,"Helmet, Safety Vest, Mask",None
2026-07-26 17:14:39,CCTV Stream,"Helmet, Safety Vest, Mask",None
2026-07-26 17:14:39,CCTV Stream,"Helmet, Safety Vest, Mask",None
2026-07-26 17:14:39,CCTV Stream,"Helmet, Safety Vest, Mask",None
2026-07-26 17:14:39,CCTV Stream,"Helmet, Safety Vest, Mask",None
2026-07-26 17:14:39,CCTV Stream,"Helmet, Safety Vest, Mask",None
2026-07-26 17:14:39,CCTV Stream,"Helmet, Safety Vest, Mask",None
2026-07-26 17:14:39,CCTV Stream,"Helmet, Safety Vest, Mask",None
2026-07-26 17:14:39,CCTV Stream,"Helmet, Safety Vest, Mask",None
2026-07-26 17:14:39,CCTV Stream,"Helmet, Safety Vest, Mask",None
2026-07-26 17:14:39,CCTV Stream,"Helmet, Safety Vest, Mask",None
2026-07-26 17:14:39,CCTV Stream,"Helmet, Safety Vest, Mask",None
2026-07-26 17:14:39,CCTV Stream,"Helmet, Safety Vest, Mask",None
2026-07-26 17:14:39,CCTV Stream,"Helmet, Safety Vest, Mask",None
2026-07-26 17:14:39,CCTV Stream,"Helmet, Safety Vest, Mask",None
2026-07-26 17:14:39,CCTV Stream,"Helmet, Safety Vest, Mask",None
2026-07-26 17:14:39,CCTV Stream,"Helmet, Safety Vest, Mask",None
2026-07-26 17:14:40,CCTV Stream,"Helmet, Safety Vest, Mask",None
2026-07-26 17:14:40,CCTV Stream,"Helmet, Safety Vest, Mask",None
2026-07-26 17:14:40,CCTV Stream,"Helmet, Safety Vest, Mask",None
2026-07-26 17:14:40,CCTV Stream,"Helmet, Safety Vest, Mask",None
2026-07-26 17:14:40,CCTV Stream,"Helmet, Safety Vest, Mask",None
2026-07-26 17:14:40,CCTV Stream,"Helmet, Safety Vest, Mask",None
2026-07-26 17:14:40,CCTV Stream,"Helmet, Safety Vest, Mask",None
2026-07-26 17:14:40,CCTV Stream,"Helmet, Safety Vest, Mask",None
2026-07-26 17:14:40,CCTV Stream,"Helmet, Safety Vest, Mask",None
2026-07-26 17:14:40,CCTV Stream,"Helmet, Safety Vest, Mask",None
2026-07-26 17:14:40,CCTV Stream,"Helmet, Safety Vest, Mask",None
2026-07-26 17:14:40,CCTV Stream,"Helmet, Safety Vest, Mask",None
2026-07-26 17:14:40,CCTV Stream,"Helmet, Safety Vest, Mask",None
2026-07-26 17:14:40,CCTV Stream,"Helmet, Safety Vest, Mask",None
2026-07-26 17:14:40,CCTV Stream,"Helmet, Safety Vest, Mask",None
2026-07-26 17:14:40,CCTV Stream,"Helmet, Safety Vest, Mask",None
2026-07-26 17:14:41,CCTV Stream,"Helmet, Safety Vest, Mask",None
2026-07-26 17:14:41,CCTV Stream,"Helmet, Safety Vest, Mask",None
2026-07-26 17:14:41,CCTV Stream,"Helmet, Safety Vest, Mask",None
2026-07-26 17:14:41,CCTV Stream,"Helmet, Safety Vest, Mask",None
2026-07-26 17:14:41,CCTV Stream,"Helmet, Safety Vest, Mask",None
2026-07-26 17:14:41,CCTV Stream,"Helmet, Safety Vest, Mask",None
2026-07-26 17:14:41,CCTV Stream,"Helmet, Safety Vest, Mask",None
2026-07-26 17:14:41,CCTV Stream,"Helmet, Safety Vest, Mask",None
2026-07-26 17:14:41,CCTV Stream,"Helmet, Safety Vest, Mask",None
2026-07-26 17:14:41,CCTV Stream,"Helmet, Safety Vest, Mask",None
2026-07-26 17:14:41,CCTV Stream,"Helmet, Safety Vest, Mask",None
2026-07-26 17:14:41,CCTV Stream,"Helmet, Safety Vest, Mask",None
2026-07-26 17:14:41,CCTV Stream,"Helmet, Safety Vest, Mask",None
2026-07-26 17:14:41,CCTV Stream,"Helmet, Safety Vest, Mask",None
2026-07-26 17:14:41,CCTV Stream,"Helmet, Safety Vest, Mask",None
2026-07-26 17:14:41,CCTV Stream,"Helmet, Safety Vest, Mask",None
2026-07-26 17:14:42,CCTV Stream,"Helmet, Safety Vest, Mask",None
2026-07-26 17:14:42,CCTV Stream,"Helmet, Safety Vest, Mask",None
2026-07-26 17:14:42,CCTV Stream,"Helmet, Safety Vest, Mask",None
2026-07-26 17:14:42,CCTV Stream,"Helmet, Safety Vest, Mask",None
2026-07-26 17:14:42,CCTV Stream,"Helmet, Safety Vest, Mask",None
2026-07-26 17:14:42,CCTV Stream,"Helmet, Safety Vest, Mask",None
2026-07-26 17:14:42,CCTV Stream,"Helmet, Safety Vest, Mask",None
2026-07-26 17:14:42,CCTV Stream,"Helmet, Safety Vest, Mask",None
2026-07-26 17:14:42,CCTV Stream,"Helmet, Safety Vest, Mask",None
2026-07-26 17:14:42,CCTV Stream,"Helmet, Safety Vest, Mask",None
2026-07-26 17:14:42,CCTV Stream,"Helmet, Safety Vest, Mask",None
2026-07-26 17:14:42,CCTV Stream,"Helmet, Safety Vest, Mask",None
2026-07-26 17:14:42,CCTV Stream,"Helmet, Safety Vest, Mask",None
2026-07-26 17:14:42,CCTV Stream,"Helmet, Safety Vest, Mask",None
2026-07-26 17:14:42,CCTV Stream,"Helmet, Safety Vest, Mask",None
2026-07-26 17:14:43,CCTV Stream,"Helmet, Safety Vest, Mask",None
2026-07-26 17:14:43,CCTV Stream,"Helmet, Safety Vest, Mask",None
2026-07-26 17:14:43,CCTV Stream,"Helmet, Safety Vest, Mask",None
2026-07-26 17:14:43,CCTV Stream,"Helmet, Safety Vest, Mask",None
2026-07-26 17:14:43,CCTV Stream,"Helmet, Safety Vest, Mask",None
2026-07-26 17:14:43,CCTV Stream,"Helmet, Safety Vest, Mask",None
2026-07-26 17:14:43,CCTV Stream,"Helmet, Safety Vest, Mask",None
2026-07-26 17:14:43,CCTV Stream,"Helmet, Safety Vest, Mask",None
2026-07-26 17:14:43,CCTV Stream,"Helmet, Safety Vest, Mask",None
2026-07-26 17:14:43,CCTV Stream,"Helmet, Safety Vest, Mask",None
2026-07-26 17:14:43,CCTV Stream,"Helmet, Safety Vest, Mask",None
2026-07-26 17:14:43,CCTV Stream,"Helmet, Safety Vest, Mask",None
2026-07-26 17:14:43,CCTV Stream,"Helmet, Safety Vest, Mask",None
2026-07-26 17:14:44,CCTV Stream,"Helmet, Safety Vest, Mask",None
2026-07-26 17:14:44,CCTV Stream,"Helmet, Safety Vest, Mask",None
2026-07-26 17:14:44,CCTV Stream,"Helmet, Safety Vest, Mask",None
2026-07-26 17:14:44,CCTV Stream,"Helmet, Safety Vest, Mask",None
2026-07-26 17:14:44,CCTV Stream,"Helmet, Safety Vest, Mask",None
2026-07-26 17:14:44,CCTV Stream,"Helmet, Safety Vest, Mask",None
2026-07-26 17:14:44,CCTV Stream,"Helmet, Safety Vest, Mask",None
2026-07-26 17:14:44,CCTV Stream,"Helmet, Safety Vest, Mask",None
2026-07-26 17:14:44,CCTV Stream,"Helmet, Safety Vest, Mask",None
2026-07-26 17:14:44,CCTV Stream,"Helmet, Safety Vest, Mask",None
2026-07-26 17:14:44,CCTV Stream,"Helmet, Safety Vest, Mask",None
2026-07-26 17:14:44,CCTV Stream,"Helmet, Safety Vest, Mask",None
2026-07-26 17:14:44,CCTV Stream,"Helmet, Safety Vest, Mask",None
2026-07-26 17:14:44,CCTV Stream,"Helmet, Safety Vest, Mask",None
2026-07-26 17:14:44,CCTV Stream,"Helmet, Safety Vest, Mask",None
2026-07-26 17:14:44,CCTV Stream,"Helmet, Safety Vest, Mask",None
2026-07-26 17:14:45,CCTV Stream,"Helmet, Safety Vest, Mask",None
2026-07-26 17:14:45,CCTV Stream,"Helmet, Safety Vest, Mask",None
2026-07-26 17:14:45,CCTV Stream,"Helmet, Safety Vest, Mask",None
2026-07-26 17:14:45,CCTV Stream,"Helmet, Safety Vest, Mask",None
2026-07-26 17:14:45,CCTV Stream,"Helmet, Safety Vest, Mask",None
2026-07-26 17:14:45,CCTV Stream,"Helmet, Safety Vest, Mask",None
2026-07-26 17:14:45,CCTV Stream,"Helmet, Safety Vest, Mask",None
2026-07-26 17:14:45,CCTV Stream,"Helmet, Safety Vest, Mask",None
2026-07-26 17:14:45,CCTV Stream,"Helmet, Safety Vest, Mask",None
2026-07-26 17:14:45,CCTV Stream,"Helmet, Safety Vest, Mask",None
2026-07-26 17:14:45,CCTV Stream,"Helmet, Safety Vest, Mask",None
2026-07-26 17:14:45,CCTV Stream,"Helmet, Safety Vest, Mask",None
2026-07-26 17:14:45,CCTV Stream,"Helmet, Safety Vest, Mask",None
2026-07-26 17:14:45,CCTV Stream,"Helmet, Safety Vest, Mask",None
2026-07-26 17:14:45,CCTV Stream,"Helmet, Safety Vest, Mask",None
2026-07-26 17:14:45,CCTV Stream,"Helmet, Safety Vest, Mask",None
2026-07-26 17:14:45,CCTV Stream,"Helmet, Safety Vest, Mask",None
2026-07-26 17:14:46,CCTV Stream,"Helmet, Safety Vest, Mask",None
2026-07-26 17:14:46,CCTV Stream,"Helmet, Safety Vest, Mask",None
2026-07-26 17:14:46,CCTV Stream,"Helmet, Safety Vest, Mask",None
2026-07-26 17:14:46,CCTV Stream,"Helmet, Safety Vest, Mask",None
2026-07-26 17:14:46,CCTV Stream,"Helmet, Safety Vest, Mask",None
2026-07-26 17:14:46,CCTV Stream,"Helmet, Safety Vest, Mask",None
2026-07-26 17:14:46,CCTV Stream,"Helmet, Safety Vest, Mask",None
2026-07-26 17:14:46,CCTV Stream,"Helmet, Safety Vest, Mask",None
2026-07-26 17:14:46,CCTV Stream,"Helmet, Safety Vest, Mask",None
2026-07-26 17:14:46,CCTV Stream,"Helmet, Safety Vest, Mask",None
2026-07-26 17:14:46,CCTV Stream,"Helmet, Safety Vest, Mask",None
2026-07-26 17:14:46,CCTV Stream,"Helmet, Safety Vest, Mask",None
2026-07-26 17:14:46,CCTV Stream,"Helmet, Safety Vest, Mask",None
2026-07-26 17:14:47,CCTV Stream,"Helmet, Safety Vest, Mask",None
2026-07-26 17:14:47,CCTV Stream,"Helmet, Safety Vest, Mask",None
2026-07-26 17:14:47,CCTV Stream,"Helmet, Safety Vest, Mask",None
2026-07-26 17:14:47,CCTV Stream,"Helmet, Safety Vest, Mask",None
2026-07-26 17:14:47,CCTV Stream,"Helmet, Safety Vest, Mask",None
2026-07-26 17:14:47,CCTV Stream,"Helmet, Safety Vest, Mask",None
2026-07-26 17:14:47,CCTV Stream,"Helmet, Safety Vest, Mask",None
2026-07-26 17:14:47,CCTV Stream,"Helmet, Safety Vest, Mask",None
2026-07-26 17:14:47,CCTV Stream,"Helmet, Safety Vest, Mask",None
2026-07-26 17:14:47,CCTV Stream,"Helmet, Safety Vest, Mask",None
2026-07-26 17:14:47,CCTV Stream,"Helmet, Safety Vest, Mask",None
2026-07-26 17:14:47,CCTV Stream,"Helmet, Safety Vest, Mask",None
2026-07-26 17:14:47,CCTV Stream,"Helmet, Safety Vest, Mask",None
2026-07-26 17:14:47,CCTV Stream,"Helmet, Safety Vest, Mask",None
2026-07-26 17:14:48,CCTV Stream,"Helmet, Safety Vest, Mask",None
2026-07-26 17:14:48,CCTV Stream,"Helmet, Safety Vest, Mask",None
2026-07-26 17:14:48,CCTV Stream,"Helmet, Safety Vest, Mask",None
2026-07-26 17:14:48,CCTV Stream,"Helmet, Safety Vest, Mask",None
2026-07-26 17:14:48,CCTV Stream,"Helmet, Safety Vest, Mask",None
2026-07-26 17:14:48,CCTV Stream,"Helmet, Safety Vest, Mask",None
2026-07-26 17:14:48,CCTV Stream,"Helmet, Safety Vest, Mask",None
2026-07-26 17:14:48,CCTV Stream,"Helmet, Safety Vest, Mask",None
2026-07-26 17:14:48,CCTV Stream,"Helmet, Safety Vest, Mask",None
2026-07-26 17:14:48,CCTV Stream,"Helmet, Safety Vest, Mask",None
2026-07-26 17:14:48,CCTV Stream,"Helmet, Safety Vest, Mask",None
2026-07-26 17:14:48,CCTV Stream,"Helmet, Safety Vest, Mask",None
2026-07-26 17:14:48,CCTV Stream,"Helmet, Safety Vest, Mask",None
2026-07-26 17:14:48,CCTV Stream,"Helmet, Safety Vest, Mask",None
2026-07-26 17:14:48,CCTV Stream,"Helmet, Safety Vest, Mask",None
2026-07-26 17:14:48,CCTV Stream,"Helmet, Safety Vest, Mask",None
2026-07-26 17:14:48,CCTV Stream,"Helmet, Safety Vest, Mask",None
2026-07-26 17:14:49,CCTV Stream,"Helmet, Safety Vest, Mask",None
2026-07-26 17:14:49,CCTV Stream,"Helmet, Safety Vest, Mask",None
2026-07-26 17:14:49,CCTV Stream,"Helmet, Safety Vest, Mask",None
2026-07-26 17:14:49,CCTV Stream,"Helmet, Safety Vest, Mask",None
2026-07-26 17:14:49,CCTV Stream,"Helmet, Safety Vest, Mask",None
2026-07-26 17:14:49,CCTV Stream,"Helmet, Safety Vest, Mask",None
2026-07-26 17:14:49,CCTV Stream,"Helmet, Safety Vest, Mask",None
2026-07-26 17:14:49,CCTV Stream,"Helmet, Safety Vest, Mask",None
2026-07-26 17:14:49,CCTV Stream,"Helmet, Safety Vest, Mask",None
2026-07-26 17:14:49,CCTV Stream,"Helmet, Safety Vest, Mask",None
2026-07-26 17:14:49,CCTV Stream,"Helmet, Safety Vest, Mask",None
2026-07-26 17:14:49,CCTV Stream,"Helmet, Safety Vest, Mask",None
2026-07-26 17:14:49,CCTV Stream,"Helmet, Safety Vest, Mask",None
2026-07-26 17:14:49,CCTV Stream,"Helmet, Safety Vest, Mask",None
2026-07-26 17:14:50,CCTV Stream,"Helmet, Safety Vest, Mask",None
2026-07-26 17:14:50,CCTV Stream,"Helmet, Safety Vest, Mask",None
2026-07-26 17:14:50,CCTV Stream,"Helmet, Safety Vest, Mask",None
2026-07-26 17:14:50,CCTV Stream,"Helmet, Safety Vest, Mask",None
2026-07-26 17:14:50,CCTV Stream,"Helmet, Safety Vest, Mask",None
2026-07-26 17:14:50,CCTV Stream,"Helmet, Safety Vest, Mask",None
2026-07-26 17:14:50,CCTV Stream,"Helmet, Safety Vest, Mask",None
2026-07-26 17:14:50,CCTV Stream,"Helmet, Safety Vest, Mask",None
2026-07-26 17:14:50,CCTV Stream,"Helmet, Safety Vest, Mask",None
2026-07-26 17:14:50,CCTV Stream,"Helmet, Safety Vest, Mask",None
2026-07-26 17:14:50,CCTV Stream,"Helmet, Safety Vest, Mask",None
2026-07-26 17:14:50,CCTV Stream,"Helmet, Safety Vest, Mask",None
2026-07-26 17:14:50,CCTV Stream,"Helmet, Safety Vest, Mask",None
2026-07-26 17:14:50,CCTV Stream,"Helmet, Safety Vest, Mask",None
2026-07-26 17:14:51,CCTV Stream,"Helmet, Safety Vest, Mask",None
2026-07-26 17:14:51,CCTV Stream,"Helmet, Safety Vest, Mask",None
2026-07-26 17:14:51,CCTV Stream,"Helmet, Safety Vest, Mask",None
2026-07-26 17:14:51,CCTV Stream,"Helmet, Safety Vest, Mask",None
2026-07-26 17:14:51,CCTV Stream,"Helmet, Safety Vest, Mask",None
2026-07-26 17:14:51,CCTV Stream,"Helmet, Safety Vest, Mask",None
2026-07-26 17:14:51,CCTV Stream,"Helmet, Safety Vest, Mask",None
2026-07-26 17:14:51,CCTV Stream,"Helmet, Safety Vest, Mask",None
2026-07-26 17:14:51,CCTV Stream,"Helmet, Safety Vest, Mask",None
2026-07-26 17:14:51,CCTV Stream,"Helmet, Safety Vest, Mask",None
2026-07-26 17:14:51,CCTV Stream,"Helmet, Safety Vest, Mask",None
2026-07-26 17:14:51,CCTV Stream,"Helmet, Safety Vest, Mask",None
2026-07-26 17:14:51,CCTV Stream,"Helmet, Safety Vest, Mask",None
2026-07-26 17:14:51,CCTV Stream,"Helmet, Safety Vest, Mask",None
2026-07-26 17:14:51,CCTV Stream,"Helmet, Safety Vest, Mask",None
2026-07-26 17:14:51,CCTV Stream,"Helmet, Safety Vest, Mask",None
2026-07-26 17:14:52,CCTV Stream,"Helmet, Safety Vest, Mask",None
2026-07-26 17:14:52,CCTV Stream,"Helmet, Safety Vest, Mask",None
2026-07-26 17:14:52,CCTV Stream,"Helmet, Safety Vest, Mask",None
2026-07-26 17:14:52,CCTV Stream,"Helmet, Safety Vest, Mask",None
2026-07-26 17:14:52,CCTV Stream,"Helmet, Safety Vest, Mask",None
2026-07-26 17:14:52,CCTV Stream,"Helmet, Safety Vest, Mask",None
2026-07-26 17:14:52,CCTV Stream,"Helmet, Safety Vest, Mask",None
2026-07-26 17:14:52,CCTV Stream,"Helmet, Safety Vest, Mask",None
2026-07-26 17:14:52,CCTV Stream,"Helmet, Safety Vest, Mask",None
2026-07-26 17:14:52,CCTV Stream,"Helmet, Safety Vest, Mask",None
2026-07-26 17:14:52,CCTV Stream,"Helmet, Safety Vest, Mask",None
2026-07-26 17:14:52,CCTV Stream,"Helmet, Safety Vest, Mask",None
2026-07-26 17:14:52,CCTV Stream,"Helmet, Safety Vest, Mask",None
2026-07-26 17:14:52,CCTV Stream,"Helmet, Safety Vest, Mask",None
2026-07-26 17:14:52,CCTV Stream,"Helmet, Safety Vest, Mask",None
2026-07-26 17:14:52,CCTV Stream,"Helmet, Safety Vest, Mask",None
2026-07-26 17:14:53,CCTV Stream,"Helmet, Safety Vest, Mask",None
2026-07-26 17:14:53,CCTV Stream,"Helmet, Safety Vest, Mask",None
2026-07-26 17:14:53,CCTV Stream,"Helmet, Safety Vest, Mask",None
2026-07-26 17:14:53,CCTV Stream,"Helmet, Safety Vest, Mask",None
2026-07-26 17:14:53,CCTV Stream,"Helmet, Safety Vest, Mask",None
2026-07-26 17:14:53,CCTV Stream,"Helmet, Safety Vest, Mask",None
2026-07-26 17:14:53,CCTV Stream,"Helmet, Safety Vest, Mask",None
2026-07-26 17:14:53,CCTV Stream,"Helmet, Safety Vest, Mask",None
2026-07-26 17:14:53,CCTV Stream,"Helmet, Safety Vest, Mask",None
2026-07-26 17:14:53,CCTV Stream,"Helmet, Safety Vest, Mask",None
2026-07-26 17:14:53,CCTV Stream,"Helmet, Safety Vest, Mask",None
2026-07-26 17:14:53,CCTV Stream,"Helmet, Safety Vest, Mask",None
2026-07-26 17:14:53,CCTV Stream,"Helmet, Safety Vest, Mask",None
2026-07-26 17:14:53,CCTV Stream,"Helmet, Safety Vest, Mask",None
2026-07-26 17:14:53,CCTV Stream,"Helmet, Safety Vest, Mask",None
2026-07-26 17:14:53,CCTV Stream,"Helmet, Safety Vest, Mask",None
2026-07-26 17:14:54,CCTV Stream,"Helmet, Safety Vest, Mask",None
2026-07-26 17:14:54,CCTV Stream,"Helmet, Safety Vest, Mask",None
2026-07-26 17:14:54,CCTV Stream,"Helmet, Safety Vest, Mask",None
2026-07-26 17:14:54,CCTV Stream,"Helmet, Safety Vest, Mask",None
2026-07-26 17:14:54,CCTV Stream,"Helmet, Safety Vest, Mask",None
2026-07-26 17:14:54,CCTV Stream,"Helmet, Safety Vest, Mask",None
2026-07-26 17:14:54,CCTV Stream,"Helmet, Safety Vest, Mask",None
2026-07-26 17:14:54,CCTV Stream,"Helmet, Safety Vest, Mask",None
2026-07-26 17:14:54,CCTV Stream,"Helmet, Safety Vest, Mask",None
2026-07-26 17:14:54,CCTV Stream,"Helmet, Safety Vest, Mask",None
2026-07-26 17:14:54,CCTV Stream,"Helmet, Safety Vest, Mask",None
2026-07-26 17:14:54,CCTV Stream,"Helmet, Safety Vest, Mask",None
2026-07-26 17:14:54,CCTV Stream,"Helmet, Safety Vest, Mask",None
2026-07-26 17:14:54,CCTV Stream,"Helmet, Safety Vest, Mask",None
2026-07-26 17:14:54,CCTV Stream,"Helmet, Safety Vest, Mask",None
2026-07-26 17:14:54,CCTV Stream,"Helmet, Safety Vest, Mask",None
2026-07-26 17:14:55,CCTV Stream,"Helmet, Safety Vest, Mask",None
2026-07-26 17:14:55,CCTV Stream,"Helmet, Safety Vest, Mask",None
2026-07-26 17:14:55,CCTV Stream,"Helmet, Safety Vest, Mask",None
2026-07-26 17:14:55,CCTV Stream,"Helmet, Safety Vest, Mask",None
2026-07-26 17:14:55,CCTV Stream,"Helmet, Safety Vest, Mask",None
2026-07-26 17:14:55,CCTV Stream,"Helmet, Safety Vest, Mask",None
2026-07-26 17:14:55,CCTV Stream,"Helmet, Safety Vest, Mask",None
2026-07-26 17:14:55,CCTV Stream,"Helmet, Safety Vest, Mask",None
2026-07-26 17:14:55,CCTV Stream,"Helmet, Safety Vest, Mask",None
2026-07-26 17:14:55,CCTV Stream,"Helmet, Safety Vest, Mask",None
2026-07-26 17:14:55,CCTV Stream,"Helmet, Safety Vest, Mask",None
2026-07-26 17:14:55,CCTV Stream,"Helmet, Safety Vest, Mask",None
2026-07-26 17:14:55,CCTV Stream,"Helmet, Safety Vest, Mask",None
2026-07-26 17:14:55,CCTV Stream,"Helmet, Safety Vest, Mask",None
2026-07-26 17:14:55,CCTV Stream,"Helmet, Safety Vest, Mask",None
2026-07-26 17:14:55,CCTV Stream,"Helmet, Safety Vest, Mask",None
2026-07-26 17:14:56,CCTV Stream,"Helmet, Safety Vest, Mask",None
2026-07-26 17:14:56,CCTV Stream,"Helmet, Safety Vest, Mask",None
2026-07-26 17:14:56,CCTV Stream,"Helmet, Safety Vest, Mask",None
2026-07-26 17:14:56,CCTV Stream,"Helmet, Safety Vest, Mask",None
2026-07-26 17:14:56,CCTV Stream,"Helmet, Safety Vest, Mask",None
2026-07-26 17:14:56,CCTV Stream,"Helmet, Safety Vest, Mask",None
2026-07-26 17:14:56,CCTV Stream,"Helmet, Safety Vest, Mask",None
2026-07-26 17:14:56,CCTV Stream,"Helmet, Safety Vest, Mask",None
2026-07-26 17:14:56,CCTV Stream,"Helmet, Safety Vest, Mask",None
2026-07-26 17:14:56,CCTV Stream,"Helmet, Safety Vest, Mask",None
2026-07-26 17:14:56,CCTV Stream,"Helmet, Safety Vest, Mask",None
2026-07-26 17:14:56,CCTV Stream,"Helmet, Safety Vest, Mask",None
2026-07-26 17:14:56,CCTV Stream,"Helmet, Safety Vest, Mask",None
2026-07-26 17:14:56,CCTV Stream,"Helmet, Safety Vest, Mask",None
2026-07-26 17:14:56,CCTV Stream,"Helmet, Safety Vest, Mask",None
2026-07-26 17:14:56,CCTV Stream,"Helmet, Safety Vest, Mask",None
2026-07-26 17:14:57,CCTV Stream,"Helmet, Safety Vest, Mask",None
2026-07-26 17:14:57,CCTV Stream,"Helmet, Safety Vest, Mask",None
2026-07-26 17:14:57,CCTV Stream,"Helmet, Safety Vest, Mask",None
2026-07-26 17:14:57,CCTV Stream,"Helmet, Safety Vest, Mask",None
2026-07-26 17:14:57,CCTV Stream,"Helmet, Safety Vest, Mask",None
2026-07-26 17:14:57,CCTV Stream,"Helmet, Safety Vest, Mask",None
2026-07-26 17:14:57,CCTV Stream,"Helmet, Safety Vest, Mask",None
2026-07-26 17:14:57,CCTV Stream,"Helmet, Safety Vest, Mask",None
2026-07-26 17:14:57,CCTV Stream,"Helmet, Safety Vest, Mask",None
2026-07-26 17:14:57,CCTV Stream,"Helmet, Safety Vest, Mask",None
2026-07-26 17:14:57,CCTV Stream,"Helmet, Safety Vest, Mask",None
2026-07-26 17:14:57,CCTV Stream,"Helmet, Safety Vest, Mask",None
2026-07-26 17:14:57,CCTV Stream,"Helmet, Safety Vest, Mask",None
2026-07-26 17:14:57,CCTV Stream,"Helmet, Safety Vest, Mask",None
2026-07-26 17:14:57,CCTV Stream,"Helmet, Safety Vest, Mask",None
2026-07-26 17:14:58,CCTV Stream,"Helmet, Safety Vest, Mask",None
2026-07-26 17:14:58,CCTV Stream,"Helmet, Safety Vest, Mask",None
2026-07-26 17:14:58,CCTV Stream,"Helmet, Safety Vest, Mask",None
2026-07-26 17:14:58,CCTV Stream,"Helmet, Safety Vest, Mask",None
2026-07-26 17:14:58,CCTV Stream,"Helmet, Safety Vest, Mask",None
2026-07-26 17:14:58,CCTV Stream,"Helmet, Safety Vest, Mask",None
2026-07-26 17:14:58,CCTV Stream,"Helmet, Safety Vest, Mask",None
2026-07-26 17:14:58,CCTV Stream,"Helmet, Safety Vest, Mask",None
2026-07-26 17:14:58,CCTV Stream,"Helmet, Safety Vest, Mask",None
2026-07-26 17:14:58,CCTV Stream,"Helmet, Safety Vest, Mask",None
2026-07-26 17:14:58,CCTV Stream,"Helmet, Safety Vest, Mask",None
2026-07-26 17:14:58,CCTV Stream,"Helmet, Safety Vest, Mask",None
2026-07-26 17:14:58,CCTV Stream,"Helmet, Safety Vest, Mask",None
2026-07-26 17:14:58,CCTV Stream,"Helmet, Safety Vest, Mask",None
2026-07-26 17:14:58,CCTV Stream,"Helmet, Safety Vest, Mask",None
2026-07-26 17:14:58,CCTV Stream,"Helmet, Safety Vest, Mask",None
2026-07-26 17:14:59,CCTV Stream,"Helmet, Safety Vest, Mask",None
2026-07-26 17:14:59,CCTV Stream,"Helmet, Safety Vest, Mask",None
2026-07-26 17:14:59,CCTV Stream,"Helmet, Safety Vest, Mask",None
2026-07-26 17:14:59,CCTV Stream,"Helmet, Safety Vest, Mask",None
2026-07-26 17:14:59,CCTV Stream,"Helmet, Safety Vest, Mask",None
2026-07-26 17:14:59,CCTV Stream,"Helmet, Safety Vest, Mask",None
2026-07-26 17:14:59,CCTV Stream,"Helmet, Safety Vest, Mask",None
2026-07-26 17:14:59,CCTV Stream,"Helmet, Safety Vest, Mask",None
2026-07-26 17:14:59,CCTV Stream,"Helmet, Safety Vest, Mask",None
2026-07-26 17:14:59,CCTV Stream,"Helmet, Safety Vest, Mask",None
2026-07-26 17:14:59,CCTV Stream,"Helmet, Safety Vest, Mask",None
2026-07-26 17:14:59,CCTV Stream,"Helmet, Safety Vest, Mask",None
2026-07-26 17:14:59,CCTV Stream,"Helmet, Safety Vest, Mask",None
2026-07-26 17:14:59,CCTV Stream,"Helmet, Safety Vest, Mask",None
2026-07-26 17:14:59,CCTV Stream,"Helmet, Safety Vest, Mask",None
2026-07-26 17:15:00,CCTV Stream,"Helmet, Safety Vest, Mask",None
2026-07-26 17:15:00,CCTV Stream,"Helmet, Safety Vest, Mask",None
2026-07-26 17:15:00,CCTV Stream,"Helmet, Safety Vest, Mask",None
2026-07-26 17:15:00,CCTV Stream,"Helmet, Safety Vest, Mask",None
2026-07-26 17:15:00,CCTV Stream,"Helmet, Safety Vest, Mask",None
2026-07-26 17:15:00,CCTV Stream,"Helmet, Safety Vest, Mask",None
2026-07-26 17:15:00,CCTV Stream,"Helmet, Safety Vest, Mask",None
2026-07-26 17:15:00,CCTV Stream,"Helmet, Safety Vest, Mask",None
2026-07-26 17:15:00,CCTV Stream,"Helmet, Safety Vest, Mask",None
2026-07-26 17:15:00,CCTV Stream,"Helmet, Safety Vest, Mask",None
2026-07-26 17:15:00,CCTV Stream,"Helmet, Safety Vest, Mask",None
2026-07-26 17:15:00,CCTV Stream,"Helmet, Safety Vest, Mask",None
2026-07-26 17:15:00,CCTV Stream,"Helmet, Safety Vest, Mask",None
2026-07-26 17:15:00,CCTV Stream,"Helmet, Safety Vest, Mask",None
2026-07-26 17:15:00,CCTV Stream,"Helmet, Safety Vest, Mask",None
2026-07-26 17:15:01,CCTV Stream,"Helmet, Safety Vest, Mask",None
2026-07-26 17:15:01,CCTV Stream,"Helmet, Safety Vest, Mask",None
2026-07-26 17:15:01,CCTV Stream,"Helmet, Safety Vest, Mask",None
2026-07-26 17:15:01,CCTV Stream,"Helmet, Safety Vest, Mask",None
2026-07-26 17:15:01,CCTV Stream,"Helmet, Safety Vest, Mask",None
2026-07-26 17:15:01,CCTV Stream,"Helmet, Safety Vest, Mask",None
2026-07-26 17:15:01,CCTV Stream,"Helmet, Safety Vest, Mask",None
2026-07-26 17:15:01,CCTV Stream,"Helmet, Safety Vest, Mask",None
2026-07-26 17:15:01,CCTV Stream,"Helmet, Safety Vest, Mask",None
2026-07-26 17:15:01,CCTV Stream,"Helmet, Safety Vest, Mask",None
2026-07-26 17:15:01,CCTV Stream,"Helmet, Safety Vest, Mask",None
2026-07-26 17:15:01,CCTV Stream,"Helmet, Safety Vest, Mask",None
2026-07-26 17:15:01,CCTV Stream,"Helmet, Safety Vest, Mask",None
2026-07-26 17:15:01,CCTV Stream,"Helmet, Safety Vest, Mask",None
2026-07-26 17:15:01,CCTV Stream,"Helmet, Safety Vest, Mask",None
2026-07-26 17:15:02,CCTV Stream,"Helmet, Safety Vest, Mask",None
2026-07-26 17:15:02,CCTV Stream,"Helmet, Safety Vest, Mask",None
2026-07-26 17:15:02,CCTV Stream,"Helmet, Safety Vest, Mask",None
2026-07-26 17:15:02,CCTV Stream,"Helmet, Safety Vest, Mask",None
2026-07-26 17:15:02,CCTV Stream,"Helmet, Safety Vest, Mask",None
2026-07-26 17:15:02,CCTV Stream,"Helmet, Safety Vest, Mask",None
2026-07-26 17:15:02,CCTV Stream,"Helmet, Safety Vest, Mask",None
2026-07-26 17:15:02,CCTV Stream,"Helmet, Safety Vest, Mask",None
2026-07-26 17:15:02,CCTV Stream,"Helmet, Safety Vest, Mask",None
2026-07-26 17:15:02,CCTV Stream,"Helmet, Safety Vest, Mask",None
2026-07-26 17:15:02,CCTV Stream,"Helmet, Safety Vest, Mask",None
2026-07-26 17:15:02,CCTV Stream,"Helmet, Safety Vest, Mask",None
2026-07-26 17:15:02,CCTV Stream,"Helmet, Safety Vest, Mask",None
2026-07-26 17:15:02,CCTV Stream,"Helmet, Safety Vest, Mask",None
2026-07-26 17:15:03,CCTV Stream,"Helmet, Safety Vest, Mask",None
2026-07-26 17:15:03,CCTV Stream,"Helmet, Safety Vest, Mask",None
2026-07-26 17:15:03,CCTV Stream,"Helmet, Safety Vest, Mask",None
2026-07-26 17:15:03,CCTV Stream,"Helmet, Safety Vest, Mask",None
2026-07-26 17:15:03,CCTV Stream,"Helmet, Safety Vest, Mask",None
2026-07-26 17:15:03,CCTV Stream,"Helmet, Safety Vest, Mask",None
2026-07-26 17:15:03,CCTV Stream,"Helmet, Safety Vest, Mask",None
2026-07-26 17:15:03,CCTV Stream,"Helmet, Safety Vest, Mask",None
2026-07-26 17:15:03,CCTV Stream,"Helmet, Safety Vest, Mask",None
2026-07-26 17:15:03,CCTV Stream,"Helmet, Safety Vest, Mask",None
2026-07-26 17:15:03,CCTV Stream,"Helmet, Safety Vest, Mask",None
2026-07-26 17:15:03,CCTV Stream,"Helmet, Safety Vest, Mask",None
2026-07-26 17:15:03,CCTV Stream,"Helmet, Safety Vest, Mask",None
2026-07-26 17:15:03,CCTV Stream,"Helmet, Safety Vest, Mask",None
2026-07-26 17:15:03,CCTV Stream,"Helmet, Safety Vest, Mask",None
2026-07-26 17:15:03,CCTV Stream,"Helmet, Safety Vest, Mask",None
2026-07-26 17:15:04,CCTV Stream,"Helmet, Safety Vest, Mask",None
2026-07-26 17:15:04,CCTV Stream,"Helmet, Safety Vest, Mask",None
2026-07-26 17:15:04,CCTV Stream,"Helmet, Safety Vest, Mask",None
2026-07-26 17:15:04,CCTV Stream,"Helmet, Safety Vest, Mask",None
2026-07-26 17:15:04,CCTV Stream,"Helmet, Safety Vest, Mask",None
2026-07-26 17:15:04,CCTV Stream,"Helmet, Safety Vest, Mask",None
2026-07-26 17:15:04,CCTV Stream,"Helmet, Safety Vest, Mask",None
2026-07-26 17:15:04,CCTV Stream,"Helmet, Safety Vest, Mask",None
2026-07-26 17:15:04,CCTV Stream,"Helmet, Safety Vest, Mask",None
2026-07-26 17:15:04,CCTV Stream,"Helmet, Safety Vest, Mask",None
2026-07-26 17:15:04,CCTV Stream,"Helmet, Safety Vest, Mask",None
2026-07-26 17:15:04,CCTV Stream,"Helmet, Safety Vest, Mask",None
2026-07-26 17:15:04,CCTV Stream,"Helmet, Safety Vest, Mask",None
2026-07-26 17:15:04,CCTV Stream,"Helmet, Safety Vest, Mask",None
2026-07-26 17:15:04,CCTV Stream,"Helmet, Safety Vest, Mask",None
2026-07-26 17:15:04,CCTV Stream,"Helmet, Safety Vest, Mask",None
2026-07-26 17:15:05,CCTV Stream,"Helmet, Safety Vest, Mask",None
2026-07-26 17:15:05,CCTV Stream,"Helmet, Safety Vest, Mask",None
2026-07-26 17:15:05,CCTV Stream,"Helmet, Safety Vest, Mask",None
2026-07-26 17:15:05,CCTV Stream,"Helmet, Safety Vest, Mask",None
2026-07-26 17:15:05,CCTV Stream,"Helmet, Safety Vest, Mask",None
2026-07-26 17:15:05,CCTV Stream,"Helmet, Safety Vest, Mask",None
2026-07-26 17:15:05,CCTV Stream,"Helmet, Safety Vest, Mask",None
2026-07-26 17:15:05,CCTV Stream,"Helmet, Safety Vest, Mask",None
2026-07-26 17:15:05,CCTV Stream,"Helmet, Safety Vest, Mask",None
2026-07-26 17:15:05,CCTV Stream,"Helmet, Safety Vest, Mask",None
2026-07-26 17:15:05,CCTV Stream,"Helmet, Safety Vest, Mask",None
2026-07-26 17:15:05,CCTV Stream,"Helmet, Safety Vest, Mask",None
2026-07-26 17:15:05,CCTV Stream,"Helmet, Safety Vest, Mask",None
2026-07-26 17:15:05,CCTV Stream,"Helmet, Safety Vest, Mask",None
2026-07-26 17:15:05,CCTV Stream,"Helmet, Safety Vest, Mask",None
2026-07-26 17:15:06,CCTV Stream,"Helmet, Safety Vest, Mask",None
2026-07-26 17:15:06,CCTV Stream,"Helmet, Safety Vest, Mask",None
2026-07-26 17:15:06,CCTV Stream,"Helmet, Safety Vest, Mask",None
2026-07-26 17:15:06,CCTV Stream,"Helmet, Safety Vest, Mask",None
2026-07-26 17:15:06,CCTV Stream,"Helmet, Safety Vest, Mask",None
2026-07-26 17:15:06,CCTV Stream,"Helmet, Safety Vest, Mask",None
2026-07-26 17:15:06,CCTV Stream,"Helmet, Safety Vest, Mask",None
2026-07-26 17:15:06,CCTV Stream,"Helmet, Safety Vest, Mask",None
2026-07-26 17:15:06,CCTV Stream,"Helmet, Safety Vest, Mask",None
2026-07-26 17:15:06,CCTV Stream,"Helmet, Safety Vest, Mask",None
2026-07-26 17:15:06,CCTV Stream,"Helmet, Safety Vest, Mask",None
2026-07-26 17:15:06,CCTV Stream,"Helmet, Safety Vest, Mask",None
2026-07-26 17:15:06,CCTV Stream,"Helmet, Safety Vest, Mask",None
2026-07-26 17:15:06,CCTV Stream,"Helmet, Safety Vest, Mask",None
2026-07-26 17:15:06,CCTV Stream,"Helmet, Safety Vest, Mask",None
2026-07-26 17:15:06,CCTV Stream,"Helmet, Safety Vest, Mask",None
2026-07-26 17:15:06,CCTV Stream,"Helmet, Safety Vest, Mask",None
2026-07-26 17:15:07,CCTV Stream,"Helmet, Safety Vest, Mask",None
2026-07-26 17:15:07,CCTV Stream,"Helmet, Safety Vest, Mask",None
2026-07-26 17:15:07,CCTV Stream,"Helmet, Safety Vest, Mask",None
2026-07-26 17:15:07,CCTV Stream,"Helmet, Safety Vest, Mask",None
2026-07-26 17:15:07,CCTV Stream,"Helmet, Safety Vest, Mask",None
2026-07-26 17:15:07,CCTV Stream,"Helmet, Safety Vest, Mask",None
2026-07-26 17:15:07,CCTV Stream,"Helmet, Safety Vest, Mask",None
2026-07-26 17:15:07,CCTV Stream,"Helmet, Safety Vest, Mask",None
2026-07-26 17:15:07,CCTV Stream,"Helmet, Safety Vest, Mask",None
2026-07-26 17:15:07,CCTV Stream,"Helmet, Safety Vest, Mask",None
2026-07-26 17:15:07,CCTV Stream,"Helmet, Safety Vest, Mask",None
2026-07-26 17:15:07,CCTV Stream,"Helmet, Safety Vest, Mask",None
2026-07-26 17:15:07,CCTV Stream,"Helmet, Safety Vest, Mask",None
2026-07-26 17:15:07,CCTV Stream,"Helmet, Safety Vest, Mask",None
2026-07-26 17:15:07,CCTV Stream,"Helmet, Safety Vest, Mask",None
2026-07-26 17:15:07,CCTV Stream,"Helmet, Safety Vest, Mask",None
2026-07-26 17:15:08,CCTV Stream,"Helmet, Safety Vest, Mask",None
2026-07-26 17:15:08,CCTV Stream,"Helmet, Safety Vest, Mask",None
2026-07-26 17:15:08,CCTV Stream,"Helmet, Safety Vest, Mask",None
2026-07-26 17:15:08,CCTV Stream,"Helmet, Safety Vest, Mask",None
2026-07-26 17:15:08,CCTV Stream,"Helmet, Safety Vest, Mask",None
2026-07-26 17:15:08,CCTV Stream,"Helmet, Safety Vest, Mask",None
2026-07-26 17:15:08,CCTV Stream,"Helmet, Safety Vest, Mask",None
2026-07-26 17:15:08,CCTV Stream,"Helmet, Safety Vest, Mask",None
2026-07-26 17:15:08,CCTV Stream,"Helmet, Safety Vest, Mask",None
2026-07-26 17:15:08,CCTV Stream,"Helmet, Safety Vest, Mask",None
2026-07-26 17:15:08,CCTV Stream,"Helmet, Safety Vest, Mask",None
2026-07-26 17:15:08,CCTV Stream,"Helmet, Safety Vest, Mask",None
2026-07-26 17:15:08,CCTV Stream,"Helmet, Safety Vest, Mask",None
2026-07-26 17:15:08,CCTV Stream,"Helmet, Safety Vest, Mask",None
2026-07-26 17:15:08,CCTV Stream,"Helmet, Safety Vest, Mask",None
2026-07-26 17:15:08,CCTV Stream,"Helmet, Safety Vest, Mask",None
2026-07-26 17:15:09,CCTV Stream,"Helmet, Safety Vest, Mask",None
2026-07-26 17:15:09,CCTV Stream,"Helmet, Safety Vest, Mask",None
2026-07-26 17:15:09,CCTV Stream,"Helmet, Safety Vest, Mask",None
2026-07-26 17:15:09,CCTV Stream,"Helmet, Safety Vest, Mask",None
2026-07-26 17:15:09,CCTV Stream,"Helmet, Safety Vest, Mask",None
2026-07-26 17:15:09,CCTV Stream,"Helmet, Safety Vest, Mask",None
2026-07-26 17:15:09,CCTV Stream,"Helmet, Safety Vest, Mask",None
2026-07-26 17:15:09,CCTV Stream,"Helmet, Safety Vest, Mask",None
2026-07-26 17:15:09,CCTV Stream,"Helmet, Safety Vest, Mask",None
2026-07-26 17:15:09,CCTV Stream,"Helmet, Safety Vest, Mask",None
2026-07-26 17:15:09,CCTV Stream,"Helmet, Safety Vest, Mask",None
2026-07-26 17:15:09,CCTV Stream,"Helmet, Safety Vest, Mask",None
2026-07-26 17:15:09,CCTV Stream,"Helmet, Safety Vest, Mask",None
2026-07-26 17:15:09,CCTV Stream,"Helmet, Safety Vest, Mask",None
2026-07-26 17:15:09,CCTV Stream,"Helmet, Safety Vest, Mask",None
2026-07-26 17:15:09,CCTV Stream,"Helmet, Safety Vest, Mask",None
2026-07-26 17:15:10,CCTV Stream,"Helmet, Safety Vest, Mask",None
2026-07-26 17:15:10,CCTV Stream,"Helmet, Safety Vest, Mask",None
2026-07-26 17:15:10,CCTV Stream,"Helmet, Safety Vest, Mask",None
2026-07-26 17:15:10,CCTV Stream,"Helmet, Safety Vest, Mask",None
2026-07-26 17:15:10,CCTV Stream,"Helmet, Safety Vest, Mask",None
2026-07-26 17:15:10,CCTV Stream,"Helmet, Safety Vest, Mask",None
2026-07-26 17:15:10,CCTV Stream,"Helmet, Safety Vest, Mask",None
2026-07-26 17:15:10,CCTV Stream,"Helmet, Safety Vest, Mask",None
2026-07-26 17:15:10,CCTV Stream,"Helmet, Safety Vest, Mask",None
2026-07-26 17:15:10,CCTV Stream,"Helmet, Safety Vest, Mask",None
2026-07-26 17:15:10,CCTV Stream,"Helmet, Safety Vest, Mask",None
2026-07-26 17:15:10,CCTV Stream,"Helmet, Safety Vest, Mask",None
2026-07-26 17:15:10,CCTV Stream,"Helmet, Safety Vest, Mask",None
2026-07-26 17:15:10,CCTV Stream,"Helmet, Safety Vest, Mask",None
2026-07-26 17:15:10,CCTV Stream,"Helmet, Safety Vest, Mask",None
2026-07-26 17:15:10,CCTV Stream,"Helmet, Safety Vest, Mask",None
2026-07-26 17:15:10,CCTV Stream,"Helmet, Safety Vest, Mask",None
2026-07-26 17:15:11,CCTV Stream,"Helmet, Safety Vest, Mask",None
2026-07-26 17:15:11,CCTV Stream,"Helmet, Safety Vest, Mask",None
2026-07-26 17:15:11,CCTV Stream,"Helmet, Safety Vest, Mask",None
2026-07-26 17:15:11,CCTV Stream,"Helmet, Safety Vest, Mask",None
2026-07-26 17:15:11,CCTV Stream,"Helmet, Safety Vest, Mask",None
2026-07-26 17:15:11,CCTV Stream,"Helmet, Safety Vest, Mask",None
2026-07-26 17:15:11,CCTV Stream,"Helmet, Safety Vest, Mask",None
2026-07-26 17:15:11,CCTV Stream,"Helmet, Safety Vest, Mask",None
2026-07-26 17:15:11,CCTV Stream,"Helmet, Safety Vest, Mask",None
2026-07-26 17:15:11,CCTV Stream,"Helmet, Safety Vest, Mask",None
2026-07-26 17:15:11,CCTV Stream,"Helmet, Safety Vest, Mask",None
2026-07-26 17:15:11,CCTV Stream,"Helmet, Safety Vest, Mask",None
2026-07-26 17:15:11,CCTV Stream,"Helmet, Safety Vest, Mask",None
2026-07-26 17:15:11,CCTV Stream,"Helmet, Safety Vest, Mask",None
2026-07-26 17:15:11,CCTV Stream,"Helmet, Safety Vest, Mask",None
2026-07-26 17:15:11,CCTV Stream,"Helmet, Safety Vest, Mask",None
2026-07-26 17:15:12,CCTV Stream,"Helmet, Safety Vest, Mask",None
2026-07-26 17:15:12,CCTV Stream,"Helmet, Safety Vest, Mask",None
2026-07-26 17:15:12,CCTV Stream,"Helmet, Safety Vest, Mask",None
2026-07-26 17:15:12,CCTV Stream,"Helmet, Safety Vest, Mask",None
2026-07-26 17:15:12,CCTV Stream,"Helmet, Safety Vest, Mask",None
2026-07-26 17:15:12,CCTV Stream,"Helmet, Safety Vest, Mask",None
2026-07-26 17:15:12,CCTV Stream,"Helmet, Safety Vest, Mask",None
2026-07-26 17:15:12,CCTV Stream,"Helmet, Safety Vest, Mask",None
2026-07-26 17:15:12,CCTV Stream,"Helmet, Safety Vest, Mask",None
2026-07-26 17:15:12,CCTV Stream,"Helmet, Safety Vest, Mask",None
2026-07-26 17:15:12,CCTV Stream,"Helmet, Safety Vest, Mask",None
2026-07-26 17:15:12,CCTV Stream,"Helmet, Safety Vest, Mask",None
2026-07-26 17:15:12,CCTV Stream,"Helmet, Safety Vest, Mask",None
2026-07-26 17:15:12,CCTV Stream,"Helmet, Safety Vest, Mask",None
2026-07-26 17:15:12,CCTV Stream,"Helmet, Safety Vest, Mask",None
2026-07-26 17:15:12,CCTV Stream,"Helmet, Safety Vest, Mask",None
2026-07-26 17:15:13,CCTV Stream,"Helmet, Safety Vest, Mask",None
2026-07-26 17:15:13,CCTV Stream,"Helmet, Safety Vest, Mask",None
2026-07-26 17:15:13,CCTV Stream,"Helmet, Safety Vest, Mask",None
2026-07-26 17:15:13,CCTV Stream,"Helmet, Safety Vest, Mask",None
2026-07-26 17:15:13,CCTV Stream,"Helmet, Safety Vest, Mask",None
2026-07-26 17:15:13,CCTV Stream,"Helmet, Safety Vest, Mask",None
2026-07-26 17:15:13,CCTV Stream,"Helmet, Safety Vest, Mask",None
2026-07-26 17:15:13,CCTV Stream,"Helmet, Safety Vest, Mask",None
2026-07-26 17:15:13,CCTV Stream,"Helmet, Safety Vest, Mask",None
2026-07-26 17:15:13,CCTV Stream,"Helmet, Safety Vest, Mask",None
2026-07-26 17:15:13,CCTV Stream,"Helmet, Safety Vest, Mask",None
2026-07-26 17:15:13,CCTV Stream,"Helmet, Safety Vest, Mask",None
2026-07-26 17:15:13,CCTV Stream,"Helmet, Safety Vest, Mask",None
2026-07-26 17:15:13,CCTV Stream,"Helmet, Safety Vest, Mask",None
2026-07-26 17:15:13,CCTV Stream,"Helmet, Safety Vest, Mask",None
2026-07-26 17:15:13,CCTV Stream,"Helmet, Safety Vest, Mask",None
2026-07-26 17:15:13,CCTV Stream,"Helmet, Safety Vest, Mask",None
2026-07-26 17:15:14,CCTV Stream,"Helmet, Safety Vest, Mask",None
2026-07-26 17:15:14,CCTV Stream,"Helmet, Safety Vest, Mask",None
2026-07-26 17:15:14,CCTV Stream,"Helmet, Safety Vest, Mask",None
2026-07-26 17:15:14,CCTV Stream,"Helmet, Safety Vest, Mask",None
2026-07-26 17:15:14,CCTV Stream,"Helmet, Safety Vest, Mask",None
2026-07-26 17:15:14,CCTV Stream,"Helmet, Safety Vest, Mask",None
2026-07-26 17:15:14,CCTV Stream,"Helmet, Safety Vest, Mask",None
2026-07-26 17:15:14,CCTV Stream,"Helmet, Safety Vest, Mask",None
2026-07-26 17:15:14,CCTV Stream,"Helmet, Safety Vest, Mask",None
2026-07-26 17:15:14,CCTV Stream,"Helmet, Safety Vest, Mask",None
2026-07-26 17:15:14,CCTV Stream,"Helmet, Safety Vest, Mask",None
2026-07-26 17:15:14,CCTV Stream,"Helmet, Safety Vest, Mask",None
2026-07-26 17:15:14,CCTV Stream,"Helmet, Safety Vest, Mask",None
2026-07-26 17:15:14,CCTV Stream,"Helmet, Safety Vest, Mask",None
2026-07-26 17:15:14,CCTV Stream,"Helmet, Safety Vest, Mask",None
2026-07-26 17:15:14,CCTV Stream,"Helmet, Safety Vest, Mask",None
2026-07-26 17:15:15,CCTV Stream,"Helmet, Safety Vest, Mask",None
2026-07-26 17:15:15,CCTV Stream,"Helmet, Safety Vest, Mask",None
2026-07-26 17:15:15,CCTV Stream,"Helmet, Safety Vest, Mask",None
2026-07-26 17:15:15,CCTV Stream,"Helmet, Safety Vest, Mask",None
2026-07-26 17:15:15,CCTV Stream,"Helmet, Safety Vest, Mask",None
2026-07-26 17:15:15,CCTV Stream,"Helmet, Safety Vest, Mask",None
2026-07-26 17:15:15,CCTV Stream,"Helmet, Safety Vest, Mask",None
2026-07-26 17:15:15,CCTV Stream,"Helmet, Safety Vest, Mask",None
2026-07-26 17:15:15,CCTV Stream,"Helmet, Safety Vest, Mask",None
2026-07-26 17:15:15,CCTV Stream,"Helmet, Safety Vest, Mask",None
2026-07-26 17:15:15,CCTV Stream,"Helmet, Safety Vest, Mask",None
2026-07-26 17:15:15,CCTV Stream,"Helmet, Safety Vest, Mask",None
2026-07-26 17:15:15,CCTV Stream,"Helmet, Safety Vest, Mask",None
2026-07-26 17:15:15,CCTV Stream,"Helmet, Safety Vest, Mask",None
2026-07-26 17:15:15,CCTV Stream,"Helmet, Safety Vest, Mask",None
2026-07-26 17:15:15,CCTV Stream,"Helmet, Safety Vest, Mask",None
2026-07-26 17:15:16,CCTV Stream,"Helmet, Safety Vest, Mask",None
2026-07-26 17:15:16,CCTV Stream,"Helmet, Safety Vest, Mask",None
2026-07-26 17:15:16,CCTV Stream,"Helmet, Safety Vest, Mask",None
2026-07-26 17:15:16,CCTV Stream,"Helmet, Safety Vest, Mask",None
2026-07-26 17:15:16,CCTV Stream,"Helmet, Safety Vest, Mask",None
2026-07-26 17:15:16,CCTV Stream,"Helmet, Safety Vest, Mask",None
2026-07-26 17:15:16,CCTV Stream,"Helmet, Safety Vest, Mask",None
2026-07-26 17:15:16,CCTV Stream,"Helmet, Safety Vest, Mask",None
2026-07-26 17:15:16,CCTV Stream,"Helmet, Safety Vest, Mask",None
2026-07-26 17:15:16,CCTV Stream,"Helmet, Safety Vest, Mask",None
2026-07-26 17:15:16,CCTV Stream,"Helmet, Safety Vest, Mask",None
2026-07-26 17:15:16,CCTV Stream,"Helmet, Safety Vest, Mask",None
2026-07-26 17:15:16,CCTV Stream,"Helmet, Safety Vest, Mask",None
2026-07-26 17:15:16,CCTV Stream,"Helmet, Safety Vest, Mask",None
2026-07-26 17:15:16,CCTV Stream,"Helmet, Safety Vest, Mask",None
2026-07-26 17:15:16,CCTV Stream,"Helmet, Safety Vest, Mask",None
2026-07-26 17:15:16,CCTV Stream,"Helmet, Safety Vest, Mask",None
2026-07-26 17:15:17,CCTV Stream,"Helmet, Safety Vest, Mask",None
2026-07-26 17:15:17,CCTV Stream,"Helmet, Safety Vest, Mask",None
2026-07-26 17:15:17,CCTV Stream,"Helmet, Safety Vest, Mask",None
2026-07-26 17:15:17,CCTV Stream,"Helmet, Safety Vest, Mask",None
2026-07-26 17:15:17,CCTV Stream,"Helmet, Safety Vest, Mask",None
2026-07-26 17:15:17,CCTV Stream,"Helmet, Safety Vest, Mask",None
2026-07-26 17:15:17,CCTV Stream,"Helmet, Safety Vest, Mask",None
2026-07-26 17:15:17,CCTV Stream,"Helmet, Safety Vest, Mask",None
2026-07-26 17:15:17,CCTV Stream,"Helmet, Safety Vest, Mask",None
2026-07-26 17:15:17,CCTV Stream,"Helmet, Safety Vest, Mask",None
2026-07-26 17:15:17,CCTV Stream,"Helmet, Safety Vest, Mask",None
2026-07-26 17:15:17,CCTV Stream,"Helmet, Safety Vest, Mask",None
2026-07-26 17:15:17,CCTV Stream,"Helmet, Safety Vest, Mask",None
2026-07-26 17:15:17,CCTV Stream,"Helmet, Safety Vest, Mask",None
2026-07-26 17:15:17,CCTV Stream,"Helmet, Safety Vest, Mask",None
2026-07-26 17:15:17,CCTV Stream,"Helmet, Safety Vest, Mask",None
2026-07-26 17:15:18,CCTV Stream,"Helmet, Safety Vest, Mask",None
2026-07-26 17:15:18,CCTV Stream,"Helmet, Safety Vest, Mask",None
2026-07-26 17:15:18,CCTV Stream,"Helmet, Safety Vest, Mask",None
2026-07-26 17:15:18,CCTV Stream,"Helmet, Safety Vest, Mask",None
2026-07-26 17:15:18,CCTV Stream,"Helmet, Safety Vest, Mask",None
2026-07-26 17:15:18,CCTV Stream,"Helmet, Safety Vest, Mask",None
2026-07-26 17:15:18,CCTV Stream,"Helmet, Safety Vest, Mask",None
2026-07-26 17:15:18,CCTV Stream,"Helmet, Safety Vest, Mask",None
2026-07-26 17:15:18,CCTV Stream,"Helmet, Safety Vest, Mask",None
2026-07-26 17:15:18,CCTV Stream,"Helmet, Safety Vest, Mask",None
2026-07-26 17:15:18,CCTV Stream,"Helmet, Safety Vest, Mask",None
2026-07-26 17:15:18,CCTV Stream,"Helmet, Safety Vest, Mask",None
2026-07-26 17:15:18,CCTV Stream,"Helmet, Safety Vest, Mask",None
2026-07-26 17:15:18,CCTV Stream,"Helmet, Safety Vest, Mask",None
2026-07-26 17:15:18,CCTV Stream,"Helmet, Safety Vest, Mask",None
2026-07-26 17:15:18,CCTV Stream,"Helmet, Safety Vest, Mask",None
2026-07-26 17:15:19,CCTV Stream,"Helmet, Safety Vest, Mask",None
2026-07-26 17:15:19,CCTV Stream,"Helmet, Safety Vest, Mask",None
2026-07-26 17:15:19,CCTV Stream,"Helmet, Safety Vest, Mask",None
2026-07-26 17:15:19,CCTV Stream,"Helmet, Safety Vest, Mask",None
2026-07-26 17:15:19,CCTV Stream,"Helmet, Safety Vest, Mask",None
2026-07-26 17:15:19,CCTV Stream,"Helmet, Safety Vest, Mask",None
2026-07-26 17:15:19,CCTV Stream,"Helmet, Safety Vest, Mask",None
2026-07-26 17:15:19,CCTV Stream,"Helmet, Safety Vest, Mask",None
2026-07-26 17:15:19,CCTV Stream,"Helmet, Safety Vest, Mask",None
2026-07-26 17:15:19,CCTV Stream,"Helmet, Safety Vest, Mask",None
2026-07-26 17:15:19,CCTV Stream,"Helmet, Safety Vest, Mask",None
2026-07-26 17:15:19,CCTV Stream,"Helmet, Safety Vest, Mask",None
2026-07-26 17:15:19,CCTV Stream,"Helmet, Safety Vest, Mask",None
2026-07-26 17:15:19,CCTV Stream,"Helmet, Safety Vest, Mask",None
2026-07-26 17:15:19,CCTV Stream,"Helmet, Safety Vest, Mask",None
2026-07-26 17:15:19,CCTV Stream,"Helmet, Safety Vest, Mask",None
2026-07-26 17:15:20,CCTV Stream,"Helmet, Safety Vest, Mask",None
2026-07-26 17:15:20,CCTV Stream,"Helmet, Safety Vest, Mask",None
2026-07-26 17:15:20,CCTV Stream,"Helmet, Safety Vest, Mask",None
2026-07-26 17:15:20,CCTV Stream,"Helmet, Safety Vest, Mask",None
2026-07-26 17:15:20,CCTV Stream,"Helmet, Safety Vest, Mask",None
2026-07-26 17:15:20,CCTV Stream,"Helmet, Safety Vest, Mask",None
2026-07-26 17:15:20,CCTV Stream,"Helmet, Safety Vest, Mask",None
2026-07-26 17:15:20,CCTV Stream,"Helmet, Safety Vest, Mask",None
2026-07-26 17:15:20,CCTV Stream,"Helmet, Safety Vest, Mask",None
2026-07-26 17:15:20,CCTV Stream,"Helmet, Safety Vest, Mask",None
2026-07-26 17:15:20,CCTV Stream,"Helmet, Safety Vest, Mask",None
2026-07-26 17:15:20,CCTV Stream,"Helmet, Safety Vest, Mask",None
2026-07-26 17:15:20,CCTV Stream,"Helmet, Safety Vest, Mask",None
2026-07-26 17:15:20,CCTV Stream,"Helmet, Safety Vest, Mask",None
2026-07-26 17:15:20,CCTV Stream,"Helmet, Safety Vest, Mask",None
2026-07-26 17:15:20,CCTV Stream,"Helmet, Safety Vest, Mask",None
2026-07-26 17:15:20,CCTV Stream,"Helmet, Safety Vest, Mask",None
2026-07-26 17:15:21,CCTV Stream,"Helmet, Safety Vest, Mask",None
2026-07-26 17:15:21,CCTV Stream,"Helmet, Safety Vest, Mask",None
2026-07-26 17:15:21,CCTV Stream,"Helmet, Safety Vest, Mask",None
2026-07-26 17:15:21,CCTV Stream,"Helmet, Safety Vest, Mask",None
2026-07-26 17:15:21,CCTV Stream,"Helmet, Safety Vest, Mask",None
2026-07-26 17:15:21,CCTV Stream,"Helmet, Safety Vest, Mask",None
2026-07-26 17:15:21,CCTV Stream,"Helmet, Safety Vest, Mask",None
2026-07-26 17:15:21,CCTV Stream,"Helmet, Safety Vest, Mask",None
2026-07-26 17:15:21,CCTV Stream,"Helmet, Safety Vest, Mask",None
2026-07-26 17:15:21,CCTV Stream,"Helmet, Safety Vest, Mask",None
2026-07-26 17:15:21,CCTV Stream,"Helmet, Safety Vest, Mask",None
2026-07-26 17:15:21,CCTV Stream,"Helmet, Safety Vest, Mask",None
2026-07-26 17:15:21,CCTV Stream,"Helmet, Safety Vest, Mask",None
2026-07-26 17:15:21,CCTV Stream,"Helmet, Safety Vest, Mask",None
2026-07-26 17:15:21,CCTV Stream,"Helmet, Safety Vest, Mask",None
2026-07-26 17:15:21,CCTV Stream,"Helmet, Safety Vest, Mask",None
2026-07-26 17:15:21,CCTV Stream,"Helmet, Safety Vest, Mask",None
2026-07-26 17:15:22,CCTV Stream,"Helmet, Safety Vest, Mask",None
2026-07-26 17:15:22,CCTV Stream,"Helmet, Safety Vest, Mask",None
2026-07-26 17:15:22,CCTV Stream,"Helmet, Safety Vest, Mask",None
2026-07-26 17:15:22,CCTV Stream,"Helmet, Safety Vest, Mask",None
2026-07-26 17:15:22,CCTV Stream,"Helmet, Safety Vest, Mask",None
2026-07-26 17:15:22,CCTV Stream,"Helmet, Safety Vest, Mask",None
2026-07-26 17:15:22,CCTV Stream,"Helmet, Safety Vest, Mask",None
2026-07-26 17:15:22,CCTV Stream,"Helmet, Safety Vest, Mask",None
2026-07-26 17:15:22,CCTV Stream,"Helmet, Safety Vest, Mask",None
2026-07-26 17:15:22,CCTV Stream,"Helmet, Safety Vest, Mask",None
2026-07-26 17:15:22,CCTV Stream,"Helmet, Safety Vest, Mask",None
2026-07-26 17:15:22,CCTV Stream,"Helmet, Safety Vest, Mask",None
2026-07-26 17:15:22,CCTV Stream,"Helmet, Safety Vest, Mask",None
2026-07-26 17:15:22,CCTV Stream,"Helmet, Safety Vest, Mask",None
2026-07-26 17:15:22,CCTV Stream,"Helmet, Safety Vest, Mask",None
2026-07-26 17:15:23,CCTV Stream,"Helmet, Safety Vest, Mask",None
2026-07-26 17:15:23,CCTV Stream,"Helmet, Safety Vest, Mask",None
2026-07-26 17:15:23,CCTV Stream,"Helmet, Safety Vest, Mask",None
2026-07-26 17:15:23,CCTV Stream,"Helmet, Safety Vest, Mask",None
2026-07-26 17:15:23,CCTV Stream,"Helmet, Safety Vest, Mask",None
2026-07-26 17:15:23,CCTV Stream,"Helmet, Safety Vest, Mask",None
2026-07-26 17:15:23,CCTV Stream,"Helmet, Safety Vest, Mask",None
2026-07-26 17:15:23,CCTV Stream,"Helmet, Safety Vest, Mask",None
2026-07-26 17:15:23,CCTV Stream,"Helmet, Safety Vest, Mask",None
2026-07-26 17:15:23,CCTV Stream,"Helmet, Safety Vest, Mask",None
2026-07-26 17:15:23,CCTV Stream,"Helmet, Safety Vest, Mask",None
2026-07-26 17:15:23,CCTV Stream,"Helmet, Safety Vest, Mask",None
2026-07-26 17:15:23,CCTV Stream,"Helmet, Safety Vest, Mask",None
2026-07-26 17:15:23,CCTV Stream,"Helmet, Safety Vest, Mask",None
2026-07-26 17:15:23,CCTV Stream,"Helmet, Safety Vest, Mask",None
2026-07-26 17:15:23,CCTV Stream,"Helmet, Safety Vest, Mask",None
2026-07-26 17:15:23,CCTV Stream,"Helmet, Safety Vest, Mask",None
2026-07-26 17:15:24,CCTV Stream,"Helmet, Safety Vest, Mask",None
2026-07-26 17:15:24,CCTV Stream,"Helmet, Safety Vest, Mask",None
2026-07-26 17:15:24,CCTV Stream,"Helmet, Safety Vest, Mask",None
2026-07-26 17:15:24,CCTV Stream,"Helmet, Safety Vest, Mask",None
2026-07-26 17:15:24,CCTV Stream,"Helmet, Safety Vest, Mask",None
2026-07-26 17:15:24,CCTV Stream,"Helmet, Safety Vest, Mask",None
2026-07-26 17:15:24,CCTV Stream,"Helmet, Safety Vest, Mask",None
2026-07-26 17:15:24,CCTV Stream,"Helmet, Safety Vest, Mask",None
2026-07-26 17:15:24,CCTV Stream,"Helmet, Safety Vest, Mask",None
2026-07-26 17:15:24,CCTV Stream,"Helmet, Safety Vest, Mask",None
2026-07-26 17:15:24,CCTV Stream,"Helmet, Safety Vest, Mask",None
2026-07-26 17:15:24,CCTV Stream,"Helmet, Safety Vest, Mask",None
2026-07-26 17:15:24,CCTV Stream,"Helmet, Safety Vest, Mask",None
2026-07-26 17:15:24,CCTV Stream,"Helmet, Safety Vest, Mask",None
2026-07-26 17:15:24,CCTV Stream,"Helmet, Safety Vest, Mask",None
2026-07-26 17:15:24,CCTV Stream,"Helmet, Safety Vest, Mask",None
2026-07-26 17:15:25,CCTV Stream,"Helmet, Safety Vest, Mask",None
2026-07-26 17:15:25,CCTV Stream,"Helmet, Safety Vest, Mask",None
2026-07-26 17:15:25,CCTV Stream,"Helmet, Safety Vest, Mask",None
2026-07-26 17:15:25,CCTV Stream,"Helmet, Safety Vest, Mask",None
2026-07-26 17:15:25,CCTV Stream,"Helmet, Safety Vest, Mask",None
2026-07-26 17:15:25,CCTV Stream,"Helmet, Safety Vest, Mask",None
2026-07-26 17:15:25,CCTV Stream,"Helmet, Safety Vest, Mask",None
2026-07-26 17:15:25,CCTV Stream,"Helmet, Safety Vest, Mask",None
2026-07-26 17:15:25,CCTV Stream,"Helmet, Safety Vest, Mask",None
2026-07-26 17:15:25,CCTV Stream,"Helmet, Safety Vest, Mask",None
2026-07-26 17:15:25,CCTV Stream,"Helmet, Safety Vest, Mask",None
2026-07-26 17:15:25,CCTV Stream,"Helmet, Safety Vest, Mask",None
2026-07-26 17:15:25,CCTV Stream,"Helmet, Safety Vest, Mask",None
2026-07-26 17:15:25,CCTV Stream,"Helmet, Safety Vest, Mask",None
2026-07-26 17:15:25,CCTV Stream,"Helmet, Safety Vest, Mask",None
2026-07-26 17:15:25,CCTV Stream,"Helmet, Safety Vest, Mask",None
2026-07-26 17:15:25,CCTV Stream,"Helmet, Safety Vest, Mask",None
2026-07-26 17:15:26,CCTV Stream,"Helmet, Safety Vest, Mask",None
2026-07-26 17:15:26,CCTV Stream,"Helmet, Safety Vest, Mask",None
2026-07-26 17:15:26,CCTV Stream,"Helmet, Safety Vest, Mask",None
2026-07-26 17:15:26,CCTV Stream,"Helmet, Safety Vest, Mask",None
2026-07-26 17:15:26,CCTV Stream,"Helmet, Safety Vest, Mask",None
2026-07-26 17:15:26,CCTV Stream,"Helmet, Safety Vest, Mask",None
2026-07-26 17:15:26,CCTV Stream,"Helmet, Safety Vest, Mask",None
2026-07-26 17:15:26,CCTV Stream,"Helmet, Safety Vest, Mask",None
2026-07-26 17:15:26,CCTV Stream,"Helmet, Safety Vest, Mask",None
2026-07-26 17:15:26,CCTV Stream,"Helmet, Safety Vest, Mask",None
2026-07-26 17:15:26,CCTV Stream,"Helmet, Safety Vest, Mask",None
2026-07-26 17:15:26,CCTV Stream,"Helmet, Safety Vest, Mask",None
2026-07-26 17:15:26,CCTV Stream,"Helmet, Safety Vest, Mask",None
2026-07-26 17:15:26,CCTV Stream,"Helmet, Safety Vest, Mask",None
2026-07-26 17:15:26,CCTV Stream,"Helmet, Safety Vest, Mask",None
2026-07-26 17:15:26,CCTV Stream,"Helmet, Safety Vest, Mask",None
2026-07-26 17:15:27,CCTV Stream,"Helmet, Safety Vest, Mask",None
2026-07-26 17:15:27,CCTV Stream,"Helmet, Safety Vest, Mask",None
2026-07-26 17:15:27,CCTV Stream,"Helmet, Safety Vest, Mask",None
2026-07-26 17:15:27,CCTV Stream,"Helmet, Safety Vest, Mask",None
2026-07-26 17:15:27,CCTV Stream,"Helmet, Safety Vest, Mask",None
2026-07-26 17:15:27,CCTV Stream,"Helmet, Safety Vest, Mask",None
2026-07-26 17:15:27,CCTV Stream,"Helmet, Safety Vest, Mask",None
2026-07-26 17:15:27,CCTV Stream,"Helmet, Safety Vest, Mask",None
2026-07-26 17:15:27,CCTV Stream,"Helmet, Safety Vest, Mask",None
2026-07-26 17:15:27,CCTV Stream,"Helmet, Safety Vest, Mask",None
2026-07-26 17:15:27,CCTV Stream,"Helmet, Safety Vest, Mask",None
2026-07-26 17:15:27,CCTV Stream,"Helmet, Safety Vest, Mask",None
2026-07-26 17:15:27,CCTV Stream,"Helmet, Safety Vest, Mask",None
2026-07-26 17:15:27,CCTV Stream,"Helmet, Safety Vest, Mask",None
2026-07-26 17:15:27,CCTV Stream,"Helmet, Safety Vest, Mask",None
2026-07-26 17:15:27,CCTV Stream,"Helmet, Safety Vest, Mask",None
2026-07-26 17:15:28,CCTV Stream,"Helmet, Safety Vest, Mask",None
2026-07-26 17:15:28,CCTV Stream,"Helmet, Safety Vest, Mask",None
2026-07-26 17:15:28,CCTV Stream,"Helmet, Safety Vest, Mask",None
2026-07-26 17:15:28,CCTV Stream,"Helmet, Safety Vest, Mask",None
2026-07-26 17:15:28,CCTV Stream,"Helmet, Safety Vest, Mask",None
2026-07-26 17:15:28,CCTV Stream,"Helmet, Safety Vest, Mask",None
2026-07-26 17:15:28,CCTV Stream,"Helmet, Safety Vest, Mask",None
2026-07-26 17:15:28,CCTV Stream,"Helmet, Safety Vest, Mask",None
2026-07-26 17:15:28,CCTV Stream,"Helmet, Safety Vest, Mask",None
2026-07-26 17:15:28,CCTV Stream,"Helmet, Safety Vest, Mask",None
2026-07-26 17:15:28,CCTV Stream,"Helmet, Safety Vest, Mask",None
2026-07-26 17:15:28,CCTV Stream,"Helmet, Safety Vest, Mask",None
2026-07-26 17:15:28,CCTV Stream,"Helmet, Safety Vest, Mask",None
2026-07-26 17:15:28,CCTV Stream,"Helmet, Safety Vest, Mask",None
2026-07-26 17:15:28,CCTV Stream,"Helmet, Safety Vest, Mask",None
2026-07-26 17:15:28,CCTV Stream,"Helmet, Safety Vest, Mask",None
2026-07-26 17:15:28,CCTV Stream,"Helmet, Safety Vest, Mask",None
2026-07-26 17:15:29,CCTV Stream,"Helmet, Safety Vest, Mask",None
2026-07-26 17:15:29,CCTV Stream,"Helmet, Safety Vest, Mask",None
2026-07-26 17:15:29,CCTV Stream,"Helmet, Safety Vest, Mask",None
2026-07-26 17:15:29,CCTV Stream,"Helmet, Safety Vest, Mask",None
2026-07-26 17:15:29,CCTV Stream,"Helmet, Safety Vest, Mask",None
2026-07-26 17:15:29,CCTV Stream,"Helmet, Safety Vest, Mask",None
2026-07-26 17:15:29,CCTV Stream,"Helmet, Safety Vest, Mask",None
2026-07-26 17:15:29,CCTV Stream,"Helmet, Safety Vest, Mask",None
2026-07-26 17:15:29,CCTV Stream,"Helmet, Safety Vest, Mask",None
2026-07-26 17:15:29,CCTV Stream,"Helmet, Safety Vest, Mask",None
2026-07-26 17:15:29,CCTV Stream,"Helmet, Safety Vest, Mask",None
2026-07-26 17:15:29,CCTV Stream,"Helmet, Safety Vest, Mask",None
2026-07-26 17:15:29,CCTV Stream,"Helmet, Safety Vest, Mask",None
2026-07-26 17:15:29,CCTV Stream,"Helmet, Safety Vest, Mask",None
2026-07-26 17:15:29,CCTV Stream,"Helmet, Safety Vest, Mask",None
2026-07-26 17:15:29,CCTV Stream,"Helmet, Safety Vest, Mask",None
2026-07-26 17:15:30,CCTV Stream,"Helmet, Safety Vest, Mask",None
2026-07-26 17:15:30,CCTV Stream,"Helmet, Safety Vest, Mask",None
2026-07-26 17:15:30,CCTV Stream,"Helmet, Safety Vest, Mask",None
2026-07-26 17:15:30,CCTV Stream,"Helmet, Safety Vest, Mask",None
2026-07-26 17:15:30,CCTV Stream,"Helmet, Safety Vest, Mask",None
2026-07-26 17:15:30,CCTV Stream,"Helmet, Safety Vest, Mask",None
2026-07-26 17:15:30,CCTV Stream,"Helmet, Safety Vest, Mask",None
2026-07-26 17:15:30,CCTV Stream,"Helmet, Safety Vest, Mask",None
2026-07-26 17:15:30,CCTV Stream,"Helmet, Safety Vest, Mask",None
2026-07-26 17:15:30,CCTV Stream,"Helmet, Safety Vest, Mask",None
2026-07-26 17:15:30,CCTV Stream,"Helmet, Safety Vest, Mask",None
2026-07-26 17:15:30,CCTV Stream,"Helmet, Safety Vest, Mask",None
2026-07-26 17:15:30,CCTV Stream,"Helmet, Safety Vest, Mask",None
2026-07-26 17:15:30,CCTV Stream,"Helmet, Safety Vest, Mask",None
2026-07-26 17:15:30,CCTV Stream,"Helmet, Safety Vest, Mask",None
2026-07-26 17:15:30,CCTV Stream,"Helmet, Safety Vest, Mask",None
2026-07-26 17:15:31,CCTV Stream,"Helmet, Safety Vest, Mask",None
2026-07-26 17:15:31,CCTV Stream,"Helmet, Safety Vest, Mask",None
2026-07-26 17:15:31,CCTV Stream,"Helmet, Safety Vest, Mask",None
2026-07-26 17:15:31,CCTV Stream,"Helmet, Safety Vest, Mask",None
2026-07-26 17:15:31,CCTV Stream,"Helmet, Safety Vest, Mask",None
2026-07-26 17:15:31,CCTV Stream,"Helmet, Safety Vest, Mask",None
2026-07-26 17:15:31,CCTV Stream,"Helmet, Safety Vest, Mask",None
2026-07-26 17:15:31,CCTV Stream,"Helmet, Safety Vest, Mask",None
2026-07-26 17:15:31,CCTV Stream,"Helmet, Safety Vest, Mask",None
2026-07-26 17:15:31,CCTV Stream,"Helmet, Safety Vest, Mask",None
2026-07-26 17:15:31,CCTV Stream,"Helmet, Safety Vest, Mask",None
2026-07-26 17:15:31,CCTV Stream,"Helmet, Safety Vest, Mask",None
2026-07-26 17:15:31,CCTV Stream,"Helmet, Safety Vest, Mask",None
2026-07-26 17:15:31,CCTV Stream,"Helmet, Safety Vest, Mask",None
2026-07-26 17:15:31,CCTV Stream,"Helmet, Safety Vest, Mask",None
2026-07-26 17:15:31,CCTV Stream,"Helmet, Safety Vest, Mask",None
2026-07-26 17:15:32,CCTV Stream,"Helmet, Safety Vest, Mask",None
2026-07-26 17:15:32,CCTV Stream,"Helmet, Safety Vest, Mask",None
2026-07-26 17:15:32,CCTV Stream,"Helmet, Safety Vest, Mask",None
2026-07-26 17:15:32,CCTV Stream,"Helmet, Safety Vest, Mask",None
2026-07-26 17:15:32,CCTV Stream,"Helmet, Safety Vest, Mask",None
2026-07-26 17:15:32,CCTV Stream,"Helmet, Safety Vest, Mask",None
2026-07-26 17:15:32,CCTV Stream,"Helmet, Safety Vest, Mask",None
2026-07-26 17:15:32,CCTV Stream,"Helmet, Safety Vest, Mask",None
2026-07-26 17:15:32,CCTV Stream,"Helmet, Safety Vest, Mask",None
2026-07-26 17:15:32,CCTV Stream,"Helmet, Safety Vest, Mask",None
2026-07-26 17:15:32,CCTV Stream,"Helmet, Safety Vest, Mask",None
2026-07-26 17:15:32,CCTV Stream,"Helmet, Safety Vest, Mask",None
2026-07-26 17:15:32,CCTV Stream,"Helmet, Safety Vest, Mask",None
2026-07-26 17:15:32,CCTV Stream,"Helmet, Safety Vest, Mask",None
2026-07-26 17:15:32,CCTV Stream,"Helmet, Safety Vest, Mask",None
2026-07-26 17:15:32,CCTV Stream,"Helmet, Safety Vest, Mask",None
2026-07-26 17:15:32,CCTV Stream,"Helmet, Safety Vest, Mask",None
2026-07-26 17:15:33,CCTV Stream,"Helmet, Safety Vest, Mask",None
2026-07-26 17:15:33,CCTV Stream,"Helmet, Safety Vest, Mask",None
2026-07-26 17:15:33,CCTV Stream,"Helmet, Safety Vest, Mask",None
2026-07-26 17:15:33,CCTV Stream,"Helmet, Safety Vest, Mask",None
2026-07-26 17:15:33,CCTV Stream,"Helmet, Safety Vest, Mask",None
2026-07-26 17:15:33,CCTV Stream,"Helmet, Safety Vest, Mask",None
2026-07-26 17:15:33,CCTV Stream,"Helmet, Safety Vest, Mask",None
2026-07-26 17:15:33,CCTV Stream,"Helmet, Safety Vest, Mask",None
2026-07-26 17:15:33,CCTV Stream,"Helmet, Safety Vest, Mask",None
2026-07-26 17:15:33,CCTV Stream,"Helmet, Safety Vest, Mask",None
2026-07-26 17:15:33,CCTV Stream,"Helmet, Safety Vest, Mask",None
2026-07-26 17:15:33,CCTV Stream,"Helmet, Safety Vest, Mask",None
2026-07-26 17:15:33,CCTV Stream,"Helmet, Safety Vest, Mask",None
2026-07-26 17:15:33,CCTV Stream,"Helmet, Safety Vest, Mask",None
2026-07-26 17:15:33,CCTV Stream,"Helmet, Safety Vest, Mask",None
2026-07-26 17:15:33,CCTV Stream,"Helmet, Safety Vest, Mask",None
2026-07-26 17:15:34,CCTV Stream,"Helmet, Safety Vest, Mask",None
2026-07-26 17:15:34,CCTV Stream,"Helmet, Safety Vest, Mask",None
2026-07-26 17:15:34,CCTV Stream,"Helmet, Safety Vest, Mask",None
2026-07-26 17:15:34,CCTV Stream,"Helmet, Safety Vest, Mask",None
2026-07-26 17:15:34,CCTV Stream,"Helmet, Safety Vest, Mask",None
2026-07-26 17:15:34,CCTV Stream,"Helmet, Safety Vest, Mask",None
2026-07-26 17:15:34,CCTV Stream,"Helmet, Safety Vest, Mask",None
2026-07-26 17:15:34,CCTV Stream,"Helmet, Safety Vest, Mask",None
2026-07-26 17:15:34,CCTV Stream,"Helmet, Safety Vest, Mask",None
2026-07-26 17:15:34,CCTV Stream,"Helmet, Safety Vest, Mask",None
2026-07-26 17:15:34,CCTV Stream,"Helmet, Safety Vest, Mask",None
2026-07-26 17:15:34,CCTV Stream,"Helmet, Safety Vest, Mask",None
2026-07-26 17:15:34,CCTV Stream,"Helmet, Safety Vest, Mask",None
2026-07-26 17:15:34,CCTV Stream,"Helmet, Safety Vest, Mask",None
2026-07-26 17:15:34,CCTV Stream,"Helmet, Safety Vest, Mask",None
2026-07-26 17:15:34,CCTV Stream,"Helmet, Safety Vest, Mask",None
2026-07-26 17:15:35,CCTV Stream,"Helmet, Safety Vest, Mask",None
2026-07-26 17:15:35,CCTV Stream,"Helmet, Safety Vest, Mask",None
2026-07-26 17:15:35,CCTV Stream,"Helmet, Safety Vest, Mask",None
2026-07-26 17:15:35,CCTV Stream,"Helmet, Safety Vest, Mask",None
2026-07-26 17:15:35,CCTV Stream,"Helmet, Safety Vest, Mask",None
2026-07-26 17:15:35,CCTV Stream,"Helmet, Safety Vest, Mask",None
2026-07-26 17:15:35,CCTV Stream,"Helmet, Safety Vest, Mask",None
2026-07-26 17:15:35,CCTV Stream,"Helmet, Safety Vest, Mask",None
2026-07-26 17:15:35,CCTV Stream,"Helmet, Safety Vest, Mask",None
2026-07-26 17:15:35,CCTV Stream,"Helmet, Safety Vest, Mask",None
2026-07-26 17:15:35,CCTV Stream,"Helmet, Safety Vest, Mask",None
2026-07-26 17:15:35,CCTV Stream,"Helmet, Safety Vest, Mask",None
2026-07-26 17:15:35,CCTV Stream,"Helmet, Safety Vest, Mask",None
2026-07-26 17:15:35,CCTV Stream,"Helmet, Safety Vest, Mask",None
2026-07-26 17:15:35,CCTV Stream,"Helmet, Safety Vest, Mask",None
2026-07-26 17:15:35,CCTV Stream,"Helmet, Safety Vest, Mask",None
2026-07-26 17:15:36,CCTV Stream,"Helmet, Safety Vest, Mask",None
2026-07-26 17:15:36,CCTV Stream,"Helmet, Safety Vest, Mask",None
2026-07-26 17:15:36,CCTV Stream,"Helmet, Safety Vest, Mask",None
2026-07-26 17:15:36,CCTV Stream,"Helmet, Safety Vest, Mask",None
2026-07-26 17:15:36,CCTV Stream,"Helmet, Safety Vest, Mask",None
2026-07-26 17:15:36,CCTV Stream,"Helmet, Safety Vest, Mask",None
2026-07-26 17:15:36,CCTV Stream,"Helmet, Safety Vest, Mask",None
2026-07-26 17:15:36,CCTV Stream,"Helmet, Safety Vest, Mask",None
2026-07-26 17:15:36,CCTV Stream,"Helmet, Safety Vest, Mask",None
2026-07-26 17:15:36,CCTV Stream,"Helmet, Safety Vest, Mask",None
2026-07-26 17:15:36,CCTV Stream,"Helmet, Safety Vest, Mask",None
2026-07-26 17:15:36,CCTV Stream,"Helmet, Safety Vest, Mask",None
2026-07-26 17:15:36,CCTV Stream,"Helmet, Safety Vest, Mask",None
2026-07-26 17:15:36,CCTV Stream,"Helmet, Safety Vest, Mask",None
2026-07-26 17:15:37,CCTV Stream,"Helmet, Safety Vest, Mask",None
2026-07-26 17:15:37,CCTV Stream,"Helmet, Safety Vest, Mask",None
2026-07-26 17:15:37,CCTV Stream,"Helmet, Safety Vest, Mask",None
2026-07-26 17:15:37,CCTV Stream,"Helmet, Safety Vest, Mask",None
2026-07-26 17:15:37,CCTV Stream,"Helmet, Safety Vest, Mask",None
2026-07-26 17:15:37,CCTV Stream,"Helmet, Safety Vest, Mask",None
2026-07-26 17:15:37,CCTV Stream,"Helmet, Safety Vest, Mask",None
2026-07-26 17:15:37,CCTV Stream,"Helmet, Safety Vest, Mask",None
2026-07-26 17:15:37,CCTV Stream,"Helmet, Safety Vest, Mask",None
2026-07-26 17:15:37,CCTV Stream,"Helmet, Safety Vest, Mask",None
2026-07-26 17:15:37,CCTV Stream,"Helmet, Safety Vest, Mask",None
2026-07-26 17:15:37,CCTV Stream,"Helmet, Safety Vest, Mask",None
2026-07-26 17:15:38,CCTV Stream,"Helmet, Safety Vest, Mask",None
2026-07-26 17:15:38,CCTV Stream,"Helmet, Safety Vest, Mask",None
2026-07-26 17:15:38,CCTV Stream,"Helmet, Safety Vest, Mask",None
2026-07-26 17:15:38,CCTV Stream,"Helmet, Safety Vest, Mask",None
2026-07-26 17:15:38,CCTV Stream,"Helmet, Safety Vest, Mask",None
2026-07-26 17:15:38,CCTV Stream,"Helmet, Safety Vest, Mask",None
2026-07-26 17:15:38,CCTV Stream,"Helmet, Safety Vest, Mask",None
2026-07-26 17:15:38,CCTV Stream,"Helmet, Safety Vest, Mask",None
2026-07-26 17:15:38,CCTV Stream,"Helmet, Safety Vest, Mask",None
2026-07-26 17:15:38,CCTV Stream,"Helmet, Safety Vest, Mask",None
2026-07-26 17:15:38,CCTV Stream,"Helmet, Safety Vest, Mask",None
2026-07-26 17:15:38,CCTV Stream,"Helmet, Safety Vest, Mask",None
2026-07-26 17:15:38,CCTV Stream,"Helmet, Safety Vest, Mask",None
2026-07-26 17:15:38,CCTV Stream,"Helmet, Safety Vest, Mask",None
2026-07-26 17:15:38,CCTV Stream,"Helmet, Safety Vest, Mask",None
2026-07-26 17:15:38,CCTV Stream,"Helmet, Safety Vest, Mask",None
2026-07-26 17:15:39,CCTV Stream,"Helmet, Safety Vest, Mask",None
2026-07-26 17:15:39,CCTV Stream,"Helmet, Safety Vest, Mask",None
2026-07-26 17:15:39,CCTV Stream,"Helmet, Safety Vest, Mask",None
2026-07-26 17:15:39,CCTV Stream,"Helmet, Safety Vest, Mask",None
2026-07-26 17:15:39,CCTV Stream,"Helmet, Safety Vest, Mask",None
2026-07-26 17:15:39,CCTV Stream,"Helmet, Safety Vest, Mask",None
2026-07-26 17:15:39,CCTV Stream,"Helmet, Safety Vest, Mask",None
2026-07-26 17:15:39,CCTV Stream,"Helmet, Safety Vest, Mask",None
2026-07-26 17:15:39,CCTV Stream,"Helmet, Safety Vest, Mask",None
2026-07-26 17:15:39,CCTV Stream,"Helmet, Safety Vest, Mask",None
2026-07-26 17:15:39,CCTV Stream,"Helmet, Safety Vest, Mask",None
2026-07-26 17:15:39,CCTV Stream,"Helmet, Safety Vest, Mask",None
2026-07-26 17:15:39,CCTV Stream,"Helmet, Safety Vest, Mask",None
2026-07-26 17:15:40,CCTV Stream,"Helmet, Safety Vest, Mask",None
2026-07-26 17:15:40,CCTV Stream,"Helmet, Safety Vest, Mask",None
2026-07-26 17:15:40,CCTV Stream,"Helmet, Safety Vest, Mask",None
2026-07-26 17:15:40,CCTV Stream,"Helmet, Safety Vest, Mask",None
2026-07-26 17:15:40,CCTV Stream,"Helmet, Safety Vest, Mask",None
2026-07-26 17:15:40,CCTV Stream,"Helmet, Safety Vest, Mask",None
2026-07-26 17:15:40,CCTV Stream,"Helmet, Safety Vest, Mask",None
2026-07-26 17:15:40,CCTV Stream,"Helmet, Safety Vest, Mask",None
2026-07-26 17:15:40,CCTV Stream,"Helmet, Safety Vest, Mask",None
2026-07-26 17:15:40,CCTV Stream,"Helmet, Safety Vest, Mask",None
2026-07-26 17:15:40,CCTV Stream,"Helmet, Safety Vest, Mask",None
2026-07-26 17:15:40,CCTV Stream,"Helmet, Safety Vest, Mask",None
2026-07-26 17:15:40,CCTV Stream,"Helmet, Safety Vest, Mask",None
2026-07-26 17:15:40,CCTV Stream,"Helmet, Safety Vest, Mask",None
2026-07-26 17:15:40,CCTV Stream,"Helmet, Safety Vest, Mask",None
2026-07-26 17:15:41,CCTV Stream,"Helmet, Safety Vest, Mask",None
2026-07-26 17:15:41,CCTV Stream,"Helmet, Safety Vest, Mask",None
2026-07-26 17:15:41,CCTV Stream,"Helmet, Safety Vest, Mask",None
2026-07-26 17:15:41,CCTV Stream,"Helmet, Safety Vest, Mask",None
2026-07-26 17:15:41,CCTV Stream,"Helmet, Safety Vest, Mask",None
2026-07-26 17:15:41,CCTV Stream,"Helmet, Safety Vest, Mask",None
2026-07-26 17:15:41,CCTV Stream,"Helmet, Safety Vest, Mask",None
2026-07-26 17:15:41,CCTV Stream,"Helmet, Safety Vest, Mask",None
2026-07-26 17:15:41,CCTV Stream,"Helmet, Safety Vest, Mask",None
2026-07-26 17:15:41,CCTV Stream,"Helmet, Safety Vest, Mask",None
2026-07-26 17:15:41,CCTV Stream,"Helmet, Safety Vest, Mask",None
2026-07-26 17:15:41,CCTV Stream,"Helmet, Safety Vest, Mask",None
2026-07-26 17:15:41,CCTV Stream,"Helmet, Safety Vest, Mask",None
2026-07-26 17:15:42,CCTV Stream,"Helmet, Safety Vest, Mask",None
2026-07-26 17:15:42,CCTV Stream,"Helmet, Safety Vest, Mask",None
2026-07-26 17:15:42,CCTV Stream,"Helmet, Safety Vest, Mask",None
2026-07-26 17:15:42,CCTV Stream,"Helmet, Safety Vest, Mask",None
2026-07-26 17:15:42,CCTV Stream,"Helmet, Safety Vest, Mask",None
2026-07-26 17:15:42,CCTV Stream,"Helmet, Safety Vest, Mask",None
2026-07-26 17:15:42,CCTV Stream,"Helmet, Safety Vest, Mask",None
2026-07-26 17:15:42,CCTV Stream,"Helmet, Safety Vest, Mask",None
2026-07-26 17:15:42,CCTV Stream,"Helmet, Safety Vest, Mask",None
2026-07-26 17:15:42,CCTV Stream,"Helmet, Safety Vest, Mask",None
2026-07-26 17:15:42,CCTV Stream,"Helmet, Safety Vest, Mask",None
2026-07-26 17:15:42,CCTV Stream,"Helmet, Safety Vest, Mask",None
2026-07-26 17:15:42,CCTV Stream,"Helmet, Safety Vest, Mask",None
2026-07-26 17:15:42,CCTV Stream,"Helmet, Safety Vest, Mask",None
2026-07-26 17:15:43,CCTV Stream,"Helmet, Safety Vest, Mask",None
2026-07-26 17:15:43,CCTV Stream,"Helmet, Safety Vest, Mask",None
2026-07-26 17:15:43,CCTV Stream,"Helmet, Safety Vest, Mask",None
2026-07-26 17:15:43,CCTV Stream,"Helmet, Safety Vest, Mask",None
2026-07-26 17:15:43,CCTV Stream,"Helmet, Safety Vest, Mask",None
2026-07-26 17:15:43,CCTV Stream,"Helmet, Safety Vest, Mask",None
2026-07-26 17:15:43,CCTV Stream,"Helmet, Safety Vest, Mask",None
2026-07-26 17:15:43,CCTV Stream,"Helmet, Safety Vest, Mask",None
2026-07-26 17:15:43,CCTV Stream,"Helmet, Safety Vest, Mask",None
2026-07-26 17:15:43,CCTV Stream,"Helmet, Safety Vest, Mask",None
2026-07-26 17:15:43,CCTV Stream,"Helmet, Safety Vest, Mask",None
2026-07-26 17:15:43,CCTV Stream,"Helmet, Safety Vest, Mask",None
2026-07-26 17:15:44,CCTV Stream,"Helmet, Safety Vest, Mask",None
2026-07-26 17:15:44,CCTV Stream,"Helmet, Safety Vest, Mask",None
2026-07-26 17:15:44,CCTV Stream,"Helmet, Safety Vest, Mask",None
2026-07-26 17:15:44,CCTV Stream,"Helmet, Safety Vest, Mask",None
2026-07-26 17:15:44,CCTV Stream,"Helmet, Safety Vest, Mask",None
2026-07-26 17:15:44,CCTV Stream,"Helmet, Safety Vest, Mask",None
2026-07-26 17:15:44,CCTV Stream,"Helmet, Safety Vest, Mask",None
2026-07-26 17:15:44,CCTV Stream,"Helmet, Safety Vest, Mask",None
2026-07-26 17:15:44,CCTV Stream,"Helmet, Safety Vest, Mask",None
2026-07-26 17:15:44,CCTV Stream,"Helmet, Safety Vest, Mask",None
2026-07-26 17:15:44,CCTV Stream,"Helmet, Safety Vest, Mask",None
2026-07-26 17:15:44,CCTV Stream,"Helmet, Safety Vest, Mask",None
2026-07-26 17:15:44,CCTV Stream,"Helmet, Safety Vest, Mask",None
2026-07-26 17:15:44,CCTV Stream,"Helmet, Safety Vest, Mask",None
2026-07-26 17:15:45,CCTV Stream,"Helmet, Safety Vest, Mask",None
2026-07-26 17:15:45,CCTV Stream,"Helmet, Safety Vest, Mask",None
2026-07-26 17:15:45,CCTV Stream,"Helmet, Safety Vest, Mask",None
2026-07-26 17:15:45,CCTV Stream,"Helmet, Safety Vest, Mask",None
2026-07-26 17:15:45,CCTV Stream,"Helmet, Safety Vest, Mask",None
2026-07-26 17:15:45,CCTV Stream,"Helmet, Safety Vest, Mask",None
2026-07-26 17:15:45,CCTV Stream,"Helmet, Safety Vest, Mask",None
2026-07-26 17:15:45,CCTV Stream,"Helmet, Safety Vest, Mask",None
2026-07-26 17:15:45,CCTV Stream,"Helmet, Safety Vest, Mask",None
2026-07-26 17:15:45,CCTV Stream,"Helmet, Safety Vest, Mask",None
2026-07-26 17:15:45,CCTV Stream,"Helmet, Safety Vest, Mask",None
2026-07-26 17:15:45,CCTV Stream,"Helmet, Safety Vest, Mask",None
2026-07-26 17:15:45,CCTV Stream,"Helmet, Safety Vest, Mask",None
2026-07-26 17:15:45,CCTV Stream,"Helmet, Safety Vest, Mask",None
2026-07-26 17:15:45,CCTV Stream,"Helmet, Safety Vest, Mask",None
2026-07-26 17:15:46,CCTV Stream,"Helmet, Safety Vest, Mask",None
2026-07-26 17:15:46,CCTV Stream,"Helmet, Safety Vest, Mask",None
2026-07-26 17:15:46,CCTV Stream,"Helmet, Safety Vest, Mask",None
2026-07-26 17:15:46,CCTV Stream,"Helmet, Safety Vest, Mask",None
2026-07-26 17:15:46,CCTV Stream,"Helmet, Safety Vest, Mask",None
2026-07-26 17:15:46,CCTV Stream,"Helmet, Safety Vest, Mask",None
2026-07-26 17:15:46,CCTV Stream,"Helmet, Safety Vest, Mask",None
2026-07-26 17:15:46,CCTV Stream,"Helmet, Safety Vest, Mask",None
2026-07-26 17:15:46,CCTV Stream,"Helmet, Safety Vest, Mask",None
2026-07-26 17:15:46,CCTV Stream,"Helmet, Safety Vest, Mask",None
2026-07-26 17:15:46,CCTV Stream,"Helmet, Safety Vest, Mask",None
2026-07-26 17:15:46,CCTV Stream,"Helmet, Safety Vest, Mask",None
2026-07-26 17:15:46,CCTV Stream,"Helmet, Safety Vest, Mask",None
2026-07-26 17:15:46,CCTV Stream,"Helmet, Safety Vest, Mask",None
2026-07-26 17:15:46,CCTV Stream,"Helmet, Safety Vest, Mask",None
2026-07-26 17:15:46,CCTV Stream,"Helmet, Safety Vest, Mask",None
2026-07-26 17:15:47,CCTV Stream,"Helmet, Safety Vest, Mask",None
2026-07-26 17:15:47,CCTV Stream,"Helmet, Safety Vest, Mask",None
2026-07-26 17:15:47,CCTV Stream,"Helmet, Safety Vest, Mask",None
2026-07-26 17:15:47,CCTV Stream,"Helmet, Safety Vest, Mask",None
2026-07-26 17:15:47,CCTV Stream,"Helmet, Safety Vest, Mask",None
2026-07-26 17:15:47,CCTV Stream,"Helmet, Safety Vest, Mask",None
2026-07-26 17:15:47,CCTV Stream,"Helmet, Safety Vest, Mask",None
2026-07-26 17:15:47,CCTV Stream,"Helmet, Safety Vest, Mask",None
2026-07-26 17:15:47,CCTV Stream,"Helmet, Safety Vest, Mask",None
2026-07-26 17:15:47,CCTV Stream,"Helmet, Safety Vest, Mask",None
2026-07-26 17:15:47,CCTV Stream,"Helmet, Safety Vest, Mask",None
2026-07-26 17:15:47,CCTV Stream,"Helmet, Safety Vest, Mask",None
2026-07-26 17:15:47,CCTV Stream,"Helmet, Safety Vest, Mask",None
2026-07-26 17:15:47,CCTV Stream,"Helmet, Safety Vest, Mask",None
2026-07-26 17:15:47,CCTV Stream,"Helmet, Safety Vest, Mask",None
2026-07-26 17:15:47,CCTV Stream,"Helmet, Safety Vest, Mask",None
2026-07-26 17:15:47,CCTV Stream,"Helmet, Safety Vest, Mask",None
2026-07-26 17:15:48,CCTV Stream,"Helmet, Safety Vest, Mask",None
2026-07-26 17:15:48,CCTV Stream,"Helmet, Safety Vest, Mask",None
2026-07-26 17:15:48,CCTV Stream,"Helmet, Safety Vest, Mask",None
2026-07-26 17:15:48,CCTV Stream,"Helmet, Safety Vest, Mask",None
2026-07-26 17:15:48,CCTV Stream,"Helmet, Safety Vest, Mask",None
2026-07-26 17:15:48,CCTV Stream,"Helmet, Safety Vest, Mask",None
2026-07-26 17:15:48,CCTV Stream,"Helmet, Safety Vest, Mask",None
2026-07-26 17:15:48,CCTV Stream,"Helmet, Safety Vest, Mask",None
2026-07-26 17:15:48,CCTV Stream,"Helmet, Safety Vest, Mask",None
2026-07-26 17:15:48,CCTV Stream,"Helmet, Safety Vest, Mask",None
2026-07-26 17:15:48,CCTV Stream,"Helmet, Safety Vest, Mask",None
2026-07-26 17:15:48,CCTV Stream,"Helmet, Safety Vest, Mask",None
2026-07-26 17:15:48,CCTV Stream,"Helmet, Safety Vest, Mask",None
2026-07-26 17:15:48,CCTV Stream,"Helmet, Safety Vest, Mask",None
2026-07-26 17:15:48,CCTV Stream,"Helmet, Safety Vest, Mask",None
2026-07-26 17:15:48,CCTV Stream,"Helmet, Safety Vest, Mask",None
2026-07-26 17:15:49,CCTV Stream,"Helmet, Safety Vest, Mask",None
2026-07-26 17:15:49,CCTV Stream,"Helmet, Safety Vest, Mask",None
2026-07-26 17:15:49,CCTV Stream,"Helmet, Safety Vest, Mask",None
2026-07-26 17:15:49,CCTV Stream,"Helmet, Safety Vest, Mask",None
2026-07-26 17:15:49,CCTV Stream,"Helmet, Safety Vest, Mask",None
2026-07-26 17:15:49,CCTV Stream,"Helmet, Safety Vest, Mask",None
2026-07-26 17:15:49,CCTV Stream,"Helmet, Safety Vest, Mask",None
2026-07-26 17:15:49,CCTV Stream,"Helmet, Safety Vest, Mask",None
2026-07-26 17:15:49,CCTV Stream,"Helmet, Safety Vest, Mask",None
2026-07-26 17:15:49,CCTV Stream,"Helmet, Safety Vest, Mask",None
2026-07-26 17:15:49,CCTV Stream,"Helmet, Safety Vest, Mask",None
2026-07-26 17:15:49,CCTV Stream,"Helmet, Safety Vest, Mask",None
2026-07-26 17:15:49,CCTV Stream,"Helmet, Safety Vest, Mask",None
2026-07-26 17:15:49,CCTV Stream,"Helmet, Safety Vest, Mask",None
2026-07-26 17:15:49,CCTV Stream,"Helmet, Safety Vest, Mask",None
2026-07-26 17:15:50,CCTV Stream,"Helmet, Safety Vest, Mask",None
2026-07-26 17:15:50,CCTV Stream,"Helmet, Safety Vest, Mask",None
2026-07-26 17:15:50,CCTV Stream,"Helmet, Safety Vest, Mask",None
2026-07-26 17:15:50,CCTV Stream,"Helmet, Safety Vest, Mask",None
2026-07-26 17:15:50,CCTV Stream,"Helmet, Safety Vest, Mask",None
2026-07-26 17:15:50,CCTV Stream,"Helmet, Safety Vest, Mask",None
2026-07-26 17:15:50,CCTV Stream,"Helmet, Safety Vest, Mask",None
2026-07-26 17:15:50,CCTV Stream,"Helmet, Safety Vest, Mask",None
2026-07-26 17:15:50,CCTV Stream,"Helmet, Safety Vest, Mask",None
2026-07-26 17:15:50,CCTV Stream,"Helmet, Safety Vest, Mask",None
2026-07-26 17:15:50,CCTV Stream,"Helmet, Safety Vest, Mask",None
2026-07-26 17:15:50,CCTV Stream,"Helmet, Safety Vest, Mask",None
2026-07-26 17:15:50,CCTV Stream,"Helmet, Safety Vest, Mask",None
2026-07-26 17:15:50,CCTV Stream,"Helmet, Safety Vest, Mask",None
2026-07-26 17:15:50,CCTV Stream,"Helmet, Safety Vest, Mask",None
2026-07-26 17:15:51,CCTV Stream,"Helmet, Safety Vest, Mask",None
2026-07-26 17:15:51,CCTV Stream,"Helmet, Safety Vest, Mask",None
2026-07-26 17:15:51,CCTV Stream,"Helmet, Safety Vest, Mask",None
2026-07-26 17:15:51,CCTV Stream,"Helmet, Safety Vest, Mask",None
2026-07-26 17:15:51,CCTV Stream,"Helmet, Safety Vest, Mask",None
2026-07-26 17:15:51,CCTV Stream,"Helmet, Safety Vest, Mask",None
2026-07-26 17:15:51,CCTV Stream,"Helmet, Safety Vest, Mask",None
2026-07-26 17:15:51,CCTV Stream,"Helmet, Safety Vest, Mask",None
2026-07-26 17:15:51,CCTV Stream,"Helmet, Safety Vest, Mask",None
2026-07-26 17:15:51,CCTV Stream,"Helmet, Safety Vest, Mask",None
2026-07-26 17:15:51,CCTV Stream,"Helmet, Safety Vest, Mask",None
2026-07-26 17:15:51,CCTV Stream,"Helmet, Safety Vest, Mask",None
2026-07-26 17:15:51,CCTV Stream,"Helmet, Safety Vest, Mask",None
2026-07-26 17:15:51,CCTV Stream,"Helmet, Safety Vest, Mask",None
2026-07-26 17:15:51,CCTV Stream,"Helmet, Safety Vest, Mask",None
2026-07-26 17:15:51,CCTV Stream,"Helmet, Safety Vest, Mask",None
2026-07-26 17:15:52,CCTV Stream,"Helmet, Safety Vest, Mask",None
2026-07-26 17:15:52,CCTV Stream,"Helmet, Safety Vest, Mask",None
2026-07-26 17:15:52,CCTV Stream,"Helmet, Safety Vest, Mask",None
2026-07-26 17:15:52,CCTV Stream,"Helmet, Safety Vest, Mask",None
2026-07-26 17:15:52,CCTV Stream,"Helmet, Safety Vest, Mask",None
2026-07-26 17:15:52,CCTV Stream,"Helmet, Safety Vest, Mask",None
2026-07-26 17:15:52,CCTV Stream,"Helmet, Safety Vest, Mask",None
2026-07-26 17:15:52,CCTV Stream,"Helmet, Safety Vest, Mask",None
2026-07-26 17:15:52,CCTV Stream,"Helmet, Safety Vest, Mask",None
2026-07-26 17:15:52,CCTV Stream,"Helmet, Safety Vest, Mask",None
2026-07-26 17:15:52,CCTV Stream,"Helmet, Safety Vest, Mask",None
2026-07-26 17:15:52,CCTV Stream,"Helmet, Safety Vest, Mask",None
2026-07-26 17:15:52,CCTV Stream,"Helmet, Safety Vest, Mask",None
2026-07-26 17:15:52,CCTV Stream,"Helmet, Safety Vest, Mask",None
2026-07-26 17:15:52,CCTV Stream,"Helmet, Safety Vest, Mask",None
2026-07-26 17:15:53,CCTV Stream,"Helmet, Safety Vest, Mask",None
2026-07-26 17:15:53,CCTV Stream,"Helmet, Safety Vest, Mask",None
2026-07-26 17:15:53,CCTV Stream,"Helmet, Safety Vest, Mask",None
2026-07-26 17:15:53,CCTV Stream,"Helmet, Safety Vest, Mask",None
2026-07-26 17:15:53,CCTV Stream,"Helmet, Safety Vest, Mask",None
2026-07-26 17:15:53,CCTV Stream,"Helmet, Safety Vest, Mask",None
2026-07-26 17:15:53,CCTV Stream,"Helmet, Safety Vest, Mask",None
2026-07-26 17:15:53,CCTV Stream,"Helmet, Safety Vest, Mask",None
2026-07-26 17:15:53,CCTV Stream,"Helmet, Safety Vest, Mask",None
2026-07-26 17:15:53,CCTV Stream,"Helmet, Safety Vest, Mask",None
2026-07-26 17:15:53,CCTV Stream,"Helmet, Safety Vest, Mask",None
2026-07-26 17:15:53,CCTV Stream,"Helmet, Safety Vest, Mask",None
2026-07-26 17:15:53,CCTV Stream,"Helmet, Safety Vest, Mask",None
2026-07-26 17:15:53,CCTV Stream,"Helmet, Safety Vest, Mask",None
2026-07-26 17:15:53,CCTV Stream,"Helmet, Safety Vest, Mask",None
2026-07-26 17:15:54,CCTV Stream,"Helmet, Safety Vest, Mask",None
2026-07-26 17:15:54,CCTV Stream,"Helmet, Safety Vest, Mask",None
2026-07-26 17:15:54,CCTV Stream,"Helmet, Safety Vest, Mask",None
2026-07-26 17:15:54,CCTV Stream,"Helmet, Safety Vest, Mask",None
2026-07-26 17:15:54,CCTV Stream,"Helmet, Safety Vest, Mask",None
2026-07-26 17:15:54,CCTV Stream,"Helmet, Safety Vest, Mask",None
2026-07-26 17:15:54,CCTV Stream,"Helmet, Safety Vest, Mask",None
2026-07-26 17:15:54,CCTV Stream,"Helmet, Safety Vest, Mask",None
2026-07-26 17:15:54,CCTV Stream,"Helmet, Safety Vest, Mask",None
2026-07-26 17:15:54,CCTV Stream,"Helmet, Safety Vest, Mask",None
2026-07-26 17:15:54,CCTV Stream,"Helmet, Safety Vest, Mask",None
2026-07-26 17:15:54,CCTV Stream,"Helmet, Safety Vest, Mask",None
2026-07-26 17:15:54,CCTV Stream,"Helmet, Safety Vest, Mask",None
2026-07-26 17:15:54,CCTV Stream,"Helmet, Safety Vest, Mask",None
2026-07-26 17:15:54,CCTV Stream,"Helmet, Safety Vest, Mask",None
2026-07-26 17:15:55,CCTV Stream,"Helmet, Safety Vest, Mask",None
2026-07-26 17:15:55,CCTV Stream,"Helmet, Safety Vest, Mask",None
2026-07-26 17:15:55,CCTV Stream,"Helmet, Safety Vest, Mask",None
2026-07-26 17:15:55,CCTV Stream,"Helmet, Safety Vest, Mask",None
2026-07-26 17:15:55,CCTV Stream,"Helmet, Safety Vest, Mask",None
2026-07-26 17:15:55,CCTV Stream,"Helmet, Safety Vest, Mask",None
2026-07-26 17:15:55,CCTV Stream,"Helmet, Safety Vest, Mask",None
2026-07-26 17:15:55,CCTV Stream,"Helmet, Safety Vest, Mask",None
2026-07-26 17:15:55,CCTV Stream,"Helmet, Safety Vest, Mask",None
2026-07-26 17:15:55,CCTV Stream,"Helmet, Safety Vest, Mask",None
2026-07-26 17:15:55,CCTV Stream,"Helmet, Safety Vest, Mask",None
2026-07-26 17:15:55,CCTV Stream,"Helmet, Safety Vest, Mask",None
2026-07-26 17:15:55,CCTV Stream,"Helmet, Safety Vest, Mask",None
2026-07-26 17:15:55,CCTV Stream,"Helmet, Safety Vest, Mask",None
2026-07-26 17:15:55,CCTV Stream,"Helmet, Safety Vest, Mask",None
2026-07-26 17:15:55,CCTV Stream,"Helmet, Safety Vest, Mask",None
2026-07-26 17:15:55,CCTV Stream,"Helmet, Safety Vest, Mask",None
2026-07-26 17:15:56,CCTV Stream,"Helmet, Safety Vest, Mask",None
2026-07-26 17:15:56,CCTV Stream,"Helmet, Safety Vest, Mask",None
2026-07-26 17:15:56,CCTV Stream,"Helmet, Safety Vest, Mask",None
2026-07-26 17:15:56,CCTV Stream,"Helmet, Safety Vest, Mask",None
2026-07-26 17:15:56,CCTV Stream,"Helmet, Safety Vest, Mask",None
2026-07-26 17:15:56,CCTV Stream,"Helmet, Safety Vest, Mask",None
2026-07-26 17:15:56,CCTV Stream,"Helmet, Safety Vest, Mask",None
2026-07-26 17:15:56,CCTV Stream,"Helmet, Safety Vest, Mask",None
2026-07-26 17:15:56,CCTV Stream,"Helmet, Safety Vest, Mask",None
2026-07-26 17:15:56,CCTV Stream,"Helmet, Safety Vest, Mask",None
2026-07-26 17:15:56,CCTV Stream,"Helmet, Safety Vest, Mask",None
2026-07-26 17:15:56,CCTV Stream,"Helmet, Safety Vest, Mask",None
2026-07-26 17:15:56,CCTV Stream,"Helmet, Safety Vest, Mask",None
2026-07-26 17:15:56,CCTV Stream,"Helmet, Safety Vest, Mask",None
2026-07-26 17:15:56,CCTV Stream,"Helmet, Safety Vest, Mask",None
2026-07-26 17:15:56,CCTV Stream,"Helmet, Safety Vest, Mask",None
2026-07-26 17:15:56,CCTV Stream,"Helmet, Safety Vest, Mask",None
2026-07-26 17:15:57,CCTV Stream,"Helmet, Safety Vest, Mask",None
2026-07-26 17:15:57,CCTV Stream,"Helmet, Safety Vest, Mask",None
2026-07-26 17:15:57,CCTV Stream,"Helmet, Safety Vest, Mask",None
2026-07-26 17:15:57,CCTV Stream,"Helmet, Safety Vest, Mask",None
2026-07-26 17:15:57,CCTV Stream,"Helmet, Safety Vest, Mask",None
2026-07-26 17:15:57,CCTV Stream,"Helmet, Safety Vest, Mask",None
2026-07-26 17:15:57,CCTV Stream,"Helmet, Safety Vest, Mask",None
2026-07-26 17:15:57,CCTV Stream,"Helmet, Safety Vest, Mask",None
2026-07-26 17:15:57,CCTV Stream,"Helmet, Safety Vest, Mask",None
2026-07-26 17:15:57,CCTV Stream,"Helmet, Safety Vest, Mask",None
2026-07-26 17:15:57,CCTV Stream,"Helmet, Safety Vest, Mask",None
2026-07-26 17:15:57,CCTV Stream,"Helmet, Safety Vest, Mask",None
2026-07-26 17:15:57,CCTV Stream,"Helmet, Safety Vest, Mask",None
2026-07-26 17:15:57,CCTV Stream,"Helmet, Safety Vest, Mask",None
2026-07-26 17:15:57,CCTV Stream,"Helmet, Safety Vest, Mask",None
2026-07-26 17:15:58,CCTV Stream,"Helmet, Safety Vest, Mask",None
2026-07-26 17:15:58,CCTV Stream,"Helmet, Safety Vest, Mask",None
2026-07-26 17:15:58,CCTV Stream,"Helmet, Safety Vest, Mask",None
2026-07-26 17:15:58,CCTV Stream,"Helmet, Safety Vest, Mask",None
2026-07-26 17:15:58,CCTV Stream,"Helmet, Safety Vest, Mask",None
2026-07-26 17:15:58,CCTV Stream,"Helmet, Safety Vest, Mask",None
2026-07-26 17:15:58,CCTV Stream,"Helmet, Safety Vest, Mask",None
2026-07-26 17:15:58,CCTV Stream,"Helmet, Safety Vest, Mask",None
2026-07-26 17:15:58,CCTV Stream,"Helmet, Safety Vest, Mask",None
2026-07-26 17:15:58,CCTV Stream,"Helmet, Safety Vest, Mask",None
2026-07-26 17:15:58,CCTV Stream,"Helmet, Safety Vest, Mask",None
2026-07-26 17:15:58,CCTV Stream,"Helmet, Safety Vest, Mask",None
2026-07-26 17:15:58,CCTV Stream,"Helmet, Safety Vest, Mask",None
2026-07-26 17:15:58,CCTV Stream,"Helmet, Safety Vest, Mask",None
2026-07-26 17:15:58,CCTV Stream,"Helmet, Safety Vest, Mask",None
2026-07-26 17:15:59,CCTV Stream,"Helmet, Safety Vest, Mask",None
2026-07-26 17:15:59,CCTV Stream,"Helmet, Safety Vest, Mask",None
2026-07-26 17:15:59,CCTV Stream,"Helmet, Safety Vest, Mask",None
2026-07-26 17:15:59,CCTV Stream,"Helmet, Safety Vest, Mask",None
2026-07-26 17:15:59,CCTV Stream,"Helmet, Safety Vest, Mask",None
2026-07-26 17:15:59,CCTV Stream,"Helmet, Safety Vest, Mask",None
2026-07-26 17:15:59,CCTV Stream,"Helmet, Safety Vest, Mask",None
2026-07-26 17:15:59,CCTV Stream,"Helmet, Safety Vest, Mask",None
2026-07-26 17:15:59,CCTV Stream,"Helmet, Safety Vest, Mask",None
2026-07-26 17:15:59,CCTV Stream,"Helmet, Safety Vest, Mask",None
2026-07-26 17:15:59,CCTV Stream,"Helmet, Safety Vest, Mask",None
2026-07-26 17:15:59,CCTV Stream,"Helmet, Safety Vest, Mask",None
2026-07-26 17:15:59,CCTV Stream,"Helmet, Safety Vest, Mask",None
2026-07-26 17:15:59,CCTV Stream,"Helmet, Safety Vest, Mask",None
2026-07-26 17:15:59,CCTV Stream,"Helmet, Safety Vest, Mask",None
2026-07-26 17:16:00,CCTV Stream,"Helmet, Safety Vest, Mask",None
2026-07-26 17:16:00,CCTV Stream,"Helmet, Safety Vest, Mask",None
2026-07-26 17:16:00,CCTV Stream,"Helmet, Safety Vest, Mask",None
2026-07-26 17:16:00,CCTV Stream,"Helmet, Safety Vest, Mask",None
2026-07-26 17:16:00,CCTV Stream,"Helmet, Safety Vest, Mask",None
2026-07-26 17:16:00,CCTV Stream,"Helmet, Safety Vest, Mask",None
2026-07-26 17:16:00,CCTV Stream,"Helmet, Safety Vest, Mask",None
2026-07-26 17:16:00,CCTV Stream,"Helmet, Safety Vest, Mask",None
2026-07-26 17:16:00,CCTV Stream,"Helmet, Safety Vest, Mask",None
2026-07-26 17:16:00,CCTV Stream,"Helmet, Safety Vest, Mask",None
2026-07-26 17:16:00,CCTV Stream,"Helmet, Safety Vest, Mask",None
2026-07-26 17:16:00,CCTV Stream,"Helmet, Safety Vest, Mask",None
2026-07-26 17:16:00,CCTV Stream,"Helmet, Safety Vest, Mask",None
2026-07-26 17:16:00,CCTV Stream,"Helmet, Safety Vest, Mask",None
2026-07-26 17:16:00,CCTV Stream,"Helmet, Safety Vest, Mask",None
2026-07-26 17:16:00,CCTV Stream,"Helmet, Safety Vest, Mask",None
2026-07-26 17:16:01,CCTV Stream,"Helmet, Safety Vest, Mask",None
2026-07-26 17:16:01,CCTV Stream,"Helmet, Safety Vest, Mask",None
2026-07-26 17:16:01,CCTV Stream,"Helmet, Safety Vest, Mask",None
2026-07-26 17:16:01,CCTV Stream,"Helmet, Safety Vest, Mask",None
2026-07-26 17:16:01,CCTV Stream,"Helmet, Safety Vest, Mask",None
2026-07-26 17:16:01,CCTV Stream,"Helmet, Safety Vest, Mask",None
2026-07-26 17:16:01,CCTV Stream,"Helmet, Safety Vest, Mask",None
2026-07-26 17:16:01,CCTV Stream,"Helmet, Safety Vest, Mask",None
2026-07-26 17:16:01,CCTV Stream,"Helmet, Safety Vest, Mask",None
2026-07-26 17:16:01,CCTV Stream,"Helmet, Safety Vest, Mask",None
2026-07-26 17:16:01,CCTV Stream,"Helmet, Safety Vest, Mask",None
2026-07-26 17:16:01,CCTV Stream,"Helmet, Safety Vest, Mask",None
2026-07-26 17:16:01,CCTV Stream,"Helmet, Safety Vest, Mask",None
2026-07-26 17:16:01,CCTV Stream,"Helmet, Safety Vest, Mask",None
2026-07-26 17:16:01,CCTV Stream,"Helmet, Safety Vest, Mask",None
2026-07-26 17:16:02,CCTV Stream,"Helmet, Safety Vest, Mask",None
2026-07-26 17:16:02,CCTV Stream,"Helmet, Safety Vest, Mask",None
2026-07-26 17:16:02,CCTV Stream,"Helmet, Safety Vest, Mask",None
2026-07-26 17:16:02,CCTV Stream,"Helmet, Safety Vest, Mask",None
2026-07-26 17:16:02,CCTV Stream,"Helmet, Safety Vest, Mask",None
2026-07-26 17:16:02,CCTV Stream,"Helmet, Safety Vest, Mask",None
2026-07-26 17:16:02,CCTV Stream,"Helmet, Safety Vest, Mask",None
2026-07-26 17:16:02,CCTV Stream,"Helmet, Safety Vest, Mask",None
2026-07-26 17:16:02,CCTV Stream,"Helmet, Safety Vest, Mask",None
2026-07-26 17:16:02,CCTV Stream,"Helmet, Safety Vest, Mask",None
2026-07-26 17:16:02,CCTV Stream,"Helmet, Safety Vest, Mask",None
2026-07-26 17:16:02,CCTV Stream,"Helmet, Safety Vest, Mask",None
2026-07-26 17:16:02,CCTV Stream,"Helmet, Safety Vest, Mask",None
2026-07-26 17:16:02,CCTV Stream,"Helmet, Safety Vest, Mask",None
2026-07-26 17:16:02,CCTV Stream,"Helmet, Safety Vest, Mask",None
2026-07-26 17:16:03,CCTV Stream,"Helmet, Safety Vest, Mask",None
2026-07-26 17:16:03,CCTV Stream,"Helmet, Safety Vest, Mask",None
2026-07-26 17:16:03,CCTV Stream,"Helmet, Safety Vest, Mask",None
2026-07-26 17:16:03,CCTV Stream,"Helmet, Safety Vest, Mask",None
2026-07-26 17:16:03,CCTV Stream,"Helmet, Safety Vest, Mask",None
2026-07-26 17:16:03,CCTV Stream,"Helmet, Safety Vest, Mask",None
2026-07-26 17:16:03,CCTV Stream,"Helmet, Safety Vest, Mask",None
2026-07-26 17:16:03,CCTV Stream,"Helmet, Safety Vest, Mask",None
2026-07-26 17:16:03,CCTV Stream,"Helmet, Safety Vest, Mask",None
2026-07-26 17:16:03,CCTV Stream,"Helmet, Safety Vest, Mask",None
2026-07-26 17:16:03,CCTV Stream,"Helmet, Safety Vest, Mask",None
2026-07-26 17:16:03,CCTV Stream,"Helmet, Safety Vest, Mask",None
2026-07-26 17:16:03,CCTV Stream,"Helmet, Safety Vest, Mask",None
2026-07-26 17:16:03,CCTV Stream,"Helmet, Safety Vest, Mask",None
2026-07-26 17:16:03,CCTV Stream,"Helmet, Safety Vest, Mask",None
2026-07-26 17:16:03,CCTV Stream,"Helmet, Safety Vest, Mask",None
2026-07-26 17:16:04,CCTV Stream,"Helmet, Safety Vest, Mask",None
2026-07-26 17:16:04,CCTV Stream,"Helmet, Safety Vest, Mask",None
2026-07-26 17:16:04,CCTV Stream,"Helmet, Safety Vest, Mask",None
2026-07-26 17:16:04,CCTV Stream,"Helmet, Safety Vest, Mask",None
2026-07-26 17:16:04,CCTV Stream,"Helmet, Safety Vest, Mask",None
2026-07-26 17:16:04,CCTV Stream,"Helmet, Safety Vest, Mask",None
2026-07-26 17:16:04,CCTV Stream,"Helmet, Safety Vest, Mask",None
2026-07-26 17:16:04,CCTV Stream,"Helmet, Safety Vest, Mask",None
2026-07-26 17:16:04,CCTV Stream,"Helmet, Safety Vest, Mask",None
2026-07-26 17:16:04,CCTV Stream,"Helmet, Safety Vest, Mask",None
2026-07-26 17:16:04,CCTV Stream,"Helmet, Safety Vest, Mask",None
2026-07-26 17:16:04,CCTV Stream,"Helmet, Safety Vest, Mask",None
2026-07-26 17:16:04,CCTV Stream,"Helmet, Safety Vest, Mask",None
2026-07-26 17:16:04,CCTV Stream,"Helmet, Safety Vest, Mask",None
2026-07-26 17:16:04,CCTV Stream,"Helmet, Safety Vest, Mask",None
2026-07-26 17:16:04,CCTV Stream,"Helmet, Safety Vest, Mask",None
2026-07-26 17:16:05,CCTV Stream,"Helmet, Safety Vest, Mask",None
2026-07-26 17:16:05,CCTV Stream,"Helmet, Safety Vest, Mask",None
2026-07-26 17:16:05,CCTV Stream,"Helmet, Safety Vest, Mask",None
2026-07-26 17:16:05,CCTV Stream,"Helmet, Safety Vest, Mask",None
2026-07-26 17:16:05,CCTV Stream,"Helmet, Safety Vest, Mask",None
2026-07-26 17:16:05,CCTV Stream,"Helmet, Safety Vest, Mask",None
2026-07-26 17:16:05,CCTV Stream,"Helmet, Safety Vest, Mask",None
2026-07-26 17:16:05,CCTV Stream,"Helmet, Safety Vest, Mask",None
2026-07-26 17:16:05,CCTV Stream,"Helmet, Safety Vest, Mask",None
2026-07-26 17:16:05,CCTV Stream,"Helmet, Safety Vest, Mask",None
2026-07-26 17:16:05,CCTV Stream,"Helmet, Safety Vest, Mask",None
2026-07-26 17:16:05,CCTV Stream,"Helmet, Safety Vest, Mask",None
2026-07-26 17:16:05,CCTV Stream,"Helmet, Safety Vest, Mask",None
2026-07-26 17:16:05,CCTV Stream,"Helmet, Safety Vest, Mask",None
2026-07-26 17:16:05,CCTV Stream,"Helmet, Safety Vest, Mask",None
2026-07-26 17:16:05,CCTV Stream,"Helmet, Safety Vest, Mask",None
2026-07-26 17:16:06,CCTV Stream,"Helmet, Safety Vest, Mask",None
2026-07-26 17:16:06,CCTV Stream,"Helmet, Safety Vest, Mask",None
2026-07-26 17:16:06,CCTV Stream,"Helmet, Safety Vest, Mask",None
2026-07-26 17:16:06,CCTV Stream,"Helmet, Safety Vest, Mask",None
2026-07-26 17:16:06,CCTV Stream,"Helmet, Safety Vest, Mask",None
2026-07-26 17:16:06,CCTV Stream,"Helmet, Safety Vest, Mask",None
2026-07-26 17:16:06,CCTV Stream,"Helmet, Safety Vest, Mask",None
2026-07-26 17:16:06,CCTV Stream,"Helmet, Safety Vest, Mask",None
2026-07-26 17:16:06,CCTV Stream,"Helmet, Safety Vest, Mask",None
2026-07-26 17:16:06,CCTV Stream,"Helmet, Safety Vest, Mask",None
2026-07-26 17:16:06,CCTV Stream,"Helmet, Safety Vest, Mask",None
2026-07-26 17:16:06,CCTV Stream,"Helmet, Safety Vest, Mask",None
2026-07-26 17:16:06,CCTV Stream,"Helmet, Safety Vest, Mask",None
2026-07-26 17:16:06,CCTV Stream,"Helmet, Safety Vest, Mask",None
2026-07-26 17:16:06,CCTV Stream,"Helmet, Safety Vest, Mask",None
2026-07-26 17:16:06,CCTV Stream,"Helmet, Safety Vest, Mask",None
2026-07-26 17:16:07,CCTV Stream,"Helmet, Safety Vest, Mask",None
2026-07-26 17:16:07,CCTV Stream,"Helmet, Safety Vest, Mask",None
2026-07-26 17:16:07,CCTV Stream,"Helmet, Safety Vest, Mask",None
2026-07-26 17:16:07,CCTV Stream,"Helmet, Safety Vest, Mask",None
2026-07-26 17:16:07,CCTV Stream,"Helmet, Safety Vest, Mask",None
2026-07-26 17:16:07,CCTV Stream,"Helmet, Safety Vest, Mask",None
2026-07-26 17:16:07,CCTV Stream,"Helmet, Safety Vest, Mask",None
2026-07-26 17:16:07,CCTV Stream,"Helmet, Safety Vest, Mask",None
2026-07-26 17:16:07,CCTV Stream,"Helmet, Safety Vest, Mask",None
2026-07-26 17:16:07,CCTV Stream,"Helmet, Safety Vest, Mask",None
2026-07-26 17:16:07,CCTV Stream,"Helmet, Safety Vest, Mask",None
2026-07-26 17:16:07,CCTV Stream,"Helmet, Safety Vest, Mask",None
2026-07-26 17:16:07,CCTV Stream,"Helmet, Safety Vest, Mask",None
2026-07-26 17:16:07,CCTV Stream,"Helmet, Safety Vest, Mask",None
2026-07-26 17:16:07,CCTV Stream,"Helmet, Safety Vest, Mask",None
2026-07-26 17:16:08,CCTV Stream,"Helmet, Safety Vest, Mask",None
2026-07-26 17:16:08,CCTV Stream,"Helmet, Safety Vest, Mask",None
2026-07-26 17:16:08,CCTV Stream,"Helmet, Safety Vest, Mask",None
2026-07-26 17:16:08,CCTV Stream,"Helmet, Safety Vest, Mask",None
2026-07-26 17:16:08,CCTV Stream,"Helmet, Safety Vest, Mask",None
2026-07-26 17:16:08,CCTV Stream,"Helmet, Safety Vest, Mask",None
2026-07-26 17:16:08,CCTV Stream,"Helmet, Safety Vest, Mask",None
2026-07-26 17:16:08,CCTV Stream,"Helmet, Safety Vest, Mask",None
2026-07-26 17:16:08,CCTV Stream,"Helmet, Safety Vest, Mask",None
2026-07-26 17:16:08,CCTV Stream,"Helmet, Safety Vest, Mask",None
2026-07-26 17:16:08,CCTV Stream,"Helmet, Safety Vest, Mask",None
2026-07-26 17:16:08,CCTV Stream,"Helmet, Safety Vest, Mask",None
2026-07-26 17:16:08,CCTV Stream,"Helmet, Safety Vest, Mask",None
2026-07-26 17:16:08,CCTV Stream,"Helmet, Safety Vest, Mask",None
2026-07-26 17:16:08,CCTV Stream,"Helmet, Safety Vest, Mask",None
2026-07-26 17:16:08,CCTV Stream,"Helmet, Safety Vest, Mask",None
2026-07-26 17:16:09,CCTV Stream,"Helmet, Safety Vest, Mask",None
2026-07-26 17:16:09,CCTV Stream,"Helmet, Safety Vest, Mask",None
2026-07-26 17:16:09,CCTV Stream,"Helmet, Safety Vest, Mask",None
2026-07-26 17:16:09,CCTV Stream,"Helmet, Safety Vest, Mask",None
2026-07-26 17:16:09,CCTV Stream,"Helmet, Safety Vest, Mask",None
2026-07-26 17:16:09,CCTV Stream,"Helmet, Safety Vest, Mask",None
2026-07-26 17:16:09,CCTV Stream,"Helmet, Safety Vest, Mask",None
2026-07-26 17:16:09,CCTV Stream,"Helmet, Safety Vest, Mask",None
2026-07-26 17:16:09,CCTV Stream,"Helmet, Safety Vest, Mask",None
2026-07-26 17:16:09,CCTV Stream,"Helmet, Safety Vest, Mask",None
2026-07-26 17:16:09,CCTV Stream,"Helmet, Safety Vest, Mask",None
2026-07-26 17:16:09,CCTV Stream,"Helmet, Safety Vest, Mask",None
2026-07-26 17:16:09,CCTV Stream,"Helmet, Safety Vest, Mask",None
2026-07-26 17:16:09,CCTV Stream,"Helmet, Safety Vest, Mask",None
2026-07-26 17:16:10,CCTV Stream,"Helmet, Safety Vest, Mask",None
2026-07-26 17:16:10,CCTV Stream,"Helmet, Safety Vest, Mask",None
2026-07-26 17:16:10,CCTV Stream,"Helmet, Safety Vest, Mask",None
2026-07-26 17:16:10,CCTV Stream,"Helmet, Safety Vest, Mask",None
2026-07-26 17:16:10,CCTV Stream,"Helmet, Safety Vest, Mask",None
2026-07-26 17:16:10,CCTV Stream,"Helmet, Safety Vest, Mask",None
2026-07-26 17:16:10,CCTV Stream,"Helmet, Safety Vest, Mask",None
2026-07-26 17:16:10,CCTV Stream,"Helmet, Safety Vest, Mask",None
2026-07-26 17:16:10,CCTV Stream,"Helmet, Safety Vest, Mask",None
2026-07-26 17:16:10,CCTV Stream,"Helmet, Safety Vest, Mask",None
2026-07-26 17:16:10,CCTV Stream,"Helmet, Safety Vest, Mask",None
2026-07-26 17:16:10,CCTV Stream,"Helmet, Safety Vest, Mask",None
2026-07-26 17:16:10,CCTV Stream,"Helmet, Safety Vest, Mask",None
2026-07-26 17:16:10,CCTV Stream,"Helmet, Safety Vest, Mask",None
2026-07-26 17:16:10,CCTV Stream,"Helmet, Safety Vest, Mask",None
2026-07-26 17:16:11,CCTV Stream,"Helmet, Safety Vest, Mask",None
2026-07-26 17:16:11,CCTV Stream,"Helmet, Safety Vest, Mask",None
2026-07-26 17:16:11,CCTV Stream,"Helmet, Safety Vest, Mask",None
2026-07-26 17:16:11,CCTV Stream,"Helmet, Safety Vest, Mask",None
2026-07-26 17:16:11,CCTV Stream,"Helmet, Safety Vest, Mask",None
2026-07-26 17:16:11,CCTV Stream,"Helmet, Safety Vest, Mask",None
2026-07-26 17:16:11,CCTV Stream,"Helmet, Safety Vest, Mask",None
2026-07-26 17:16:11,CCTV Stream,"Helmet, Safety Vest, Mask",None
2026-07-26 17:16:11,CCTV Stream,"Helmet, Safety Vest, Mask",None
2026-07-26 17:16:11,CCTV Stream,"Helmet, Safety Vest, Mask",None
2026-07-26 17:16:11,CCTV Stream,"Helmet, Safety Vest, Mask",None
2026-07-26 17:16:11,CCTV Stream,"Helmet, Safety Vest, Mask",None
2026-07-26 17:16:11,CCTV Stream,"Helmet, Safety Vest, Mask",None
2026-07-26 17:16:11,CCTV Stream,"Helmet, Safety Vest, Mask",None
2026-07-26 17:16:11,CCTV Stream,"Helmet, Safety Vest, Mask",None
2026-07-26 17:18:28,CCTV Stream,Safety Vest,Helmet
2026-07-26 17:18:31,CCTV Stream,Safety Vest,Helmet
2026-07-26 17:18:34,CCTV Stream,Helmet,Safety Vest
2026-07-26 17:18:38,CCTV Stream,Helmet,Safety Vest
2026-07-26 17:18:55,CCTV Stream,Safety Vest,Helmet
2026-07-26 17:18:59,CCTV Stream,Helmet,Safety Vest
2026-07-26 17:19:02,CCTV Stream,Helmet,Safety Vest
2026-07-26 17:19:14,CCTV Stream,Safety Vest,Helmet
2026-07-26 17:19:17,CCTV Stream,Helmet,Safety Vest
2026-07-26 17:19:38,CCTV Stream,Safety Vest,Helmet
2026-07-26 17:19:41,CCTV Stream,Safety Vest,Helmet
2026-07-26 17:19:55,CCTV Stream,Safety Vest,Helmet
2026-07-26 17:19:58,CCTV Stream,Safety Vest,Helmet
2026-07-26 17:20:01,CCTV Stream,Helmet,Safety Vest
2026-07-26 17:20:05,CCTV Stream,Safety Vest,Helmet
2026-07-26 17:20:23,CCTV Stream,Safety Vest,Helmet
2026-07-26 17:20:26,CCTV Stream,Helmet,Safety Vest
2026-07-26 17:20:29,CCTV Stream,Helmet,Safety Vest
2026-07-26 17:20:33,CCTV Stream,"Helmet, Safety Vest",glove
2026-07-26 17:20:41,CCTV Stream,Safety Vest,Helmet
2026-07-26 17:20:45,CCTV Stream,Helmet,Safety Vest
2026-07-26 17:21:05,CCTV Stream,Safety Vest,Helmet
2026-07-26 17:21:08,CCTV Stream,Safety Vest,Helmet
2026-07-26 17:21:22,CCTV Stream,Safety Vest,Helmet
2026-07-26 17:21:25,CCTV Stream,Safety Vest,Helmet
2026-07-26 17:21:28,CCTV Stream,Helmet,Safety Vest
2026-07-26 17:21:32,CCTV Stream,Helmet,Safety Vest
2026-07-26 17:21:50,CCTV Stream,Safety Vest,Helmet
2026-07-26 17:21:53,CCTV Stream,Helmet,Safety Vest
2026-07-26 17:21:56,CCTV Stream,Helmet,Safety Vest
2026-07-26 17:22:00,CCTV Stream,"Helmet, Safety Vest",glove
2026-07-26 17:22:10,CCTV Stream,Helmet,Safety Vest
2026-07-26 17:22:32,CCTV Stream,Safety Vest,Helmet
2026-07-26 17:22:35,CCTV Stream,Safety Vest,Helmet
2026-07-26 17:22:41,CCTV Stream,"Helmet, Safety Vest",glove
2026-07-26 17:22:49,CCTV Stream,Safety Vest,Helmet
2026-07-26 17:22:52,CCTV Stream,Safety Vest,Helmet
2026-07-26 17:22:55,CCTV Stream,Helmet,Safety Vest
2026-07-26 17:22:59,CCTV Stream,Safety Vest,Helmet
2026-07-26 17:23:16,CCTV Stream,Safety Vest,Helmet
2026-07-26 17:23:19,CCTV Stream,Helmet,Safety Vest
2026-07-26 17:23:23,CCTV Stream,Helmet,Safety Vest
2026-07-26 17:23:27,CCTV Stream,"Helmet, Safety Vest",glove
2026-07-26 17:23:36,CCTV Stream,Safety Vest,Helmet
2026-07-26 17:23:39,CCTV Stream,Helmet,Safety Vest
2026-07-26 17:23:59,CCTV Stream,Safety Vest,Helmet
2026-07-26 17:24:02,CCTV Stream,Safety Vest,Helmet
2026-07-26 17:24:08,CCTV Stream,"Helmet, Safety Vest",glove
2026-07-26 17:24:16,CCTV Stream,Safety Vest,Helmet
2026-07-26 17:24:19,CCTV Stream,Safety Vest,Helmet
2026-07-26 17:24:22,CCTV Stream,Helmet,Safety Vest
2026-07-26 17:24:26,CCTV Stream,Helmet,Safety Vest
2026-07-26 17:24:43,CCTV Stream,Safety Vest,Helmet
2026-07-26 17:24:47,CCTV Stream,Helmet,Safety Vest
2026-07-26 17:24:50,CCTV Stream,Helmet,Safety Vest
2026-07-26 17:24:54,CCTV Stream,"Helmet, Safety Vest",glove
2026-07-26 17:25:03,CCTV Stream,Safety Vest,Helmet
2026-07-26 17:25:06,CCTV Stream,Helmet,Safety Vest
2026-07-26 17:25:26,CCTV Stream,Safety Vest,Helmet
2026-07-26 17:25:29,CCTV Stream,Safety Vest,Helmet
2026-07-26 17:25:35,CCTV Stream,"Helmet, Safety Vest",glove
2026-07-26 17:25:43,CCTV Stream,Safety Vest,Helmet
2026-07-26 17:25:46,CCTV Stream,Safety Vest,Helmet
2026-07-26 17:25:49,CCTV Stream,Helmet,Safety Vest
2026-07-26 17:25:53,CCTV Stream,Safety Vest,Helmet
